2025-12-04T10:57:08.901845Z  INFO main ThreadId(01) fenrir::infra::logging::init: file logging initialized log_path=logs/app.log
2025-12-04T10:57:08.901969Z  INFO main ThreadId(01) fenrir::infra::logging::init: db log file prepared log_path=logs/db.log
2025-12-04T10:57:08.975779Z  INFO main ThreadId(01) fenrir::boot::startup: core services registered in registry
2025-12-04T10:57:08.975984Z  INFO main ThreadId(01) fenrir::boot::startup: scheduler service started
2025-12-04T10:57:08.976029Z  INFO tokio-runtime-worker ThreadId(10) fenrir::services::scheduler::service: scheduler heartbeat loop started
2025-12-04T10:57:08.983713Z  INFO                 main ThreadId(01) fenrir::boot::startup: audit log persistence configured path=/opt/fenrir/development/tmp/runtime/audit/fenrir-audit-history.json capacity=2048 retention_hours=24 persist_seconds=30
2025-12-04T10:57:08.986406Z  INFO                 main ThreadId(01) fenrir::infra::modules::runtime::process: loaded 0 module states from disk
2025-12-04T10:57:09.059823Z  INFO                 main ThreadId(01) fenrir::infra::http::server: HTTP control-plane authentication via identity broker with static token fallback
2025-12-04T10:57:09.059901Z  INFO                 main ThreadId(01) fenrir::boot::startup: boot complete app=fenrir version=0.1.4
2025-12-04T10:57:09.060200Z  INFO                 main ThreadId(01) fenrir::infra::db::connector: db connector ipc socket ready path=/opt/fenrir/development/tmp/ipc/db-connector.sock
2025-12-04T10:57:09.060231Z  INFO tokio-runtime-worker ThreadId(13) fenrir::infra::db::connector: db connector task started task="db-connector-ipc"
2025-12-04T10:57:09.060593Z  WARN                 main ThreadId(01) fenrir::infra::modules::storage: Skipping hidden module entry path=/Users/jfurocket/Documents/personal/modules/.fenrir-backups name=".fenrir-backups"
2025-12-04T10:57:09.060724Z  WARN                 main ThreadId(01) fenrir::infra::modules::storage: Skipping hidden module entry path=/Users/jfurocket/Documents/personal/modules/.cache name=".cache"
2025-12-04T10:57:09.074023Z  INFO                 main ThreadId(01) fenrir::infra::modules::runtime::process: module process started module_id=fenrir-api pid=59011 port=Some(41002)
2025-12-04T10:57:09.074565Z  INFO                 main ThreadId(01) fenrir::services::module::runtime: module started successfully module_id=fenrir-api pid=Some(59011) port=Some(41002)
2025-12-04T10:57:09.305478Z  INFO                 main ThreadId(01) fenrir::infra::modules::runtime::process: module process started module_id=notification-hub pid=59012 port=Some(41001)
2025-12-04T10:57:09.306256Z  INFO                 main ThreadId(01) fenrir::services::module::runtime: module started successfully module_id=notification-hub pid=Some(59012) port=Some(41001)
2025-12-04T10:57:09.520164Z  INFO                 main ThreadId(01) fenrir::boot::transports: transport initialisation triggered
2025-12-04T10:57:09.520164Z  INFO tokio-runtime-worker ThreadId(11) fenrir::boot::transports: ssh server task spawned
2025-12-04T10:57:09.521337Z  INFO tokio-runtime-worker ThreadId(09) fenrir::infra::http::server: HTTP server task spawned
2025-12-04T10:57:09.521473Z  INFO tokio-runtime-worker ThreadId(11) fenrir::infra::ssh::server: starting SSH server host=127.0.0.1 port=2222
2025-12-04T10:57:11.956959Z  INFO tokio-runtime-worker ThreadId(17) thrussh::server::encrypted: pty-req: unknown pty code 42
2025-12-04T10:57:13.429496Z  WARN tokio-runtime-worker ThreadId(09) fenrir::infra::modules::storage: Skipping hidden module entry path=/Users/jfurocket/Documents/personal/modules/.fenrir-backups name=".fenrir-backups"
2025-12-04T10:57:13.429834Z  WARN tokio-runtime-worker ThreadId(09) fenrir::infra::modules::storage: Skipping hidden module entry path=/Users/jfurocket/Documents/personal/modules/.cache name=".cache"
2025-12-04T10:57:14.594789Z  WARN tokio-runtime-worker ThreadId(17) fenrir::infra::modules::storage: Skipping hidden module entry path=/Users/jfurocket/Documents/personal/modules/.fenrir-backups name=".fenrir-backups"
2025-12-04T10:57:14.699949Z  WARN tokio-runtime-worker ThreadId(10) fenrir::infra::modules::storage: Skipping hidden module entry path=/Users/jfurocket/Documents/personal/modules/.fenrir-backups name=".fenrir-backups"
2025-12-04T10:57:14.700461Z  WARN tokio-runtime-worker ThreadId(10) fenrir::infra::modules::storage: Skipping hidden module entry path=/Users/jfurocket/Documents/personal/modules/.cache name=".cache"
2025-12-04T10:57:20.701990Z  WARN tokio-runtime-worker ThreadId(15) fenrir::infra::modules::storage: Skipping hidden module entry path=/Users/jfurocket/Documents/personal/modules/.fenrir-backups name=".fenrir-backups"
2025-12-04T10:57:20.702604Z  WARN tokio-runtime-worker ThreadId(10) fenrir::infra::modules::storage: Skipping hidden module entry path=/Users/jfurocket/Documents/personal/modules/.cache name=".cache"
2025-12-04T10:57:20.733256Z  WARN tokio-runtime-worker ThreadId(10) fenrir::infra::modules::storage: Skipping hidden module entry path=/Users/jfurocket/Documents/personal/modules/.fenrir-backups name=".fenrir-backups"
2025-12-04T10:57:20.733707Z  WARN tokio-runtime-worker ThreadId(10) fenrir::infra::modules::storage: Skipping hidden module entry path=/Users/jfurocket/Documents/personal/modules/.cache name=".cache"
2025-12-04T10:57:30.902600Z  WARN tokio-runtime-worker ThreadId(17) fenrir::infra::modules::storage: Skipping hidden module entry path=/Users/jfurocket/Documents/personal/modules/.fenrir-backups name=".fenrir-backups"
2025-12-04T10:57:30.903580Z  WARN tokio-runtime-worker ThreadId(17) fenrir::infra::modules::storage: Skipping hidden module entry path=/Users/jfurocket/Documents/personal/modules/.cache name=".cache"
2025-12-04T10:57:30.969161Z  WARN tokio-runtime-worker ThreadId(09) fenrir::infra::modules::storage: Skipping hidden module entry path=/Users/jfurocket/Documents/personal/modules/.fenrir-backups name=".fenrir-backups"
2025-12-04T10:57:30.970176Z  WARN tokio-runtime-worker ThreadId(09) fenrir::infra::modules::storage: Skipping hidden module entry path=/Users/jfurocket/Documents/personal/modules/.cache name=".cache"
2025-12-04T10:57:32.526191Z  WARN tokio-runtime-worker ThreadId(09) fenrir::infra::modules::storage: Skipping hidden module entry path=/Users/jfurocket/Documents/personal/modules/.fenrir-backups name=".fenrir-backups"
2025-12-04T10:57:32.527561Z  WARN tokio-runtime-worker ThreadId(09) fenrir::infra::modules::storage: Skipping hidden module entry path=/Users/jfurocket/Documents/personal/modules/.cache name=".cache"
2025-12-04T10:57:32.588465Z  WARN tokio-runtime-worker ThreadId(10) fenrir::infra::modules::storage: Skipping hidden module entry path=/Users/jfurocket/Documents/personal/modules/.fenrir-backups name=".fenrir-backups"
2025-12-04T10:57:32.589142Z  WARN tokio-runtime-worker ThreadId(10) fenrir::infra::modules::storage: Skipping hidden module entry path=/Users/jfurocket/Documents/personal/modules/.cache name=".cache"
2025-12-04T10:57:33.637274Z  WARN tokio-runtime-worker ThreadId(15) fenrir::infra::modules::storage: Skipping hidden module entry path=/Users/jfurocket/Documents/personal/modules/.fenrir-backups name=".fenrir-backups"
2025-12-04T10:57:33.637935Z  WARN tokio-runtime-worker ThreadId(17) fenrir::infra::modules::storage: Skipping hidden module entry path=/Users/jfurocket/Documents/personal/modules/.cache name=".cache"
2025-12-04T10:57:33.707177Z  WARN tokio-runtime-worker ThreadId(09) fenrir::infra::modules::storage: Skipping hidden module entry path=/Users/jfurocket/Documents/personal/modules/.fenrir-backups name=".fenrir-backups"
2025-12-04T10:57:33.707675Z  WARN tokio-runtime-worker ThreadId(09) fenrir::infra::modules::storage: Skipping hidden module entry path=/Users/jfurocket/Documents/personal/modules/.cache name=".cache"
2025-12-04T10:57:34.571459Z  WARN tokio-runtime-worker ThreadId(09) fenrir::infra::modules::storage: Skipping hidden module entry path=/Users/jfurocket/Documents/personal/modules/.fenrir-backups name=".fenrir-backups"
2025-12-04T10:57:34.572175Z  WARN tokio-runtime-worker ThreadId(09) fenrir::infra::modules::storage: Skipping hidden module entry path=/Users/jfurocket/Documents/personal/modules/.cache name=".cache"
2025-12-04T10:57:34.620088Z  WARN tokio-runtime-worker ThreadId(17) fenrir::infra::modules::storage: Skipping hidden module entry path=/Users/jfurocket/Documents/personal/modules/.fenrir-backups name=".fenrir-backups"
2025-12-04T10:57:34.620748Z  WARN tokio-runtime-worker ThreadId(17) fenrir::infra::modules::storage: Skipping hidden module entry path=/Users/jfurocket/Documents/personal/modules/.cache name=".cache"
2025-12-04T10:57:35.540907Z  WARN tokio-runtime-worker ThreadId(15) fenrir::infra::modules::storage: Skipping hidden module entry path=/Users/jfurocket/Documents/personal/modules/.fenrir-backups name=".fenrir-backups"
2025-12-04T10:57:35.541350Z  WARN tokio-runtime-worker ThreadId(15) fenrir::infra::modules::storage: Skipping hidden module entry path=/Users/jfurocket/Documents/personal/modules/.cache name=".cache"
2025-12-04T10:57:36.362522Z  WARN tokio-runtime-worker ThreadId(09) fenrir::infra::modules::storage: Skipping hidden module entry path=/Users/jfurocket/Documents/personal/modules/.fenrir-backups name=".fenrir-backups"
2025-12-04T10:57:36.363159Z  WARN tokio-runtime-worker ThreadId(11) fenrir::infra::modules::storage: Skipping hidden module entry path=/Users/jfurocket/Documents/personal/modules/.cache name=".cache"
2025-12-04T10:57:37.080528Z  WARN tokio-runtime-worker ThreadId(09) fenrir::infra::modules::storage: Skipping hidden module entry path=/Users/jfurocket/Documents/personal/modules/.fenrir-backups name=".fenrir-backups"
2025-12-04T10:57:37.081311Z  WARN tokio-runtime-worker ThreadId(09) fenrir::infra::modules::storage: Skipping hidden module entry path=/Users/jfurocket/Documents/personal/modules/.cache name=".cache"
2025-12-04T10:57:37.148936Z  WARN tokio-runtime-worker ThreadId(11) fenrir::infra::modules::storage: Skipping hidden module entry path=/Users/jfurocket/Documents/personal/modules/.fenrir-backups name=".fenrir-backups"
2025-12-04T10:57:37.149431Z  WARN tokio-runtime-worker ThreadId(11) fenrir::infra::modules::storage: Skipping hidden module entry path=/Users/jfurocket/Documents/personal/modules/.cache name=".cache"
2025-12-04T10:57:37.864980Z  WARN tokio-runtime-worker ThreadId(15) fenrir::infra::modules::storage: Skipping hidden module entry path=/Users/jfurocket/Documents/personal/modules/.fenrir-backups name=".fenrir-backups"
2025-12-04T10:57:37.866315Z  WARN tokio-runtime-worker ThreadId(10) fenrir::infra::modules::storage: Skipping hidden module entry path=/Users/jfurocket/Documents/personal/modules/.cache name=".cache"
2025-12-04T10:57:37.937365Z  WARN tokio-runtime-worker ThreadId(10) fenrir::infra::modules::storage: Skipping hidden module entry path=/Users/jfurocket/Documents/personal/modules/.fenrir-backups name=".fenrir-backups"
2025-12-04T10:57:37.937877Z  WARN tokio-runtime-worker ThreadId(10) fenrir::infra::modules::storage: Skipping hidden module entry path=/Users/jfurocket/Documents/personal/modules/.cache name=".cache"
2025-12-04T10:57:38.637486Z  WARN tokio-runtime-worker ThreadId(15) fenrir::infra::modules::storage: Skipping hidden module entry path=/Users/jfurocket/Documents/personal/modules/.fenrir-backups name=".fenrir-backups"
2025-12-04T10:57:38.638370Z  WARN tokio-runtime-worker ThreadId(15) fenrir::infra::modules::storage: Skipping hidden module entry path=/Users/jfurocket/Documents/personal/modules/.cache name=".cache"
2025-12-04T10:57:38.712090Z  WARN tokio-runtime-worker ThreadId(15) fenrir::infra::modules::storage: Skipping hidden module entry path=/Users/jfurocket/Documents/personal/modules/.fenrir-backups name=".fenrir-backups"
2025-12-04T10:57:38.712788Z  WARN tokio-runtime-worker ThreadId(15) fenrir::infra::modules::storage: Skipping hidden module entry path=/Users/jfurocket/Documents/personal/modules/.cache name=".cache"
2025-12-04T10:57:39.379303Z  WARN tokio-runtime-worker ThreadId(09) fenrir::infra::modules::storage: Skipping hidden module entry path=/Users/jfurocket/Documents/personal/modules/.fenrir-backups name=".fenrir-backups"
2025-12-04T10:57:39.379994Z  WARN tokio-runtime-worker ThreadId(09) fenrir::infra::modules::storage: Skipping hidden module entry path=/Users/jfurocket/Documents/personal/modules/.cache name=".cache"
2025-12-04T10:57:39.459843Z  WARN tokio-runtime-worker ThreadId(10) fenrir::infra::modules::storage: Skipping hidden module entry path=/Users/jfurocket/Documents/personal/modules/.fenrir-backups name=".fenrir-backups"
2025-12-04T10:57:39.461492Z  WARN tokio-runtime-worker ThreadId(10) fenrir::infra::modules::storage: Skipping hidden module entry path=/Users/jfurocket/Documents/personal/modules/.cache name=".cache"
2025-12-04T10:57:40.166725Z  WARN tokio-runtime-worker ThreadId(11) fenrir::infra::modules::storage: Skipping hidden module entry path=/Users/jfurocket/Documents/personal/modules/.fenrir-backups name=".fenrir-backups"
2025-12-04T10:57:40.167467Z  WARN tokio-runtime-worker ThreadId(11) fenrir::infra::modules::storage: Skipping hidden module entry path=/Users/jfurocket/Documents/personal/modules/.cache name=".cache"
2025-12-04T10:57:40.259482Z  WARN tokio-runtime-worker ThreadId(10) fenrir::infra::modules::storage: Skipping hidden module entry path=/Users/jfurocket/Documents/personal/modules/.fenrir-backups name=".fenrir-backups"
2025-12-04T10:57:40.260254Z  WARN tokio-runtime-worker ThreadId(10) fenrir::infra::modules::storage: Skipping hidden module entry path=/Users/jfurocket/Documents/personal/modules/.cache name=".cache"
2025-12-04T10:57:41.255295Z  WARN tokio-runtime-worker ThreadId(17) fenrir::infra::modules::storage: Skipping hidden module entry path=/Users/jfurocket/Documents/personal/modules/.fenrir-backups name=".fenrir-backups"
2025-12-04T10:57:41.255820Z  WARN tokio-runtime-worker ThreadId(17) fenrir::infra::modules::storage: Skipping hidden module entry path=/Users/jfurocket/Documents/personal/modules/.cache name=".cache"
2025-12-04T10:57:41.326404Z  WARN tokio-runtime-worker ThreadId(11) fenrir::infra::modules::storage: Skipping hidden module entry path=/Users/jfurocket/Documents/personal/modules/.fenrir-backups name=".fenrir-backups"
2025-12-04T10:57:41.327132Z  WARN tokio-runtime-worker ThreadId(11) fenrir::infra::modules::storage: Skipping hidden module entry path=/Users/jfurocket/Documents/personal/modules/.cache name=".cache"
2025-12-04T10:57:42.407183Z  WARN tokio-runtime-worker ThreadId(17) fenrir::infra::modules::storage: Skipping hidden module entry path=/Users/jfurocket/Documents/personal/modules/.fenrir-backups name=".fenrir-backups"
2025-12-04T10:57:42.408040Z  WARN tokio-runtime-worker ThreadId(11) fenrir::infra::modules::storage: Skipping hidden module entry path=/Users/jfurocket/Documents/personal/modules/.cache name=".cache"
2025-12-04T10:57:42.474190Z  WARN tokio-runtime-worker ThreadId(15) fenrir::infra::modules::storage: Skipping hidden module entry path=/Users/jfurocket/Documents/personal/modules/.fenrir-backups name=".fenrir-backups"
2025-12-04T10:57:42.474969Z  WARN tokio-runtime-worker ThreadId(15) fenrir::infra::modules::storage: Skipping hidden module entry path=/Users/jfurocket/Documents/personal/modules/.cache name=".cache"
2025-12-04T10:57:43.420582Z  WARN tokio-runtime-worker ThreadId(09) fenrir::infra::modules::storage: Skipping hidden module entry path=/Users/jfurocket/Documents/personal/modules/.fenrir-backups name=".fenrir-backups"
2025-12-04T10:57:43.421130Z  WARN tokio-runtime-worker ThreadId(09) fenrir::infra::modules::storage: Skipping hidden module entry path=/Users/jfurocket/Documents/personal/modules/.cache name=".cache"
2025-12-04T10:57:44.362867Z  WARN tokio-runtime-worker ThreadId(15) fenrir::infra::modules::storage: Skipping hidden module entry path=/Users/jfurocket/Documents/personal/modules/.fenrir-backups name=".fenrir-backups"
2025-12-04T10:57:44.363155Z  WARN tokio-runtime-worker ThreadId(15) fenrir::infra::modules::storage: Skipping hidden module entry path=/Users/jfurocket/Documents/personal/modules/.cache name=".cache"
2025-12-04T10:57:45.214288Z  WARN tokio-runtime-worker ThreadId(09) fenrir::infra::modules::storage: Skipping hidden module entry path=/Users/jfurocket/Documents/personal/modules/.fenrir-backups name=".fenrir-backups"
2025-12-04T10:57:45.214641Z  WARN tokio-runtime-worker ThreadId(10) fenrir::infra::modules::storage: Skipping hidden module entry path=/Users/jfurocket/Documents/personal/modules/.cache name=".cache"
2025-12-04T10:57:45.262042Z  WARN tokio-runtime-worker ThreadId(10) fenrir::infra::modules::storage: Skipping hidden module entry path=/Users/jfurocket/Documents/personal/modules/.fenrir-backups name=".fenrir-backups"
2025-12-04T10:57:45.262563Z  WARN tokio-runtime-worker ThreadId(10) fenrir::infra::modules::storage: Skipping hidden module entry path=/Users/jfurocket/Documents/personal/modules/.cache name=".cache"
2025-12-04T10:57:45.968854Z  WARN tokio-runtime-worker ThreadId(15) fenrir::infra::modules::storage: Skipping hidden module entry path=/Users/jfurocket/Documents/personal/modules/.fenrir-backups name=".fenrir-backups"
2025-12-04T10:57:45.970140Z  WARN tokio-runtime-worker ThreadId(15) fenrir::infra::modules::storage: Skipping hidden module entry path=/Users/jfurocket/Documents/personal/modules/.cache name=".cache"
2025-12-04T10:57:46.044190Z  WARN tokio-runtime-worker ThreadId(17) fenrir::infra::modules::storage: Skipping hidden module entry path=/Users/jfurocket/Documents/personal/modules/.fenrir-backups name=".fenrir-backups"
2025-12-04T10:57:46.045072Z  WARN tokio-runtime-worker ThreadId(15) fenrir::infra::modules::storage: Skipping hidden module entry path=/Users/jfurocket/Documents/personal/modules/.cache name=".cache"
2025-12-04T10:57:46.761252Z  WARN tokio-runtime-worker ThreadId(09) fenrir::infra::modules::storage: Skipping hidden module entry path=/Users/jfurocket/Documents/personal/modules/.fenrir-backups name=".fenrir-backups"
2025-12-04T10:57:46.762409Z  WARN tokio-runtime-worker ThreadId(09) fenrir::infra::modules::storage: Skipping hidden module entry path=/Users/jfurocket/Documents/personal/modules/.cache name=".cache"
2025-12-04T10:57:46.833370Z  WARN tokio-runtime-worker ThreadId(11) fenrir::infra::modules::storage: Skipping hidden module entry path=/Users/jfurocket/Documents/personal/modules/.fenrir-backups name=".fenrir-backups"
2025-12-04T10:57:46.833847Z  WARN tokio-runtime-worker ThreadId(15) fenrir::infra::modules::storage: Skipping hidden module entry path=/Users/jfurocket/Documents/personal/modules/.cache name=".cache"
2025-12-04T10:57:47.579079Z  WARN tokio-runtime-worker ThreadId(10) fenrir::infra::modules::storage: Skipping hidden module entry path=/Users/jfurocket/Documents/personal/modules/.fenrir-backups name=".fenrir-backups"
2025-12-04T10:57:47.579637Z  WARN tokio-runtime-worker ThreadId(10) fenrir::infra::modules::storage: Skipping hidden module entry path=/Users/jfurocket/Documents/personal/modules/.cache name=".cache"
2025-12-04T10:57:48.348682Z  WARN tokio-runtime-worker ThreadId(24) fenrir::infra::modules::storage: Skipping hidden module entry path=/Users/jfurocket/Documents/personal/modules/.fenrir-backups name=".fenrir-backups"
2025-12-04T10:57:48.349272Z  WARN tokio-runtime-worker ThreadId(24) fenrir::infra::modules::storage: Skipping hidden module entry path=/Users/jfurocket/Documents/personal/modules/.cache name=".cache"
2025-12-04T10:57:51.105680Z  WARN tokio-runtime-worker ThreadId(24) fenrir::infra::modules::storage: Skipping hidden module entry path=/Users/jfurocket/Documents/personal/modules/.fenrir-backups name=".fenrir-backups"
2025-12-04T10:57:51.106429Z  WARN tokio-runtime-worker ThreadId(24) fenrir::infra::modules::storage: Skipping hidden module entry path=/Users/jfurocket/Documents/personal/modules/.cache name=".cache"
2025-12-04T10:57:52.277109Z  WARN tokio-runtime-worker ThreadId(17) fenrir::infra::modules::storage: Skipping hidden module entry path=/Users/jfurocket/Documents/personal/modules/.fenrir-backups name=".fenrir-backups"
2025-12-04T10:57:52.278201Z  WARN tokio-runtime-worker ThreadId(17) fenrir::infra::modules::storage: Skipping hidden module entry path=/Users/jfurocket/Documents/personal/modules/.cache name=".cache"
2025-12-04T10:57:52.349442Z  WARN tokio-runtime-worker ThreadId(24) fenrir::infra::modules::storage: Skipping hidden module entry path=/Users/jfurocket/Documents/personal/modules/.fenrir-backups name=".fenrir-backups"
2025-12-04T10:57:52.350015Z  WARN tokio-runtime-worker ThreadId(24) fenrir::infra::modules::storage: Skipping hidden module entry path=/Users/jfurocket/Documents/personal/modules/.cache name=".cache"
2025-12-04T10:58:07.420819Z  WARN tokio-runtime-worker ThreadId(17) fenrir::infra::modules::storage: Skipping hidden module entry path=/Users/jfurocket/Documents/personal/modules/.fenrir-backups name=".fenrir-backups"
2025-12-04T10:58:07.421751Z  WARN tokio-runtime-worker ThreadId(17) fenrir::infra::modules::storage: Skipping hidden module entry path=/Users/jfurocket/Documents/personal/modules/.cache name=".cache"
2025-12-04T10:58:08.695465Z  WARN tokio-runtime-worker ThreadId(10) fenrir::infra::modules::storage: Skipping hidden module entry path=/Users/jfurocket/Documents/personal/modules/.fenrir-backups name=".fenrir-backups"
2025-12-04T10:58:08.695904Z  WARN tokio-runtime-worker ThreadId(10) fenrir::infra::modules::storage: Skipping hidden module entry path=/Users/jfurocket/Documents/personal/modules/.cache name=".cache"
2025-12-04T10:58:08.742229Z  WARN tokio-runtime-worker ThreadId(27) fenrir::infra::modules::storage: Skipping hidden module entry path=/Users/jfurocket/Documents/personal/modules/.fenrir-backups name=".fenrir-backups"
2025-12-04T10:58:08.742667Z  WARN tokio-runtime-worker ThreadId(27) fenrir::infra::modules::storage: Skipping hidden module entry path=/Users/jfurocket/Documents/personal/modules/.cache name=".cache"
2025-12-04T10:58:23.799797Z  WARN tokio-runtime-worker ThreadId(17) fenrir::infra::modules::storage: Skipping hidden module entry path=/Users/jfurocket/Documents/personal/modules/.fenrir-backups name=".fenrir-backups"
2025-12-04T10:58:23.800221Z  WARN tokio-runtime-worker ThreadId(17) fenrir::infra::modules::storage: Skipping hidden module entry path=/Users/jfurocket/Documents/personal/modules/.cache name=".cache"
2025-12-04T10:58:38.174334Z  WARN tokio-runtime-worker ThreadId(15) fenrir::infra::modules::storage: Skipping hidden module entry path=/Users/jfurocket/Documents/personal/modules/.fenrir-backups name=".fenrir-backups"
2025-12-04T10:58:38.175175Z  WARN tokio-runtime-worker ThreadId(15) fenrir::infra::modules::storage: Skipping hidden module entry path=/Users/jfurocket/Documents/personal/modules/.cache name=".cache"
2025-12-04T10:58:38.792904Z  WARN tokio-runtime-worker ThreadId(27) fenrir::infra::modules::storage: Skipping hidden module entry path=/Users/jfurocket/Documents/personal/modules/.fenrir-backups name=".fenrir-backups"
2025-12-04T10:58:38.793239Z  WARN tokio-runtime-worker ThreadId(27) fenrir::infra::modules::storage: Skipping hidden module entry path=/Users/jfurocket/Documents/personal/modules/.cache name=".cache"
2025-12-04T10:58:53.802193Z  WARN tokio-runtime-worker ThreadId(10) fenrir::infra::modules::storage: Skipping hidden module entry path=/Users/jfurocket/Documents/personal/modules/.fenrir-backups name=".fenrir-backups"
2025-12-04T10:58:53.802966Z  WARN tokio-runtime-worker ThreadId(10) fenrir::infra::modules::storage: Skipping hidden module entry path=/Users/jfurocket/Documents/personal/modules/.cache name=".cache"
2025-12-04T10:58:58.801059Z  WARN ThreadId(38) fenrir::infra::modules::storage: Skipping hidden module entry path=/Users/jfurocket/Documents/personal/modules/.fenrir-backups name=".fenrir-backups"
2025-12-04T10:58:58.801800Z  WARN ThreadId(38) fenrir::infra::modules::storage: Skipping hidden module entry path=/Users/jfurocket/Documents/personal/modules/.cache name=".cache"
2025-12-04T10:59:00.718368Z  INFO tokio-runtime-worker ThreadId(27) fenrir::infra::modules::runtime::process: module stopped module_id=fenrir-api pid=59011
2025-12-04T10:59:00.738873Z  INFO tokio-runtime-worker ThreadId(10) fenrir::services::module::dev: activating module dev service override module=fenrir-api services=1
2025-12-04T10:59:06.893476Z  WARN tokio-runtime-worker ThreadId(15) fenrir::infra::modules::storage: Skipping hidden module entry path=/Users/jfurocket/Documents/personal/modules/.fenrir-backups name=".fenrir-backups"
2025-12-04T10:59:06.894186Z  WARN tokio-runtime-worker ThreadId(15) fenrir::infra::modules::storage: Skipping hidden module entry path=/Users/jfurocket/Documents/personal/modules/.cache name=".cache"
2025-12-04T10:59:08.141530Z  WARN tokio-runtime-worker ThreadId(10) fenrir::infra::modules::storage: Skipping hidden module entry path=/Users/jfurocket/Documents/personal/modules/.fenrir-backups name=".fenrir-backups"
2025-12-04T10:59:08.142341Z  WARN tokio-runtime-worker ThreadId(17) fenrir::infra::modules::storage: Skipping hidden module entry path=/Users/jfurocket/Documents/personal/modules/.cache name=".cache"
2025-12-04T10:59:08.194593Z  WARN tokio-runtime-worker ThreadId(09) fenrir::infra::modules::storage: Skipping hidden module entry path=/Users/jfurocket/Documents/personal/modules/.fenrir-backups name=".fenrir-backups"
2025-12-04T10:59:08.195072Z  WARN tokio-runtime-worker ThreadId(09) fenrir::infra::modules::storage: Skipping hidden module entry path=/Users/jfurocket/Documents/personal/modules/.cache name=".cache"
2025-12-04T10:59:23.269358Z  WARN tokio-runtime-worker ThreadId(09) fenrir::infra::modules::storage: Skipping hidden module entry path=/Users/jfurocket/Documents/personal/modules/.fenrir-backups name=".fenrir-backups"
2025-12-04T10:59:23.270921Z  WARN tokio-runtime-worker ThreadId(09) fenrir::infra::modules::storage: Skipping hidden module entry path=/Users/jfurocket/Documents/personal/modules/.cache name=".cache"
2025-12-04T10:59:38.268193Z  WARN tokio-runtime-worker ThreadId(10) fenrir::infra::modules::storage: Skipping hidden module entry path=/Users/jfurocket/Documents/personal/modules/.fenrir-backups name=".fenrir-backups"
2025-12-04T10:59:38.269617Z  WARN tokio-runtime-worker ThreadId(10) fenrir::infra::modules::storage: Skipping hidden module entry path=/Users/jfurocket/Documents/personal/modules/.cache name=".cache"
2025-12-04T10:59:53.274385Z  WARN tokio-runtime-worker ThreadId(10) fenrir::infra::modules::storage: Skipping hidden module entry path=/Users/jfurocket/Documents/personal/modules/.fenrir-backups name=".fenrir-backups"
2025-12-04T10:59:53.276095Z  WARN tokio-runtime-worker ThreadId(10) fenrir::infra::modules::storage: Skipping hidden module entry path=/Users/jfurocket/Documents/personal/modules/.cache name=".cache"
2025-12-04T11:00:04.893249Z  WARN tokio-runtime-worker ThreadId(17) fenrir::infra::modules::storage: Skipping hidden module entry path=/Users/jfurocket/Documents/personal/modules/.fenrir-backups name=".fenrir-backups"
2025-12-04T11:00:04.894810Z  WARN tokio-runtime-worker ThreadId(17) fenrir::infra::modules::storage: Skipping hidden module entry path=/Users/jfurocket/Documents/personal/modules/.cache name=".cache"
2025-12-04T11:00:09.989461Z  WARN tokio-runtime-worker ThreadId(09) fenrir::infra::modules::storage: Skipping hidden module entry path=/Users/jfurocket/Documents/personal/modules/.fenrir-backups name=".fenrir-backups"
2025-12-04T11:00:09.990080Z  WARN tokio-runtime-worker ThreadId(09) fenrir::infra::modules::storage: Skipping hidden module entry path=/Users/jfurocket/Documents/personal/modules/.cache name=".cache"
2025-12-04T11:00:10.050026Z  WARN tokio-runtime-worker ThreadId(15) fenrir::infra::modules::storage: Skipping hidden module entry path=/Users/jfurocket/Documents/personal/modules/.fenrir-backups name=".fenrir-backups"
2025-12-04T11:00:10.050608Z  WARN tokio-runtime-worker ThreadId(15) fenrir::infra::modules::storage: Skipping hidden module entry path=/Users/jfurocket/Documents/personal/modules/.cache name=".cache"
2025-12-04T11:00:13.316228Z  WARN tokio-runtime-worker ThreadId(27) fenrir::infra::modules::storage: Skipping hidden module entry path=/Users/jfurocket/Documents/personal/modules/.fenrir-backups name=".fenrir-backups"
2025-12-04T11:00:13.316698Z  WARN tokio-runtime-worker ThreadId(27) fenrir::infra::modules::storage: Skipping hidden module entry path=/Users/jfurocket/Documents/personal/modules/.cache name=".cache"
2025-12-04T11:00:13.378509Z  WARN tokio-runtime-worker ThreadId(10) fenrir::infra::modules::storage: Skipping hidden module entry path=/Users/jfurocket/Documents/personal/modules/.fenrir-backups name=".fenrir-backups"
2025-12-04T11:00:13.379067Z  WARN tokio-runtime-worker ThreadId(10) fenrir::infra::modules::storage: Skipping hidden module entry path=/Users/jfurocket/Documents/personal/modules/.cache name=".cache"
2025-12-04T11:00:26.578314Z  WARN tokio-runtime-worker ThreadId(27) fenrir::infra::modules::storage: Skipping hidden module entry path=/Users/jfurocket/Documents/personal/modules/.fenrir-backups name=".fenrir-backups"
2025-12-04T11:00:26.580425Z  WARN tokio-runtime-worker ThreadId(27) fenrir::infra::modules::storage: Skipping hidden module entry path=/Users/jfurocket/Documents/personal/modules/.cache name=".cache"
2025-12-04T11:00:27.814860Z  WARN tokio-runtime-worker ThreadId(27) fenrir::infra::modules::storage: Skipping hidden module entry path=/Users/jfurocket/Documents/personal/modules/.fenrir-backups name=".fenrir-backups"
2025-12-04T11:00:27.815375Z  WARN tokio-runtime-worker ThreadId(27) fenrir::infra::modules::storage: Skipping hidden module entry path=/Users/jfurocket/Documents/personal/modules/.cache name=".cache"
2025-12-04T11:00:27.852259Z  WARN tokio-runtime-worker ThreadId(10) fenrir::infra::modules::storage: Skipping hidden module entry path=/Users/jfurocket/Documents/personal/modules/.fenrir-backups name=".fenrir-backups"
2025-12-04T11:00:27.852595Z  WARN tokio-runtime-worker ThreadId(10) fenrir::infra::modules::storage: Skipping hidden module entry path=/Users/jfurocket/Documents/personal/modules/.cache name=".cache"
2025-12-04T11:00:29.344777Z  WARN tokio-runtime-worker ThreadId(09) fenrir::infra::modules::storage: Skipping hidden module entry path=/Users/jfurocket/Documents/personal/modules/.fenrir-backups name=".fenrir-backups"
2025-12-04T11:00:29.345871Z  WARN tokio-runtime-worker ThreadId(09) fenrir::infra::modules::storage: Skipping hidden module entry path=/Users/jfurocket/Documents/personal/modules/.cache name=".cache"
2025-12-04T11:00:30.262814Z  WARN tokio-runtime-worker ThreadId(15) fenrir::infra::modules::storage: Skipping hidden module entry path=/Users/jfurocket/Documents/personal/modules/.fenrir-backups name=".fenrir-backups"
2025-12-04T11:00:30.263249Z  WARN tokio-runtime-worker ThreadId(15) fenrir::infra::modules::storage: Skipping hidden module entry path=/Users/jfurocket/Documents/personal/modules/.cache name=".cache"
2025-12-04T11:00:31.024278Z  WARN tokio-runtime-worker ThreadId(10) fenrir::infra::modules::storage: Skipping hidden module entry path=/Users/jfurocket/Documents/personal/modules/.fenrir-backups name=".fenrir-backups"
2025-12-04T11:00:31.025861Z  WARN tokio-runtime-worker ThreadId(27) fenrir::infra::modules::storage: Skipping hidden module entry path=/Users/jfurocket/Documents/personal/modules/.cache name=".cache"
2025-12-04T11:00:31.174810Z  WARN tokio-runtime-worker ThreadId(15) fenrir::infra::modules::storage: Skipping hidden module entry path=/Users/jfurocket/Documents/personal/modules/.fenrir-backups name=".fenrir-backups"
2025-12-04T11:00:31.175165Z  WARN tokio-runtime-worker ThreadId(15) fenrir::infra::modules::storage: Skipping hidden module entry path=/Users/jfurocket/Documents/personal/modules/.cache name=".cache"
2025-12-04T11:00:38.908247Z  WARN tokio-runtime-worker ThreadId(10) fenrir::infra::modules::storage: Skipping hidden module entry path=/Users/jfurocket/Documents/personal/modules/.fenrir-backups name=".fenrir-backups"
2025-12-04T11:00:38.909404Z  WARN tokio-runtime-worker ThreadId(09) fenrir::infra::modules::storage: Skipping hidden module entry path=/Users/jfurocket/Documents/personal/modules/.cache name=".cache"
2025-12-04T11:00:38.950311Z  WARN tokio-runtime-worker ThreadId(09) fenrir::infra::modules::storage: Skipping hidden module entry path=/Users/jfurocket/Documents/personal/modules/.fenrir-backups name=".fenrir-backups"
2025-12-04T11:00:38.951285Z  WARN tokio-runtime-worker ThreadId(09) fenrir::infra::modules::storage: Skipping hidden module entry path=/Users/jfurocket/Documents/personal/modules/.cache name=".cache"
2025-12-04T11:00:40.710748Z  WARN tokio-runtime-worker ThreadId(09) fenrir::infra::modules::storage: Skipping hidden module entry path=/Users/jfurocket/Documents/personal/modules/.fenrir-backups name=".fenrir-backups"
2025-12-04T11:00:40.711598Z  WARN tokio-runtime-worker ThreadId(09) fenrir::infra::modules::storage: Skipping hidden module entry path=/Users/jfurocket/Documents/personal/modules/.cache name=".cache"
2025-12-04T11:00:42.413170Z  WARN tokio-runtime-worker ThreadId(15) fenrir::infra::modules::storage: Skipping hidden module entry path=/Users/jfurocket/Documents/personal/modules/.fenrir-backups name=".fenrir-backups"
2025-12-04T11:00:42.413532Z  WARN tokio-runtime-worker ThreadId(15) fenrir::infra::modules::storage: Skipping hidden module entry path=/Users/jfurocket/Documents/personal/modules/.cache name=".cache"
2025-12-04T11:00:44.063796Z  WARN tokio-runtime-worker ThreadId(09) fenrir::infra::modules::storage: Skipping hidden module entry path=/Users/jfurocket/Documents/personal/modules/.fenrir-backups name=".fenrir-backups"
2025-12-04T11:00:44.064505Z  WARN tokio-runtime-worker ThreadId(09) fenrir::infra::modules::storage: Skipping hidden module entry path=/Users/jfurocket/Documents/personal/modules/.cache name=".cache"
2025-12-04T11:00:54.014184Z  WARN tokio-runtime-worker ThreadId(27) fenrir::infra::modules::storage: Skipping hidden module entry path=/Users/jfurocket/Documents/personal/modules/.fenrir-backups name=".fenrir-backups"
2025-12-04T11:00:54.014628Z  WARN tokio-runtime-worker ThreadId(27) fenrir::infra::modules::storage: Skipping hidden module entry path=/Users/jfurocket/Documents/personal/modules/.cache name=".cache"
2025-12-04T11:00:55.405117Z  WARN tokio-runtime-worker ThreadId(10) fenrir::infra::modules::storage: Skipping hidden module entry path=/Users/jfurocket/Documents/personal/modules/.fenrir-backups name=".fenrir-backups"
2025-12-04T11:00:55.405579Z  WARN tokio-runtime-worker ThreadId(67) fenrir::infra::modules::storage: Skipping hidden module entry path=/Users/jfurocket/Documents/personal/modules/.cache name=".cache"
2025-12-04T11:01:07.928820Z  WARN tokio-runtime-worker ThreadId(67) fenrir::infra::modules::storage: Skipping hidden module entry path=/Users/jfurocket/Documents/personal/modules/.fenrir-backups name=".fenrir-backups"
2025-12-04T11:01:07.979598Z  WARN tokio-runtime-worker ThreadId(67) fenrir::infra::modules::storage: Skipping hidden module entry path=/Users/jfurocket/Documents/personal/modules/.fenrir-backups name=".fenrir-backups"
2025-12-04T11:01:07.979958Z  WARN tokio-runtime-worker ThreadId(67) fenrir::infra::modules::storage: Skipping hidden module entry path=/Users/jfurocket/Documents/personal/modules/.cache name=".cache"
2025-12-04T11:01:15.462837Z  WARN tokio-runtime-worker ThreadId(67) fenrir::infra::modules::storage: Skipping hidden module entry path=/Users/jfurocket/Documents/personal/modules/.fenrir-backups name=".fenrir-backups"
2025-12-04T11:01:15.463555Z  WARN tokio-runtime-worker ThreadId(67) fenrir::infra::modules::storage: Skipping hidden module entry path=/Users/jfurocket/Documents/personal/modules/.cache name=".cache"
2025-12-04T11:01:20.985406Z  WARN tokio-runtime-worker ThreadId(10) fenrir::infra::modules::storage: Skipping hidden module entry path=/Users/jfurocket/Documents/personal/modules/.fenrir-backups name=".fenrir-backups"
2025-12-04T11:01:20.985918Z  WARN tokio-runtime-worker ThreadId(10) fenrir::infra::modules::storage: Skipping hidden module entry path=/Users/jfurocket/Documents/personal/modules/.cache name=".cache"
2025-12-04T11:01:21.020565Z  WARN tokio-runtime-worker ThreadId(67) fenrir::infra::modules::storage: Skipping hidden module entry path=/Users/jfurocket/Documents/personal/modules/.fenrir-backups name=".fenrir-backups"
2025-12-04T11:01:21.021287Z  WARN tokio-runtime-worker ThreadId(70) fenrir::infra::modules::storage: Skipping hidden module entry path=/Users/jfurocket/Documents/personal/modules/.cache name=".cache"
2025-12-04T11:01:24.680263Z  WARN tokio-runtime-worker ThreadId(10) fenrir::infra::modules::storage: Skipping hidden module entry path=/Users/jfurocket/Documents/personal/modules/.fenrir-backups name=".fenrir-backups"
2025-12-04T11:01:24.680903Z  WARN tokio-runtime-worker ThreadId(10) fenrir::infra::modules::storage: Skipping hidden module entry path=/Users/jfurocket/Documents/personal/modules/.cache name=".cache"
2025-12-04T11:01:39.045846Z  WARN tokio-runtime-worker ThreadId(66) fenrir::infra::modules::storage: Skipping hidden module entry path=/Users/jfurocket/Documents/personal/modules/.fenrir-backups name=".fenrir-backups"
2025-12-04T11:01:39.046463Z  WARN tokio-runtime-worker ThreadId(66) fenrir::infra::modules::storage: Skipping hidden module entry path=/Users/jfurocket/Documents/personal/modules/.cache name=".cache"
2025-12-04T11:01:39.757697Z  WARN tokio-runtime-worker ThreadId(09) fenrir::infra::modules::storage: Skipping hidden module entry path=/Users/jfurocket/Documents/personal/modules/.fenrir-backups name=".fenrir-backups"
2025-12-04T11:01:39.758113Z  WARN tokio-runtime-worker ThreadId(09) fenrir::infra::modules::storage: Skipping hidden module entry path=/Users/jfurocket/Documents/personal/modules/.cache name=".cache"
2025-12-04T11:01:40.377195Z  WARN tokio-runtime-worker ThreadId(66) fenrir::infra::modules::storage: Skipping hidden module entry path=/Users/jfurocket/Documents/personal/modules/.fenrir-backups name=".fenrir-backups"
2025-12-04T11:01:40.377601Z  WARN tokio-runtime-worker ThreadId(66) fenrir::infra::modules::storage: Skipping hidden module entry path=/Users/jfurocket/Documents/personal/modules/.cache name=".cache"
2025-12-04T11:01:54.336251Z  WARN tokio-runtime-worker ThreadId(70) fenrir::infra::modules::storage: Skipping hidden module entry path=/Users/jfurocket/Documents/personal/modules/.fenrir-backups name=".fenrir-backups"
2025-12-04T11:01:54.337689Z  WARN tokio-runtime-worker ThreadId(70) fenrir::infra::modules::storage: Skipping hidden module entry path=/Users/jfurocket/Documents/personal/modules/.cache name=".cache"
2025-12-04T11:01:55.444038Z  WARN tokio-runtime-worker ThreadId(66) fenrir::infra::modules::storage: Skipping hidden module entry path=/Users/jfurocket/Documents/personal/modules/.fenrir-backups name=".fenrir-backups"
2025-12-04T11:01:55.444508Z  WARN tokio-runtime-worker ThreadId(66) fenrir::infra::modules::storage: Skipping hidden module entry path=/Users/jfurocket/Documents/personal/modules/.cache name=".cache"
2025-12-04T11:02:10.217465Z  WARN tokio-runtime-worker ThreadId(09) fenrir::infra::modules::storage: Skipping hidden module entry path=/Users/jfurocket/Documents/personal/modules/.fenrir-backups name=".fenrir-backups"
2025-12-04T11:02:10.218236Z  WARN tokio-runtime-worker ThreadId(09) fenrir::infra::modules::storage: Skipping hidden module entry path=/Users/jfurocket/Documents/personal/modules/.cache name=".cache"
2025-12-04T11:02:10.445244Z  WARN tokio-runtime-worker ThreadId(10) fenrir::infra::modules::storage: Skipping hidden module entry path=/Users/jfurocket/Documents/personal/modules/.fenrir-backups name=".fenrir-backups"
2025-12-04T11:02:10.445592Z  WARN tokio-runtime-worker ThreadId(10) fenrir::infra::modules::storage: Skipping hidden module entry path=/Users/jfurocket/Documents/personal/modules/.cache name=".cache"
2025-12-04T11:02:18.484210Z  WARN tokio-runtime-worker ThreadId(70) fenrir::infra::modules::storage: Skipping hidden module entry path=/Users/jfurocket/Documents/personal/modules/.fenrir-backups name=".fenrir-backups"
2025-12-04T11:02:18.484802Z  WARN tokio-runtime-worker ThreadId(70) fenrir::infra::modules::storage: Skipping hidden module entry path=/Users/jfurocket/Documents/personal/modules/.cache name=".cache"
2025-12-04T11:02:19.548150Z  WARN tokio-runtime-worker ThreadId(09) fenrir::infra::modules::storage: Skipping hidden module entry path=/Users/jfurocket/Documents/personal/modules/.fenrir-backups name=".fenrir-backups"
2025-12-04T11:02:19.548469Z  WARN tokio-runtime-worker ThreadId(09) fenrir::infra::modules::storage: Skipping hidden module entry path=/Users/jfurocket/Documents/personal/modules/.cache name=".cache"
2025-12-04T11:02:19.598240Z  WARN tokio-runtime-worker ThreadId(66) fenrir::infra::modules::storage: Skipping hidden module entry path=/Users/jfurocket/Documents/personal/modules/.fenrir-backups name=".fenrir-backups"
2025-12-04T11:02:19.598592Z  WARN tokio-runtime-worker ThreadId(66) fenrir::infra::modules::storage: Skipping hidden module entry path=/Users/jfurocket/Documents/personal/modules/.cache name=".cache"
2025-12-04T11:02:34.664515Z  WARN tokio-runtime-worker ThreadId(09) fenrir::infra::modules::storage: Skipping hidden module entry path=/Users/jfurocket/Documents/personal/modules/.fenrir-backups name=".fenrir-backups"
2025-12-04T11:02:34.665446Z  WARN tokio-runtime-worker ThreadId(09) fenrir::infra::modules::storage: Skipping hidden module entry path=/Users/jfurocket/Documents/personal/modules/.cache name=".cache"
2025-12-04T11:02:49.667084Z  WARN tokio-runtime-worker ThreadId(67) fenrir::infra::modules::storage: Skipping hidden module entry path=/Users/jfurocket/Documents/personal/modules/.fenrir-backups name=".fenrir-backups"
2025-12-04T11:02:49.669077Z  WARN tokio-runtime-worker ThreadId(67) fenrir::infra::modules::storage: Skipping hidden module entry path=/Users/jfurocket/Documents/personal/modules/.cache name=".cache"
2025-12-04T11:03:04.667620Z  WARN tokio-runtime-worker ThreadId(70) fenrir::infra::modules::storage: Skipping hidden module entry path=/Users/jfurocket/Documents/personal/modules/.fenrir-backups name=".fenrir-backups"
2025-12-04T11:03:04.668305Z  WARN tokio-runtime-worker ThreadId(70) fenrir::infra::modules::storage: Skipping hidden module entry path=/Users/jfurocket/Documents/personal/modules/.cache name=".cache"
2025-12-04T11:03:05.855560Z  WARN tokio-runtime-worker ThreadId(67) fenrir::infra::modules::storage: Skipping hidden module entry path=/Users/jfurocket/Documents/personal/modules/.fenrir-backups name=".fenrir-backups"
2025-12-04T11:03:05.856097Z  WARN tokio-runtime-worker ThreadId(67) fenrir::infra::modules::storage: Skipping hidden module entry path=/Users/jfurocket/Documents/personal/modules/.cache name=".cache"
2025-12-04T11:03:07.421070Z  WARN tokio-runtime-worker ThreadId(10) fenrir::infra::modules::storage: Skipping hidden module entry path=/Users/jfurocket/Documents/personal/modules/.fenrir-backups name=".fenrir-backups"
2025-12-04T11:03:07.421478Z  WARN tokio-runtime-worker ThreadId(10) fenrir::infra::modules::storage: Skipping hidden module entry path=/Users/jfurocket/Documents/personal/modules/.cache name=".cache"
2025-12-04T11:03:07.954894Z  WARN tokio-runtime-worker ThreadId(70) fenrir::infra::modules::storage: Skipping hidden module entry path=/Users/jfurocket/Documents/personal/modules/.fenrir-backups name=".fenrir-backups"
2025-12-04T11:03:07.955897Z  WARN tokio-runtime-worker ThreadId(70) fenrir::infra::modules::storage: Skipping hidden module entry path=/Users/jfurocket/Documents/personal/modules/.cache name=".cache"
2025-12-04T11:03:09.336020Z  WARN tokio-runtime-worker ThreadId(70) fenrir::infra::modules::storage: Skipping hidden module entry path=/Users/jfurocket/Documents/personal/modules/.fenrir-backups name=".fenrir-backups"
2025-12-04T11:03:09.336535Z  WARN tokio-runtime-worker ThreadId(70) fenrir::infra::modules::storage: Skipping hidden module entry path=/Users/jfurocket/Documents/personal/modules/.cache name=".cache"
2025-12-04T11:03:22.626476Z  WARN tokio-runtime-worker ThreadId(66) fenrir::infra::modules::storage: Skipping hidden module entry path=/Users/jfurocket/Documents/personal/modules/.fenrir-backups name=".fenrir-backups"
2025-12-04T11:03:22.627321Z  WARN tokio-runtime-worker ThreadId(66) fenrir::infra::modules::storage: Skipping hidden module entry path=/Users/jfurocket/Documents/personal/modules/.cache name=".cache"
2025-12-04T11:03:23.101234Z  WARN tokio-runtime-worker ThreadId(70) fenrir::infra::modules::storage: Skipping hidden module entry path=/Users/jfurocket/Documents/personal/modules/.fenrir-backups name=".fenrir-backups"
2025-12-04T11:03:23.101958Z  WARN tokio-runtime-worker ThreadId(70) fenrir::infra::modules::storage: Skipping hidden module entry path=/Users/jfurocket/Documents/personal/modules/.cache name=".cache"
2025-12-04T11:03:24.407357Z  WARN tokio-runtime-worker ThreadId(70) fenrir::infra::modules::storage: Skipping hidden module entry path=/Users/jfurocket/Documents/personal/modules/.fenrir-backups name=".fenrir-backups"
2025-12-04T11:03:24.407656Z  WARN tokio-runtime-worker ThreadId(70) fenrir::infra::modules::storage: Skipping hidden module entry path=/Users/jfurocket/Documents/personal/modules/.cache name=".cache"
2025-12-04T11:03:31.278180Z  WARN tokio-runtime-worker ThreadId(70) fenrir::infra::modules::storage: Skipping hidden module entry path=/Users/jfurocket/Documents/personal/modules/.fenrir-backups name=".fenrir-backups"
2025-12-04T11:03:31.279950Z  WARN tokio-runtime-worker ThreadId(70) fenrir::infra::modules::storage: Skipping hidden module entry path=/Users/jfurocket/Documents/personal/modules/.cache name=".cache"
2025-12-04T11:03:34.477920Z  WARN tokio-runtime-worker ThreadId(70) fenrir::infra::modules::storage: Skipping hidden module entry path=/Users/jfurocket/Documents/personal/modules/.fenrir-backups name=".fenrir-backups"
2025-12-04T11:03:34.529593Z  WARN tokio-runtime-worker ThreadId(70) fenrir::infra::modules::storage: Skipping hidden module entry path=/Users/jfurocket/Documents/personal/modules/.fenrir-backups name=".fenrir-backups"
2025-12-04T11:03:34.530339Z  WARN tokio-runtime-worker ThreadId(70) fenrir::infra::modules::storage: Skipping hidden module entry path=/Users/jfurocket/Documents/personal/modules/.cache name=".cache"
2025-12-04T11:03:49.594185Z  WARN tokio-runtime-worker ThreadId(88) fenrir::infra::modules::storage: Skipping hidden module entry path=/Users/jfurocket/Documents/personal/modules/.fenrir-backups name=".fenrir-backups"
2025-12-04T11:03:49.595774Z  WARN tokio-runtime-worker ThreadId(88) fenrir::infra::modules::storage: Skipping hidden module entry path=/Users/jfurocket/Documents/personal/modules/.cache name=".cache"
2025-12-04T11:03:54.102604Z  WARN tokio-runtime-worker ThreadId(70) fenrir::infra::modules::storage: Skipping hidden module entry path=/Users/jfurocket/Documents/personal/modules/.fenrir-backups name=".fenrir-backups"
2025-12-04T11:03:54.103541Z  WARN tokio-runtime-worker ThreadId(70) fenrir::infra::modules::storage: Skipping hidden module entry path=/Users/jfurocket/Documents/personal/modules/.cache name=".cache"
2025-12-04T11:04:04.594104Z  WARN tokio-runtime-worker ThreadId(67) fenrir::infra::modules::storage: Skipping hidden module entry path=/Users/jfurocket/Documents/personal/modules/.fenrir-backups name=".fenrir-backups"
2025-12-04T11:04:04.594650Z  WARN tokio-runtime-worker ThreadId(67) fenrir::infra::modules::storage: Skipping hidden module entry path=/Users/jfurocket/Documents/personal/modules/.cache name=".cache"
2025-12-04T11:04:19.595202Z  WARN tokio-runtime-worker ThreadId(10) fenrir::infra::modules::storage: Skipping hidden module entry path=/Users/jfurocket/Documents/personal/modules/.fenrir-backups name=".fenrir-backups"
2025-12-04T11:04:19.595960Z  WARN tokio-runtime-worker ThreadId(10) fenrir::infra::modules::storage: Skipping hidden module entry path=/Users/jfurocket/Documents/personal/modules/.cache name=".cache"
2025-12-04T11:04:34.600373Z  WARN tokio-runtime-worker ThreadId(67) fenrir::infra::modules::storage: Skipping hidden module entry path=/Users/jfurocket/Documents/personal/modules/.fenrir-backups name=".fenrir-backups"
2025-12-04T11:04:34.605118Z  WARN tokio-runtime-worker ThreadId(88) fenrir::infra::modules::storage: Skipping hidden module entry path=/Users/jfurocket/Documents/personal/modules/.cache name=".cache"
2025-12-04T11:04:39.748544Z  WARN tokio-runtime-worker ThreadId(88) fenrir::infra::modules::storage: Skipping hidden module entry path=/Users/jfurocket/Documents/personal/modules/.fenrir-backups name=".fenrir-backups"
2025-12-04T11:04:39.749519Z  WARN tokio-runtime-worker ThreadId(88) fenrir::infra::modules::storage: Skipping hidden module entry path=/Users/jfurocket/Documents/personal/modules/.cache name=".cache"
2025-12-04T11:04:41.020772Z  WARN tokio-runtime-worker ThreadId(67) fenrir::infra::modules::storage: Skipping hidden module entry path=/Users/jfurocket/Documents/personal/modules/.fenrir-backups name=".fenrir-backups"
2025-12-04T11:04:41.021784Z  WARN tokio-runtime-worker ThreadId(67) fenrir::infra::modules::storage: Skipping hidden module entry path=/Users/jfurocket/Documents/personal/modules/.cache name=".cache"
2025-12-04T11:04:41.579663Z  WARN tokio-runtime-worker ThreadId(66) fenrir::infra::modules::storage: Skipping hidden module entry path=/Users/jfurocket/Documents/personal/modules/.fenrir-backups name=".fenrir-backups"
2025-12-04T11:04:41.580131Z  WARN tokio-runtime-worker ThreadId(66) fenrir::infra::modules::storage: Skipping hidden module entry path=/Users/jfurocket/Documents/personal/modules/.cache name=".cache"
2025-12-04T11:04:42.730510Z  WARN tokio-runtime-worker ThreadId(70) fenrir::infra::modules::storage: Skipping hidden module entry path=/Users/jfurocket/Documents/personal/modules/.fenrir-backups name=".fenrir-backups"
2025-12-04T11:04:42.731028Z  WARN tokio-runtime-worker ThreadId(67) fenrir::infra::modules::storage: Skipping hidden module entry path=/Users/jfurocket/Documents/personal/modules/.cache name=".cache"
2025-12-04T11:04:42.788946Z  WARN tokio-runtime-worker ThreadId(67) fenrir::infra::modules::storage: Skipping hidden module entry path=/Users/jfurocket/Documents/personal/modules/.fenrir-backups name=".fenrir-backups"
2025-12-04T11:04:42.789276Z  WARN tokio-runtime-worker ThreadId(67) fenrir::infra::modules::storage: Skipping hidden module entry path=/Users/jfurocket/Documents/personal/modules/.cache name=".cache"
2025-12-04T11:04:57.864878Z  WARN tokio-runtime-worker ThreadId(70) fenrir::infra::modules::storage: Skipping hidden module entry path=/Users/jfurocket/Documents/personal/modules/.fenrir-backups name=".fenrir-backups"
2025-12-04T11:04:57.866281Z  WARN tokio-runtime-worker ThreadId(10) fenrir::infra::modules::storage: Skipping hidden module entry path=/Users/jfurocket/Documents/personal/modules/.cache name=".cache"
2025-12-04T11:05:05.779265Z  WARN tokio-runtime-worker ThreadId(70) fenrir::infra::modules::storage: Skipping hidden module entry path=/Users/jfurocket/Documents/personal/modules/.fenrir-backups name=".fenrir-backups"
2025-12-04T11:05:05.779963Z  WARN tokio-runtime-worker ThreadId(70) fenrir::infra::modules::storage: Skipping hidden module entry path=/Users/jfurocket/Documents/personal/modules/.cache name=".cache"
2025-12-04T11:05:12.864364Z  WARN tokio-runtime-worker ThreadId(67) fenrir::infra::modules::storage: Skipping hidden module entry path=/Users/jfurocket/Documents/personal/modules/.fenrir-backups name=".fenrir-backups"
2025-12-04T11:05:12.865496Z  WARN tokio-runtime-worker ThreadId(67) fenrir::infra::modules::storage: Skipping hidden module entry path=/Users/jfurocket/Documents/personal/modules/.cache name=".cache"
2025-12-04T11:05:27.865034Z  WARN tokio-runtime-worker ThreadId(70) fenrir::infra::modules::storage: Skipping hidden module entry path=/Users/jfurocket/Documents/personal/modules/.fenrir-backups name=".fenrir-backups"
2025-12-04T11:05:27.865600Z  WARN tokio-runtime-worker ThreadId(70) fenrir::infra::modules::storage: Skipping hidden module entry path=/Users/jfurocket/Documents/personal/modules/.cache name=".cache"
2025-12-04T11:05:42.741569Z  WARN tokio-runtime-worker ThreadId(67) fenrir::infra::modules::storage: Skipping hidden module entry path=/Users/jfurocket/Documents/personal/modules/.fenrir-backups name=".fenrir-backups"
2025-12-04T11:05:42.742182Z  WARN tokio-runtime-worker ThreadId(67) fenrir::infra::modules::storage: Skipping hidden module entry path=/Users/jfurocket/Documents/personal/modules/.cache name=".cache"
2025-12-04T11:05:42.870622Z  WARN tokio-runtime-worker ThreadId(66) fenrir::infra::modules::storage: Skipping hidden module entry path=/Users/jfurocket/Documents/personal/modules/.fenrir-backups name=".fenrir-backups"
2025-12-04T11:05:42.871253Z  WARN tokio-runtime-worker ThreadId(66) fenrir::infra::modules::storage: Skipping hidden module entry path=/Users/jfurocket/Documents/personal/modules/.cache name=".cache"
2025-12-04T11:05:43.867605Z  WARN tokio-runtime-worker ThreadId(10) fenrir::infra::modules::storage: Skipping hidden module entry path=/Users/jfurocket/Documents/personal/modules/.fenrir-backups name=".fenrir-backups"
2025-12-04T11:05:43.868163Z  WARN tokio-runtime-worker ThreadId(10) fenrir::infra::modules::storage: Skipping hidden module entry path=/Users/jfurocket/Documents/personal/modules/.cache name=".cache"
2025-12-04T11:05:43.930247Z  WARN tokio-runtime-worker ThreadId(67) fenrir::infra::modules::storage: Skipping hidden module entry path=/Users/jfurocket/Documents/personal/modules/.fenrir-backups name=".fenrir-backups"
2025-12-04T11:05:43.930820Z  WARN tokio-runtime-worker ThreadId(67) fenrir::infra::modules::storage: Skipping hidden module entry path=/Users/jfurocket/Documents/personal/modules/.cache name=".cache"
2025-12-04T11:05:47.415655Z  WARN tokio-runtime-worker ThreadId(67) fenrir::infra::modules::storage: Skipping hidden module entry path=/Users/jfurocket/Documents/personal/modules/.fenrir-backups name=".fenrir-backups"
2025-12-04T11:05:47.415982Z  WARN tokio-runtime-worker ThreadId(67) fenrir::infra::modules::storage: Skipping hidden module entry path=/Users/jfurocket/Documents/personal/modules/.cache name=".cache"
2025-12-04T11:05:59.005154Z  WARN tokio-runtime-worker ThreadId(66) fenrir::infra::modules::storage: Skipping hidden module entry path=/Users/jfurocket/Documents/personal/modules/.fenrir-backups name=".fenrir-backups"
2025-12-04T11:05:59.006287Z  WARN tokio-runtime-worker ThreadId(10) fenrir::infra::modules::storage: Skipping hidden module entry path=/Users/jfurocket/Documents/personal/modules/.cache name=".cache"
2025-12-04T11:06:08.135527Z  WARN tokio-runtime-worker ThreadId(88) fenrir::infra::modules::storage: Skipping hidden module entry path=/Users/jfurocket/Documents/personal/modules/.fenrir-backups name=".fenrir-backups"
2025-12-04T11:06:08.136549Z  WARN tokio-runtime-worker ThreadId(88) fenrir::infra::modules::storage: Skipping hidden module entry path=/Users/jfurocket/Documents/personal/modules/.cache name=".cache"
2025-12-04T11:06:09.287010Z  WARN tokio-runtime-worker ThreadId(66) fenrir::infra::modules::storage: Skipping hidden module entry path=/Users/jfurocket/Documents/personal/modules/.fenrir-backups name=".fenrir-backups"
2025-12-04T11:06:09.337650Z  WARN tokio-runtime-worker ThreadId(88) fenrir::infra::modules::storage: Skipping hidden module entry path=/Users/jfurocket/Documents/personal/modules/.fenrir-backups name=".fenrir-backups"
2025-12-04T11:06:09.338089Z  WARN tokio-runtime-worker ThreadId(88) fenrir::infra::modules::storage: Skipping hidden module entry path=/Users/jfurocket/Documents/personal/modules/.cache name=".cache"
2025-12-04T11:06:24.397544Z  WARN tokio-runtime-worker ThreadId(70) fenrir::infra::modules::storage: Skipping hidden module entry path=/Users/jfurocket/Documents/personal/modules/.fenrir-backups name=".fenrir-backups"
2025-12-04T11:06:24.397926Z  WARN tokio-runtime-worker ThreadId(70) fenrir::infra::modules::storage: Skipping hidden module entry path=/Users/jfurocket/Documents/personal/modules/.cache name=".cache"
2025-12-04T11:06:39.402490Z  WARN tokio-runtime-worker ThreadId(70) fenrir::infra::modules::storage: Skipping hidden module entry path=/Users/jfurocket/Documents/personal/modules/.fenrir-backups name=".fenrir-backups"
2025-12-04T11:06:39.403147Z  WARN tokio-runtime-worker ThreadId(70) fenrir::infra::modules::storage: Skipping hidden module entry path=/Users/jfurocket/Documents/personal/modules/.cache name=".cache"
2025-12-04T11:06:44.615172Z  WARN tokio-runtime-worker ThreadId(66) fenrir::infra::modules::storage: Skipping hidden module entry path=/Users/jfurocket/Documents/personal/modules/.fenrir-backups name=".fenrir-backups"
2025-12-04T11:06:44.615608Z  WARN tokio-runtime-worker ThreadId(66) fenrir::infra::modules::storage: Skipping hidden module entry path=/Users/jfurocket/Documents/personal/modules/.cache name=".cache"
2025-12-04T11:06:52.878702Z  WARN tokio-runtime-worker ThreadId(66) fenrir::infra::modules::storage: Skipping hidden module entry path=/Users/jfurocket/Documents/personal/modules/.fenrir-backups name=".fenrir-backups"
2025-12-04T11:06:52.879175Z  WARN tokio-runtime-worker ThreadId(66) fenrir::infra::modules::storage: Skipping hidden module entry path=/Users/jfurocket/Documents/personal/modules/.cache name=".cache"
2025-12-04T11:06:52.925436Z  WARN tokio-runtime-worker ThreadId(67) fenrir::infra::modules::storage: Skipping hidden module entry path=/Users/jfurocket/Documents/personal/modules/.fenrir-backups name=".fenrir-backups"
2025-12-04T11:06:52.925885Z  WARN tokio-runtime-worker ThreadId(67) fenrir::infra::modules::storage: Skipping hidden module entry path=/Users/jfurocket/Documents/personal/modules/.cache name=".cache"
2025-12-04T11:07:05.863020Z  WARN tokio-runtime-worker ThreadId(70) fenrir::infra::modules::storage: Skipping hidden module entry path=/Users/jfurocket/Documents/personal/modules/.fenrir-backups name=".fenrir-backups"
2025-12-04T11:07:05.865029Z  WARN tokio-runtime-worker ThreadId(66) fenrir::infra::modules::storage: Skipping hidden module entry path=/Users/jfurocket/Documents/personal/modules/.cache name=".cache"
2025-12-04T11:07:08.001103Z  WARN tokio-runtime-worker ThreadId(67) fenrir::infra::modules::storage: Skipping hidden module entry path=/Users/jfurocket/Documents/personal/modules/.fenrir-backups name=".fenrir-backups"
2025-12-04T11:07:08.001782Z  WARN tokio-runtime-worker ThreadId(67) fenrir::infra::modules::storage: Skipping hidden module entry path=/Users/jfurocket/Documents/personal/modules/.cache name=".cache"
2025-12-04T11:07:14.603586Z  WARN tokio-runtime-worker ThreadId(67) fenrir::infra::modules::storage: Skipping hidden module entry path=/Users/jfurocket/Documents/personal/modules/.fenrir-backups name=".fenrir-backups"
2025-12-04T11:07:14.604093Z  WARN tokio-runtime-worker ThreadId(67) fenrir::infra::modules::storage: Skipping hidden module entry path=/Users/jfurocket/Documents/personal/modules/.cache name=".cache"
2025-12-04T11:07:23.000574Z  WARN tokio-runtime-worker ThreadId(88) fenrir::infra::modules::storage: Skipping hidden module entry path=/Users/jfurocket/Documents/personal/modules/.fenrir-backups name=".fenrir-backups"
2025-12-04T11:07:23.001357Z  WARN tokio-runtime-worker ThreadId(88) fenrir::infra::modules::storage: Skipping hidden module entry path=/Users/jfurocket/Documents/personal/modules/.cache name=".cache"
2025-12-04T11:07:30.290027Z  WARN tokio-runtime-worker ThreadId(88) fenrir::infra::modules::storage: Skipping hidden module entry path=/Users/jfurocket/Documents/personal/modules/.fenrir-backups name=".fenrir-backups"
2025-12-04T11:07:30.290697Z  WARN tokio-runtime-worker ThreadId(88) fenrir::infra::modules::storage: Skipping hidden module entry path=/Users/jfurocket/Documents/personal/modules/.cache name=".cache"
2025-12-04T11:07:36.831609Z  WARN tokio-runtime-worker ThreadId(10) fenrir::infra::modules::storage: Skipping hidden module entry path=/Users/jfurocket/Documents/personal/modules/.fenrir-backups name=".fenrir-backups"
2025-12-04T11:07:36.832299Z  WARN tokio-runtime-worker ThreadId(10) fenrir::infra::modules::storage: Skipping hidden module entry path=/Users/jfurocket/Documents/personal/modules/.cache name=".cache"
2025-12-04T11:07:37.995296Z  WARN tokio-runtime-worker ThreadId(66) fenrir::infra::modules::storage: Skipping hidden module entry path=/Users/jfurocket/Documents/personal/modules/.fenrir-backups name=".fenrir-backups"
2025-12-04T11:07:37.996276Z  WARN tokio-runtime-worker ThreadId(66) fenrir::infra::modules::storage: Skipping hidden module entry path=/Users/jfurocket/Documents/personal/modules/.cache name=".cache"
2025-12-04T11:07:52.995828Z  WARN tokio-runtime-worker ThreadId(124) fenrir::infra::modules::storage: Skipping hidden module entry path=/Users/jfurocket/Documents/personal/modules/.fenrir-backups name=".fenrir-backups"
2025-12-04T11:07:52.996930Z  WARN tokio-runtime-worker ThreadId(67) fenrir::infra::modules::storage: Skipping hidden module entry path=/Users/jfurocket/Documents/personal/modules/.cache name=".cache"
2025-12-04T11:08:06.311502Z  WARN tokio-runtime-worker ThreadId(124) fenrir::infra::modules::storage: Skipping hidden module entry path=/Users/jfurocket/Documents/personal/modules/.fenrir-backups name=".fenrir-backups"
2025-12-04T11:08:06.312618Z  WARN tokio-runtime-worker ThreadId(124) fenrir::infra::modules::storage: Skipping hidden module entry path=/Users/jfurocket/Documents/personal/modules/.cache name=".cache"
2025-12-04T11:08:07.994473Z  WARN tokio-runtime-worker ThreadId(124) fenrir::infra::modules::storage: Skipping hidden module entry path=/Users/jfurocket/Documents/personal/modules/.fenrir-backups name=".fenrir-backups"
2025-12-04T11:08:07.994847Z  WARN tokio-runtime-worker ThreadId(124) fenrir::infra::modules::storage: Skipping hidden module entry path=/Users/jfurocket/Documents/personal/modules/.cache name=".cache"
2025-12-04T11:08:08.971277Z  WARN tokio-runtime-worker ThreadId(124) fenrir::infra::modules::storage: Skipping hidden module entry path=/Users/jfurocket/Documents/personal/modules/.fenrir-backups name=".fenrir-backups"
2025-12-04T11:08:09.019249Z  WARN tokio-runtime-worker ThreadId(124) fenrir::infra::modules::storage: Skipping hidden module entry path=/Users/jfurocket/Documents/personal/modules/.fenrir-backups name=".fenrir-backups"
2025-12-04T11:08:09.019554Z  WARN tokio-runtime-worker ThreadId(124) fenrir::infra::modules::storage: Skipping hidden module entry path=/Users/jfurocket/Documents/personal/modules/.cache name=".cache"
2025-12-04T11:08:22.328017Z  WARN tokio-runtime-worker ThreadId(124) fenrir::infra::modules::storage: Skipping hidden module entry path=/Users/jfurocket/Documents/personal/modules/.fenrir-backups name=".fenrir-backups"
2025-12-04T11:08:22.329015Z  WARN tokio-runtime-worker ThreadId(124) fenrir::infra::modules::storage: Skipping hidden module entry path=/Users/jfurocket/Documents/personal/modules/.cache name=".cache"
2025-12-04T11:08:24.096215Z  WARN tokio-runtime-worker ThreadId(10) fenrir::infra::modules::storage: Skipping hidden module entry path=/Users/jfurocket/Documents/personal/modules/.fenrir-backups name=".fenrir-backups"
2025-12-04T11:08:24.096944Z  WARN tokio-runtime-worker ThreadId(10) fenrir::infra::modules::storage: Skipping hidden module entry path=/Users/jfurocket/Documents/personal/modules/.cache name=".cache"
2025-12-04T11:08:24.766580Z  WARN tokio-runtime-worker ThreadId(10) fenrir::infra::modules::storage: Skipping hidden module entry path=/Users/jfurocket/Documents/personal/modules/.fenrir-backups name=".fenrir-backups"
2025-12-04T11:08:24.767338Z  WARN tokio-runtime-worker ThreadId(10) fenrir::infra::modules::storage: Skipping hidden module entry path=/Users/jfurocket/Documents/personal/modules/.cache name=".cache"
2025-12-04T11:08:24.814943Z  WARN tokio-runtime-worker ThreadId(70) fenrir::infra::modules::storage: Skipping hidden module entry path=/Users/jfurocket/Documents/personal/modules/.fenrir-backups name=".fenrir-backups"
2025-12-04T11:08:24.815369Z  WARN tokio-runtime-worker ThreadId(70) fenrir::infra::modules::storage: Skipping hidden module entry path=/Users/jfurocket/Documents/personal/modules/.cache name=".cache"
2025-12-04T11:08:36.841044Z  WARN tokio-runtime-worker ThreadId(10) fenrir::infra::modules::storage: Skipping hidden module entry path=/Users/jfurocket/Documents/personal/modules/.fenrir-backups name=".fenrir-backups"
2025-12-04T11:08:36.841503Z  WARN tokio-runtime-worker ThreadId(67) fenrir::infra::modules::storage: Skipping hidden module entry path=/Users/jfurocket/Documents/personal/modules/.cache name=".cache"
2025-12-04T11:08:39.884465Z  WARN tokio-runtime-worker ThreadId(70) fenrir::infra::modules::storage: Skipping hidden module entry path=/Users/jfurocket/Documents/personal/modules/.fenrir-backups name=".fenrir-backups"
2025-12-04T11:08:39.885412Z  WARN tokio-runtime-worker ThreadId(70) fenrir::infra::modules::storage: Skipping hidden module entry path=/Users/jfurocket/Documents/personal/modules/.cache name=".cache"
2025-12-04T11:08:44.142594Z  WARN tokio-runtime-worker ThreadId(67) fenrir::infra::modules::storage: Skipping hidden module entry path=/Users/jfurocket/Documents/personal/modules/.fenrir-backups name=".fenrir-backups"
2025-12-04T11:08:44.143032Z  WARN tokio-runtime-worker ThreadId(67) fenrir::infra::modules::storage: Skipping hidden module entry path=/Users/jfurocket/Documents/personal/modules/.cache name=".cache"
2025-12-04T11:08:46.204427Z  WARN tokio-runtime-worker ThreadId(67) fenrir::infra::modules::storage: Skipping hidden module entry path=/Users/jfurocket/Documents/personal/modules/.fenrir-backups name=".fenrir-backups"
2025-12-04T11:08:46.204810Z  WARN tokio-runtime-worker ThreadId(67) fenrir::infra::modules::storage: Skipping hidden module entry path=/Users/jfurocket/Documents/personal/modules/.cache name=".cache"
2025-12-04T11:08:46.235285Z  WARN tokio-runtime-worker ThreadId(10) fenrir::infra::modules::storage: Skipping hidden module entry path=/Users/jfurocket/Documents/personal/modules/.fenrir-backups name=".fenrir-backups"
2025-12-04T11:08:46.235883Z  WARN tokio-runtime-worker ThreadId(10) fenrir::infra::modules::storage: Skipping hidden module entry path=/Users/jfurocket/Documents/personal/modules/.cache name=".cache"
2025-12-04T11:09:01.301874Z  WARN tokio-runtime-worker ThreadId(67) fenrir::infra::modules::storage: Skipping hidden module entry path=/Users/jfurocket/Documents/personal/modules/.fenrir-backups name=".fenrir-backups"
2025-12-04T11:09:01.302614Z  WARN tokio-runtime-worker ThreadId(67) fenrir::infra::modules::storage: Skipping hidden module entry path=/Users/jfurocket/Documents/personal/modules/.cache name=".cache"
2025-12-04T11:09:10.169241Z  WARN tokio-runtime-worker ThreadId(70) fenrir::infra::modules::storage: Skipping hidden module entry path=/Users/jfurocket/Documents/personal/modules/.fenrir-backups name=".fenrir-backups"
2025-12-04T11:09:10.170252Z  WARN tokio-runtime-worker ThreadId(70) fenrir::infra::modules::storage: Skipping hidden module entry path=/Users/jfurocket/Documents/personal/modules/.cache name=".cache"
2025-12-04T11:09:10.197982Z  WARN tokio-runtime-worker ThreadId(10) fenrir::infra::modules::storage: Skipping hidden module entry path=/Users/jfurocket/Documents/personal/modules/.fenrir-backups name=".fenrir-backups"
2025-12-04T11:09:10.198355Z  WARN tokio-runtime-worker ThreadId(10) fenrir::infra::modules::storage: Skipping hidden module entry path=/Users/jfurocket/Documents/personal/modules/.cache name=".cache"
2025-12-04T11:09:23.243620Z  WARN tokio-runtime-worker ThreadId(10) fenrir::infra::modules::storage: Skipping hidden module entry path=/Users/jfurocket/Documents/personal/modules/.fenrir-backups name=".fenrir-backups"
2025-12-04T11:09:23.246440Z  WARN tokio-runtime-worker ThreadId(10) fenrir::infra::modules::storage: Skipping hidden module entry path=/Users/jfurocket/Documents/personal/modules/.cache name=".cache"
2025-12-04T11:09:25.115950Z  WARN tokio-runtime-worker ThreadId(70) fenrir::infra::modules::storage: Skipping hidden module entry path=/Users/jfurocket/Documents/personal/modules/.fenrir-backups name=".fenrir-backups"
2025-12-04T11:09:25.162259Z  WARN tokio-runtime-worker ThreadId(66) fenrir::infra::modules::storage: Skipping hidden module entry path=/Users/jfurocket/Documents/personal/modules/.fenrir-backups name=".fenrir-backups"
2025-12-04T11:09:25.162858Z  WARN tokio-runtime-worker ThreadId(66) fenrir::infra::modules::storage: Skipping hidden module entry path=/Users/jfurocket/Documents/personal/modules/.cache name=".cache"
2025-12-04T11:09:40.232486Z  WARN tokio-runtime-worker ThreadId(124) fenrir::infra::modules::storage: Skipping hidden module entry path=/Users/jfurocket/Documents/personal/modules/.fenrir-backups name=".fenrir-backups"
2025-12-04T11:09:40.234748Z  WARN tokio-runtime-worker ThreadId(124) fenrir::infra::modules::storage: Skipping hidden module entry path=/Users/jfurocket/Documents/personal/modules/.cache name=".cache"
2025-12-04T11:09:55.235469Z  WARN tokio-runtime-worker ThreadId(10) fenrir::infra::modules::storage: Skipping hidden module entry path=/Users/jfurocket/Documents/personal/modules/.fenrir-backups name=".fenrir-backups"
2025-12-04T11:09:55.236631Z  WARN tokio-runtime-worker ThreadId(10) fenrir::infra::modules::storage: Skipping hidden module entry path=/Users/jfurocket/Documents/personal/modules/.cache name=".cache"
2025-12-04T11:10:10.233387Z  WARN tokio-runtime-worker ThreadId(70) fenrir::infra::modules::storage: Skipping hidden module entry path=/Users/jfurocket/Documents/personal/modules/.fenrir-backups name=".fenrir-backups"
2025-12-04T11:10:10.234349Z  WARN tokio-runtime-worker ThreadId(66) fenrir::infra::modules::storage: Skipping hidden module entry path=/Users/jfurocket/Documents/personal/modules/.cache name=".cache"
2025-12-04T11:10:16.462904Z  WARN tokio-runtime-worker ThreadId(70) fenrir::infra::modules::storage: Skipping hidden module entry path=/Users/jfurocket/Documents/personal/modules/.fenrir-backups name=".fenrir-backups"
2025-12-04T11:10:16.463391Z  WARN tokio-runtime-worker ThreadId(70) fenrir::infra::modules::storage: Skipping hidden module entry path=/Users/jfurocket/Documents/personal/modules/.cache name=".cache"
2025-12-04T11:10:18.189557Z  WARN tokio-runtime-worker ThreadId(124) fenrir::infra::modules::storage: Skipping hidden module entry path=/Users/jfurocket/Documents/personal/modules/.fenrir-backups name=".fenrir-backups"
2025-12-04T11:10:18.190069Z  WARN tokio-runtime-worker ThreadId(124) fenrir::infra::modules::storage: Skipping hidden module entry path=/Users/jfurocket/Documents/personal/modules/.cache name=".cache"
2025-12-04T11:10:33.252742Z  WARN tokio-runtime-worker ThreadId(124) fenrir::infra::modules::storage: Skipping hidden module entry path=/Users/jfurocket/Documents/personal/modules/.fenrir-backups name=".fenrir-backups"
2025-12-04T11:10:33.253589Z  WARN tokio-runtime-worker ThreadId(124) fenrir::infra::modules::storage: Skipping hidden module entry path=/Users/jfurocket/Documents/personal/modules/.cache name=".cache"
2025-12-04T11:10:46.549186Z  WARN tokio-runtime-worker ThreadId(67) fenrir::infra::modules::storage: Skipping hidden module entry path=/Users/jfurocket/Documents/personal/modules/.fenrir-backups name=".fenrir-backups"
2025-12-04T11:10:46.549622Z  WARN tokio-runtime-worker ThreadId(67) fenrir::infra::modules::storage: Skipping hidden module entry path=/Users/jfurocket/Documents/personal/modules/.cache name=".cache"
2025-12-04T11:10:48.251918Z  WARN tokio-runtime-worker ThreadId(124) fenrir::infra::modules::storage: Skipping hidden module entry path=/Users/jfurocket/Documents/personal/modules/.fenrir-backups name=".fenrir-backups"
2025-12-04T11:10:48.252582Z  WARN tokio-runtime-worker ThreadId(124) fenrir::infra::modules::storage: Skipping hidden module entry path=/Users/jfurocket/Documents/personal/modules/.cache name=".cache"
2025-12-04T11:10:52.427365Z  WARN tokio-runtime-worker ThreadId(70) fenrir::infra::modules::storage: Skipping hidden module entry path=/Users/jfurocket/Documents/personal/modules/.fenrir-backups name=".fenrir-backups"
2025-12-04T11:10:52.427885Z  WARN tokio-runtime-worker ThreadId(10) fenrir::infra::modules::storage: Skipping hidden module entry path=/Users/jfurocket/Documents/personal/modules/.cache name=".cache"
2025-12-04T11:10:53.489670Z  WARN tokio-runtime-worker ThreadId(67) fenrir::infra::modules::storage: Skipping hidden module entry path=/Users/jfurocket/Documents/personal/modules/.fenrir-backups name=".fenrir-backups"
2025-12-04T11:10:53.490779Z  WARN tokio-runtime-worker ThreadId(67) fenrir::infra::modules::storage: Skipping hidden module entry path=/Users/jfurocket/Documents/personal/modules/.cache name=".cache"
2025-12-04T11:11:08.568111Z  WARN tokio-runtime-worker ThreadId(124) fenrir::infra::modules::storage: Skipping hidden module entry path=/Users/jfurocket/Documents/personal/modules/.fenrir-backups name=".fenrir-backups"
2025-12-04T11:11:08.569872Z  WARN tokio-runtime-worker ThreadId(124) fenrir::infra::modules::storage: Skipping hidden module entry path=/Users/jfurocket/Documents/personal/modules/.cache name=".cache"
2025-12-04T11:11:13.275998Z  WARN tokio-runtime-worker ThreadId(66) fenrir::infra::modules::storage: Skipping hidden module entry path=/Users/jfurocket/Documents/personal/modules/.fenrir-backups name=".fenrir-backups"
2025-12-04T11:11:13.276384Z  WARN tokio-runtime-worker ThreadId(66) fenrir::infra::modules::storage: Skipping hidden module entry path=/Users/jfurocket/Documents/personal/modules/.cache name=".cache"
2025-12-04T11:11:14.439693Z  WARN tokio-runtime-worker ThreadId(66) fenrir::infra::modules::storage: Skipping hidden module entry path=/Users/jfurocket/Documents/personal/modules/.fenrir-backups name=".fenrir-backups"
2025-12-04T11:11:14.440359Z  WARN tokio-runtime-worker ThreadId(66) fenrir::infra::modules::storage: Skipping hidden module entry path=/Users/jfurocket/Documents/personal/modules/.cache name=".cache"
2025-12-04T11:11:23.565718Z  WARN tokio-runtime-worker ThreadId(10) fenrir::infra::modules::storage: Skipping hidden module entry path=/Users/jfurocket/Documents/personal/modules/.fenrir-backups name=".fenrir-backups"
2025-12-04T11:11:23.566713Z  WARN tokio-runtime-worker ThreadId(10) fenrir::infra::modules::storage: Skipping hidden module entry path=/Users/jfurocket/Documents/personal/modules/.cache name=".cache"
2025-12-04T11:11:31.667497Z  WARN tokio-runtime-worker ThreadId(124) fenrir::infra::modules::storage: Skipping hidden module entry path=/Users/jfurocket/Documents/personal/modules/.fenrir-backups name=".fenrir-backups"
2025-12-04T11:11:31.668442Z  WARN tokio-runtime-worker ThreadId(124) fenrir::infra::modules::storage: Skipping hidden module entry path=/Users/jfurocket/Documents/personal/modules/.cache name=".cache"
2025-12-04T11:11:38.566745Z  WARN tokio-runtime-worker ThreadId(66) fenrir::infra::modules::storage: Skipping hidden module entry path=/Users/jfurocket/Documents/personal/modules/.fenrir-backups name=".fenrir-backups"
2025-12-04T11:11:38.567116Z  WARN tokio-runtime-worker ThreadId(66) fenrir::infra::modules::storage: Skipping hidden module entry path=/Users/jfurocket/Documents/personal/modules/.cache name=".cache"
2025-12-04T11:11:42.586561Z  WARN tokio-runtime-worker ThreadId(67) fenrir::infra::modules::storage: Skipping hidden module entry path=/Users/jfurocket/Documents/personal/modules/.fenrir-backups name=".fenrir-backups"
2025-12-04T11:11:42.588286Z  WARN tokio-runtime-worker ThreadId(10) fenrir::infra::modules::storage: Skipping hidden module entry path=/Users/jfurocket/Documents/personal/modules/.cache name=".cache"
2025-12-04T11:11:43.881447Z  WARN tokio-runtime-worker ThreadId(70) fenrir::infra::modules::storage: Skipping hidden module entry path=/Users/jfurocket/Documents/personal/modules/.fenrir-backups name=".fenrir-backups"
2025-12-04T11:11:43.882247Z  WARN tokio-runtime-worker ThreadId(70) fenrir::infra::modules::storage: Skipping hidden module entry path=/Users/jfurocket/Documents/personal/modules/.cache name=".cache"
2025-12-04T11:11:43.939560Z  WARN tokio-runtime-worker ThreadId(67) fenrir::infra::modules::storage: Skipping hidden module entry path=/Users/jfurocket/Documents/personal/modules/.fenrir-backups name=".fenrir-backups"
2025-12-04T11:11:43.940067Z  WARN tokio-runtime-worker ThreadId(67) fenrir::infra::modules::storage: Skipping hidden module entry path=/Users/jfurocket/Documents/personal/modules/.cache name=".cache"
2025-12-04T11:11:59.017607Z  WARN tokio-runtime-worker ThreadId(124) fenrir::infra::modules::storage: Skipping hidden module entry path=/Users/jfurocket/Documents/personal/modules/.fenrir-backups name=".fenrir-backups"
2025-12-04T11:11:59.018770Z  WARN tokio-runtime-worker ThreadId(124) fenrir::infra::modules::storage: Skipping hidden module entry path=/Users/jfurocket/Documents/personal/modules/.cache name=".cache"
2025-12-04T11:12:14.012864Z  WARN tokio-runtime-worker ThreadId(70) fenrir::infra::modules::storage: Skipping hidden module entry path=/Users/jfurocket/Documents/personal/modules/.fenrir-backups name=".fenrir-backups"
2025-12-04T11:12:14.014000Z  WARN tokio-runtime-worker ThreadId(70) fenrir::infra::modules::storage: Skipping hidden module entry path=/Users/jfurocket/Documents/personal/modules/.cache name=".cache"
2025-12-04T11:12:21.414398Z  WARN tokio-runtime-worker ThreadId(67) fenrir::infra::modules::storage: Skipping hidden module entry path=/Users/jfurocket/Documents/personal/modules/.fenrir-backups name=".fenrir-backups"
2025-12-04T11:12:21.414987Z  WARN tokio-runtime-worker ThreadId(67) fenrir::infra::modules::storage: Skipping hidden module entry path=/Users/jfurocket/Documents/personal/modules/.cache name=".cache"
2025-12-04T11:12:22.906420Z  WARN tokio-runtime-worker ThreadId(70) fenrir::infra::modules::storage: Skipping hidden module entry path=/Users/jfurocket/Documents/personal/modules/.fenrir-backups name=".fenrir-backups"
2025-12-04T11:12:22.906980Z  WARN tokio-runtime-worker ThreadId(124) fenrir::infra::modules::storage: Skipping hidden module entry path=/Users/jfurocket/Documents/personal/modules/.cache name=".cache"
2025-12-04T11:12:22.954415Z  WARN tokio-runtime-worker ThreadId(70) fenrir::infra::modules::storage: Skipping hidden module entry path=/Users/jfurocket/Documents/personal/modules/.fenrir-backups name=".fenrir-backups"
2025-12-04T11:12:22.955104Z  WARN tokio-runtime-worker ThreadId(70) fenrir::infra::modules::storage: Skipping hidden module entry path=/Users/jfurocket/Documents/personal/modules/.cache name=".cache"
2025-12-04T11:12:31.250857Z  WARN tokio-runtime-worker ThreadId(10) fenrir::infra::modules::storage: Skipping hidden module entry path=/Users/jfurocket/Documents/personal/modules/.fenrir-backups name=".fenrir-backups"
2025-12-04T11:12:31.251527Z  WARN tokio-runtime-worker ThreadId(10) fenrir::infra::modules::storage: Skipping hidden module entry path=/Users/jfurocket/Documents/personal/modules/.cache name=".cache"
2025-12-04T11:12:32.368192Z  WARN tokio-runtime-worker ThreadId(124) fenrir::infra::modules::storage: Skipping hidden module entry path=/Users/jfurocket/Documents/personal/modules/.fenrir-backups name=".fenrir-backups"
2025-12-04T11:12:32.409355Z  WARN tokio-runtime-worker ThreadId(124) fenrir::infra::modules::storage: Skipping hidden module entry path=/Users/jfurocket/Documents/personal/modules/.fenrir-backups name=".fenrir-backups"
2025-12-04T11:12:32.409877Z  WARN tokio-runtime-worker ThreadId(124) fenrir::infra::modules::storage: Skipping hidden module entry path=/Users/jfurocket/Documents/personal/modules/.cache name=".cache"
2025-12-04T11:12:38.845906Z  WARN tokio-runtime-worker ThreadId(70) fenrir::infra::modules::storage: Skipping hidden module entry path=/Users/jfurocket/Documents/personal/modules/.fenrir-backups name=".fenrir-backups"
2025-12-04T11:12:38.846330Z  WARN tokio-runtime-worker ThreadId(124) fenrir::infra::modules::storage: Skipping hidden module entry path=/Users/jfurocket/Documents/personal/modules/.cache name=".cache"
2025-12-04T11:12:43.596420Z  WARN tokio-runtime-worker ThreadId(67) fenrir::infra::modules::storage: Skipping hidden module entry path=/Users/jfurocket/Documents/personal/modules/.fenrir-backups name=".fenrir-backups"
2025-12-04T11:12:43.596894Z  WARN tokio-runtime-worker ThreadId(67) fenrir::infra::modules::storage: Skipping hidden module entry path=/Users/jfurocket/Documents/personal/modules/.cache name=".cache"
2025-12-04T11:12:45.090073Z  WARN tokio-runtime-worker ThreadId(10) fenrir::infra::modules::storage: Skipping hidden module entry path=/Users/jfurocket/Documents/personal/modules/.fenrir-backups name=".fenrir-backups"
2025-12-04T11:12:45.090640Z  WARN tokio-runtime-worker ThreadId(10) fenrir::infra::modules::storage: Skipping hidden module entry path=/Users/jfurocket/Documents/personal/modules/.cache name=".cache"
2025-12-04T11:12:45.139801Z  WARN tokio-runtime-worker ThreadId(67) fenrir::infra::modules::storage: Skipping hidden module entry path=/Users/jfurocket/Documents/personal/modules/.fenrir-backups name=".fenrir-backups"
2025-12-04T11:12:45.140204Z  WARN tokio-runtime-worker ThreadId(67) fenrir::infra::modules::storage: Skipping hidden module entry path=/Users/jfurocket/Documents/personal/modules/.cache name=".cache"
2025-12-04T11:13:00.201523Z  WARN tokio-runtime-worker ThreadId(70) fenrir::infra::modules::storage: Skipping hidden module entry path=/Users/jfurocket/Documents/personal/modules/.fenrir-backups name=".fenrir-backups"
2025-12-04T11:13:00.202994Z  WARN tokio-runtime-worker ThreadId(70) fenrir::infra::modules::storage: Skipping hidden module entry path=/Users/jfurocket/Documents/personal/modules/.cache name=".cache"
2025-12-04T11:13:15.204526Z  WARN tokio-runtime-worker ThreadId(67) fenrir::infra::modules::storage: Skipping hidden module entry path=/Users/jfurocket/Documents/personal/modules/.fenrir-backups name=".fenrir-backups"
2025-12-04T11:13:15.206171Z  WARN tokio-runtime-worker ThreadId(67) fenrir::infra::modules::storage: Skipping hidden module entry path=/Users/jfurocket/Documents/personal/modules/.cache name=".cache"
2025-12-04T11:13:24.899159Z  INFO tokio-runtime-worker ThreadId(70) thrussh::server::encrypted: pty-req: unknown pty code 42
2025-12-04T11:13:30.203075Z  WARN tokio-runtime-worker ThreadId(124) fenrir::infra::modules::storage: Skipping hidden module entry path=/Users/jfurocket/Documents/personal/modules/.fenrir-backups name=".fenrir-backups"
2025-12-04T11:13:30.203706Z  WARN tokio-runtime-worker ThreadId(124) fenrir::infra::modules::storage: Skipping hidden module entry path=/Users/jfurocket/Documents/personal/modules/.cache name=".cache"
2025-12-04T11:13:30.748475Z  WARN ThreadId(172) fenrir::infra::modules::storage: Skipping hidden module entry path=/Users/jfurocket/Documents/personal/modules/.fenrir-backups name=".fenrir-backups"
2025-12-04T11:13:30.750245Z  WARN ThreadId(172) fenrir::infra::modules::storage: Skipping hidden module entry path=/Users/jfurocket/Documents/personal/modules/.cache name=".cache"
2025-12-04T11:13:31.099737Z  WARN tokio-runtime-worker ThreadId(70) fenrir::infra::modules::storage: Skipping hidden module entry path=/Users/jfurocket/Documents/personal/modules/.fenrir-backups name=".fenrir-backups"
2025-12-04T11:13:31.099909Z  WARN tokio-runtime-worker ThreadId(70) fenrir::infra::modules::storage: Skipping hidden module entry path=/Users/jfurocket/Documents/personal/modules/.cache name=".cache"
2025-12-04T11:13:31.111512Z  INFO tokio-runtime-worker ThreadId(67) fenrir::infra::modules::runtime::process: module process started module_id=fenrir-api pid=78859 port=Some(41002)
2025-12-04T11:13:31.111829Z  INFO tokio-runtime-worker ThreadId(67) fenrir::services::module::runtime: module started successfully module_id=fenrir-api pid=Some(78859) port=Some(41002)
2025-12-04T11:13:32.023869Z  INFO tokio-runtime-worker ThreadId(10) fenrir::services::module::runtime: module service manifest registered after retry module=fenrir-api attempt=1
2025-12-04T11:13:33.080327Z  WARN tokio-runtime-worker ThreadId(124) fenrir::infra::modules::storage: Skipping hidden module entry path=/Users/jfurocket/Documents/personal/modules/.fenrir-backups name=".fenrir-backups"
2025-12-04T11:13:33.080612Z  WARN tokio-runtime-worker ThreadId(124) fenrir::infra::modules::storage: Skipping hidden module entry path=/Users/jfurocket/Documents/personal/modules/.cache name=".cache"
2025-12-04T11:13:45.200863Z  WARN tokio-runtime-worker ThreadId(66) fenrir::infra::modules::storage: Skipping hidden module entry path=/Users/jfurocket/Documents/personal/modules/.fenrir-backups name=".fenrir-backups"
2025-12-04T11:13:45.201397Z  WARN tokio-runtime-worker ThreadId(66) fenrir::infra::modules::storage: Skipping hidden module entry path=/Users/jfurocket/Documents/personal/modules/.cache name=".cache"
2025-12-04T11:13:49.474437Z  WARN tokio-runtime-worker ThreadId(124) fenrir::infra::modules::storage: Skipping hidden module entry path=/Users/jfurocket/Documents/personal/modules/.fenrir-backups name=".fenrir-backups"
2025-12-04T11:13:49.475274Z  WARN tokio-runtime-worker ThreadId(124) fenrir::infra::modules::storage: Skipping hidden module entry path=/Users/jfurocket/Documents/personal/modules/.cache name=".cache"
2025-12-04T11:14:00.200543Z  WARN tokio-runtime-worker ThreadId(70) fenrir::infra::modules::storage: Skipping hidden module entry path=/Users/jfurocket/Documents/personal/modules/.fenrir-backups name=".fenrir-backups"
2025-12-04T11:14:00.201699Z  WARN tokio-runtime-worker ThreadId(70) fenrir::infra::modules::storage: Skipping hidden module entry path=/Users/jfurocket/Documents/personal/modules/.cache name=".cache"
2025-12-04T11:14:15.197999Z  WARN tokio-runtime-worker ThreadId(10) fenrir::infra::modules::storage: Skipping hidden module entry path=/Users/jfurocket/Documents/personal/modules/.fenrir-backups name=".fenrir-backups"
2025-12-04T11:14:15.199103Z  WARN tokio-runtime-worker ThreadId(10) fenrir::infra::modules::storage: Skipping hidden module entry path=/Users/jfurocket/Documents/personal/modules/.cache name=".cache"
2025-12-04T11:14:30.199693Z  WARN tokio-runtime-worker ThreadId(66) fenrir::infra::modules::storage: Skipping hidden module entry path=/Users/jfurocket/Documents/personal/modules/.fenrir-backups name=".fenrir-backups"
2025-12-04T11:14:30.200166Z  WARN tokio-runtime-worker ThreadId(66) fenrir::infra::modules::storage: Skipping hidden module entry path=/Users/jfurocket/Documents/personal/modules/.cache name=".cache"
2025-12-04T11:14:35.394803Z  WARN tokio-runtime-worker ThreadId(124) fenrir::infra::modules::storage: Skipping hidden module entry path=/Users/jfurocket/Documents/personal/modules/.fenrir-backups name=".fenrir-backups"
2025-12-04T11:14:35.395361Z  WARN tokio-runtime-worker ThreadId(124) fenrir::infra::modules::storage: Skipping hidden module entry path=/Users/jfurocket/Documents/personal/modules/.cache name=".cache"
2025-12-04T11:14:45.197252Z  WARN tokio-runtime-worker ThreadId(67) fenrir::infra::modules::storage: Skipping hidden module entry path=/Users/jfurocket/Documents/personal/modules/.fenrir-backups name=".fenrir-backups"
2025-12-04T11:14:45.200385Z  WARN tokio-runtime-worker ThreadId(67) fenrir::infra::modules::storage: Skipping hidden module entry path=/Users/jfurocket/Documents/personal/modules/.cache name=".cache"
2025-12-04T11:15:00.194863Z  WARN tokio-runtime-worker ThreadId(67) fenrir::infra::modules::storage: Skipping hidden module entry path=/Users/jfurocket/Documents/personal/modules/.fenrir-backups name=".fenrir-backups"
2025-12-04T11:15:00.196650Z  WARN tokio-runtime-worker ThreadId(67) fenrir::infra::modules::storage: Skipping hidden module entry path=/Users/jfurocket/Documents/personal/modules/.cache name=".cache"
2025-12-04T11:15:11.554015Z  WARN tokio-runtime-worker ThreadId(124) fenrir::infra::modules::storage: Skipping hidden module entry path=/Users/jfurocket/Documents/personal/modules/.fenrir-backups name=".fenrir-backups"
2025-12-04T11:15:11.555160Z  WARN tokio-runtime-worker ThreadId(124) fenrir::infra::modules::storage: Skipping hidden module entry path=/Users/jfurocket/Documents/personal/modules/.cache name=".cache"
2025-12-04T11:15:12.584194Z  WARN tokio-runtime-worker ThreadId(10) fenrir::infra::modules::storage: Skipping hidden module entry path=/Users/jfurocket/Documents/personal/modules/.fenrir-backups name=".fenrir-backups"
2025-12-04T11:15:12.631788Z  WARN tokio-runtime-worker ThreadId(10) fenrir::infra::modules::storage: Skipping hidden module entry path=/Users/jfurocket/Documents/personal/modules/.fenrir-backups name=".fenrir-backups"
2025-12-04T11:15:12.632572Z  WARN tokio-runtime-worker ThreadId(10) fenrir::infra::modules::storage: Skipping hidden module entry path=/Users/jfurocket/Documents/personal/modules/.cache name=".cache"
2025-12-04T11:15:27.700729Z  WARN tokio-runtime-worker ThreadId(67) fenrir::infra::modules::storage: Skipping hidden module entry path=/Users/jfurocket/Documents/personal/modules/.fenrir-backups name=".fenrir-backups"
2025-12-04T11:15:27.702387Z  WARN tokio-runtime-worker ThreadId(67) fenrir::infra::modules::storage: Skipping hidden module entry path=/Users/jfurocket/Documents/personal/modules/.cache name=".cache"
2025-12-04T11:15:42.700380Z  WARN tokio-runtime-worker ThreadId(67) fenrir::infra::modules::storage: Skipping hidden module entry path=/Users/jfurocket/Documents/personal/modules/.fenrir-backups name=".fenrir-backups"
2025-12-04T11:15:42.700805Z  WARN tokio-runtime-worker ThreadId(67) fenrir::infra::modules::storage: Skipping hidden module entry path=/Users/jfurocket/Documents/personal/modules/.cache name=".cache"
2025-12-04T11:15:57.702316Z  WARN tokio-runtime-worker ThreadId(124) fenrir::infra::modules::storage: Skipping hidden module entry path=/Users/jfurocket/Documents/personal/modules/.fenrir-backups name=".fenrir-backups"
2025-12-04T11:15:57.703484Z  WARN tokio-runtime-worker ThreadId(124) fenrir::infra::modules::storage: Skipping hidden module entry path=/Users/jfurocket/Documents/personal/modules/.cache name=".cache"
2025-12-04T11:16:02.764160Z  WARN tokio-runtime-worker ThreadId(66) fenrir::infra::modules::storage: Skipping hidden module entry path=/Users/jfurocket/Documents/personal/modules/.fenrir-backups name=".fenrir-backups"
2025-12-04T11:16:02.764570Z  WARN tokio-runtime-worker ThreadId(66) fenrir::infra::modules::storage: Skipping hidden module entry path=/Users/jfurocket/Documents/personal/modules/.cache name=".cache"
2025-12-04T11:16:12.701090Z  WARN tokio-runtime-worker ThreadId(124) fenrir::infra::modules::storage: Skipping hidden module entry path=/Users/jfurocket/Documents/personal/modules/.fenrir-backups name=".fenrir-backups"
2025-12-04T11:16:12.702428Z  WARN tokio-runtime-worker ThreadId(66) fenrir::infra::modules::storage: Skipping hidden module entry path=/Users/jfurocket/Documents/personal/modules/.cache name=".cache"
2025-12-04T11:16:27.702371Z  WARN tokio-runtime-worker ThreadId(124) fenrir::infra::modules::storage: Skipping hidden module entry path=/Users/jfurocket/Documents/personal/modules/.fenrir-backups name=".fenrir-backups"
2025-12-04T11:16:27.702731Z  WARN tokio-runtime-worker ThreadId(124) fenrir::infra::modules::storage: Skipping hidden module entry path=/Users/jfurocket/Documents/personal/modules/.cache name=".cache"
2025-12-04T11:16:39.055480Z  WARN tokio-runtime-worker ThreadId(66) fenrir::infra::modules::storage: Skipping hidden module entry path=/Users/jfurocket/Documents/personal/modules/.fenrir-backups name=".fenrir-backups"
2025-12-04T11:16:39.056147Z  WARN tokio-runtime-worker ThreadId(66) fenrir::infra::modules::storage: Skipping hidden module entry path=/Users/jfurocket/Documents/personal/modules/.cache name=".cache"
2025-12-04T11:16:42.704799Z  WARN tokio-runtime-worker ThreadId(12) fenrir::infra::modules::storage: Skipping hidden module entry path=/Users/jfurocket/Documents/personal/modules/.fenrir-backups name=".fenrir-backups"
2025-12-04T11:16:42.705880Z  WARN tokio-runtime-worker ThreadId(124) fenrir::infra::modules::storage: Skipping hidden module entry path=/Users/jfurocket/Documents/personal/modules/.cache name=".cache"
2025-12-04T11:16:43.259062Z  WARN tokio-runtime-worker ThreadId(10) fenrir::infra::modules::storage: Skipping hidden module entry path=/Users/jfurocket/Documents/personal/modules/.fenrir-backups name=".fenrir-backups"
2025-12-04T11:16:43.259870Z  WARN tokio-runtime-worker ThreadId(10) fenrir::infra::modules::storage: Skipping hidden module entry path=/Users/jfurocket/Documents/personal/modules/.cache name=".cache"
2025-12-04T11:16:44.425427Z  WARN tokio-runtime-worker ThreadId(124) fenrir::infra::modules::storage: Skipping hidden module entry path=/Users/jfurocket/Documents/personal/modules/.fenrir-backups name=".fenrir-backups"
2025-12-04T11:16:44.427179Z  WARN tokio-runtime-worker ThreadId(12) fenrir::infra::modules::storage: Skipping hidden module entry path=/Users/jfurocket/Documents/personal/modules/.cache name=".cache"
2025-12-04T11:16:44.468019Z  WARN tokio-runtime-worker ThreadId(12) fenrir::infra::modules::storage: Skipping hidden module entry path=/Users/jfurocket/Documents/personal/modules/.fenrir-backups name=".fenrir-backups"
2025-12-04T11:16:44.468490Z  WARN tokio-runtime-worker ThreadId(12) fenrir::infra::modules::storage: Skipping hidden module entry path=/Users/jfurocket/Documents/personal/modules/.cache name=".cache"
2025-12-04T11:16:52.951664Z  WARN tokio-runtime-worker ThreadId(10) fenrir::infra::modules::storage: Skipping hidden module entry path=/Users/jfurocket/Documents/personal/modules/.fenrir-backups name=".fenrir-backups"
2025-12-04T11:16:52.952016Z  WARN tokio-runtime-worker ThreadId(10) fenrir::infra::modules::storage: Skipping hidden module entry path=/Users/jfurocket/Documents/personal/modules/.cache name=".cache"
2025-12-04T11:16:53.869961Z  WARN tokio-runtime-worker ThreadId(67) fenrir::infra::modules::storage: Skipping hidden module entry path=/Users/jfurocket/Documents/personal/modules/.fenrir-backups name=".fenrir-backups"
2025-12-04T11:16:53.870676Z  WARN tokio-runtime-worker ThreadId(67) fenrir::infra::modules::storage: Skipping hidden module entry path=/Users/jfurocket/Documents/personal/modules/.cache name=".cache"
2025-12-04T11:16:56.094739Z  WARN tokio-runtime-worker ThreadId(67) fenrir::infra::modules::storage: Skipping hidden module entry path=/Users/jfurocket/Documents/personal/modules/.fenrir-backups name=".fenrir-backups"
2025-12-04T11:16:56.095170Z  WARN tokio-runtime-worker ThreadId(67) fenrir::infra::modules::storage: Skipping hidden module entry path=/Users/jfurocket/Documents/personal/modules/.cache name=".cache"
2025-12-04T11:16:57.601634Z  WARN tokio-runtime-worker ThreadId(67) fenrir::infra::modules::storage: Skipping hidden module entry path=/Users/jfurocket/Documents/personal/modules/.fenrir-backups name=".fenrir-backups"
2025-12-04T11:16:57.602307Z  WARN tokio-runtime-worker ThreadId(67) fenrir::infra::modules::storage: Skipping hidden module entry path=/Users/jfurocket/Documents/personal/modules/.cache name=".cache"
2025-12-04T11:16:58.544904Z  WARN tokio-runtime-worker ThreadId(12) fenrir::infra::modules::storage: Skipping hidden module entry path=/Users/jfurocket/Documents/personal/modules/.fenrir-backups name=".fenrir-backups"
2025-12-04T11:16:58.545536Z  WARN tokio-runtime-worker ThreadId(12) fenrir::infra::modules::storage: Skipping hidden module entry path=/Users/jfurocket/Documents/personal/modules/.cache name=".cache"
2025-12-04T11:17:00.462895Z  WARN tokio-runtime-worker ThreadId(67) fenrir::infra::modules::storage: Skipping hidden module entry path=/Users/jfurocket/Documents/personal/modules/.fenrir-backups name=".fenrir-backups"
2025-12-04T11:17:00.463879Z  WARN tokio-runtime-worker ThreadId(67) fenrir::infra::modules::storage: Skipping hidden module entry path=/Users/jfurocket/Documents/personal/modules/.cache name=".cache"
2025-12-04T11:17:00.493836Z  WARN tokio-runtime-worker ThreadId(10) fenrir::infra::modules::storage: Skipping hidden module entry path=/Users/jfurocket/Documents/personal/modules/.fenrir-backups name=".fenrir-backups"
2025-12-04T11:17:00.494573Z  WARN tokio-runtime-worker ThreadId(10) fenrir::infra::modules::storage: Skipping hidden module entry path=/Users/jfurocket/Documents/personal/modules/.cache name=".cache"
2025-12-04T11:17:01.218514Z  WARN tokio-runtime-worker ThreadId(124) fenrir::infra::modules::storage: Skipping hidden module entry path=/Users/jfurocket/Documents/personal/modules/.fenrir-backups name=".fenrir-backups"
2025-12-04T11:17:01.219119Z  WARN tokio-runtime-worker ThreadId(124) fenrir::infra::modules::storage: Skipping hidden module entry path=/Users/jfurocket/Documents/personal/modules/.cache name=".cache"
2025-12-04T11:17:01.941055Z  WARN tokio-runtime-worker ThreadId(12) fenrir::infra::modules::storage: Skipping hidden module entry path=/Users/jfurocket/Documents/personal/modules/.fenrir-backups name=".fenrir-backups"
2025-12-04T11:17:01.941619Z  WARN tokio-runtime-worker ThreadId(12) fenrir::infra::modules::storage: Skipping hidden module entry path=/Users/jfurocket/Documents/personal/modules/.cache name=".cache"
2025-12-04T11:17:02.703984Z  WARN tokio-runtime-worker ThreadId(67) fenrir::infra::modules::storage: Skipping hidden module entry path=/Users/jfurocket/Documents/personal/modules/.fenrir-backups name=".fenrir-backups"
2025-12-04T11:17:02.704879Z  WARN tokio-runtime-worker ThreadId(10) fenrir::infra::modules::storage: Skipping hidden module entry path=/Users/jfurocket/Documents/personal/modules/.cache name=".cache"
2025-12-04T11:17:03.366419Z  WARN tokio-runtime-worker ThreadId(10) fenrir::infra::modules::storage: Skipping hidden module entry path=/Users/jfurocket/Documents/personal/modules/.fenrir-backups name=".fenrir-backups"
2025-12-04T11:17:03.367090Z  WARN tokio-runtime-worker ThreadId(10) fenrir::infra::modules::storage: Skipping hidden module entry path=/Users/jfurocket/Documents/personal/modules/.cache name=".cache"
2025-12-04T11:17:03.401731Z  WARN tokio-runtime-worker ThreadId(124) fenrir::infra::modules::storage: Skipping hidden module entry path=/Users/jfurocket/Documents/personal/modules/.fenrir-backups name=".fenrir-backups"
2025-12-04T11:17:03.402107Z  WARN tokio-runtime-worker ThreadId(124) fenrir::infra::modules::storage: Skipping hidden module entry path=/Users/jfurocket/Documents/personal/modules/.cache name=".cache"
2025-12-04T11:17:04.096207Z  WARN tokio-runtime-worker ThreadId(67) fenrir::infra::modules::storage: Skipping hidden module entry path=/Users/jfurocket/Documents/personal/modules/.fenrir-backups name=".fenrir-backups"
2025-12-04T11:17:04.096644Z  WARN tokio-runtime-worker ThreadId(67) fenrir::infra::modules::storage: Skipping hidden module entry path=/Users/jfurocket/Documents/personal/modules/.cache name=".cache"
2025-12-04T11:17:04.737320Z  WARN tokio-runtime-worker ThreadId(67) fenrir::infra::modules::storage: Skipping hidden module entry path=/Users/jfurocket/Documents/personal/modules/.fenrir-backups name=".fenrir-backups"
2025-12-04T11:17:04.738037Z  WARN tokio-runtime-worker ThreadId(67) fenrir::infra::modules::storage: Skipping hidden module entry path=/Users/jfurocket/Documents/personal/modules/.cache name=".cache"
2025-12-04T11:17:04.779580Z  WARN tokio-runtime-worker ThreadId(10) fenrir::infra::modules::storage: Skipping hidden module entry path=/Users/jfurocket/Documents/personal/modules/.fenrir-backups name=".fenrir-backups"
2025-12-04T11:17:04.780708Z  WARN tokio-runtime-worker ThreadId(10) fenrir::infra::modules::storage: Skipping hidden module entry path=/Users/jfurocket/Documents/personal/modules/.cache name=".cache"
2025-12-04T11:17:05.471100Z  WARN tokio-runtime-worker ThreadId(66) fenrir::infra::modules::storage: Skipping hidden module entry path=/Users/jfurocket/Documents/personal/modules/.fenrir-backups name=".fenrir-backups"
2025-12-04T11:17:05.471904Z  WARN tokio-runtime-worker ThreadId(66) fenrir::infra::modules::storage: Skipping hidden module entry path=/Users/jfurocket/Documents/personal/modules/.cache name=".cache"
2025-12-04T11:17:06.846865Z  WARN tokio-runtime-worker ThreadId(67) fenrir::infra::modules::storage: Skipping hidden module entry path=/Users/jfurocket/Documents/personal/modules/.fenrir-backups name=".fenrir-backups"
2025-12-04T11:17:06.847322Z  WARN tokio-runtime-worker ThreadId(67) fenrir::infra::modules::storage: Skipping hidden module entry path=/Users/jfurocket/Documents/personal/modules/.cache name=".cache"
2025-12-04T11:17:21.159957Z  WARN tokio-runtime-worker ThreadId(67) fenrir::infra::modules::storage: Skipping hidden module entry path=/Users/jfurocket/Documents/personal/modules/.fenrir-backups name=".fenrir-backups"
2025-12-04T11:17:21.161552Z  WARN tokio-runtime-worker ThreadId(10) fenrir::infra::modules::storage: Skipping hidden module entry path=/Users/jfurocket/Documents/personal/modules/.cache name=".cache"
2025-12-04T11:17:21.904270Z  WARN tokio-runtime-worker ThreadId(10) fenrir::infra::modules::storage: Skipping hidden module entry path=/Users/jfurocket/Documents/personal/modules/.fenrir-backups name=".fenrir-backups"
2025-12-04T11:17:21.904942Z  WARN tokio-runtime-worker ThreadId(10) fenrir::infra::modules::storage: Skipping hidden module entry path=/Users/jfurocket/Documents/personal/modules/.cache name=".cache"
2025-12-04T11:17:22.409800Z  WARN tokio-runtime-worker ThreadId(10) fenrir::infra::modules::storage: Skipping hidden module entry path=/Users/jfurocket/Documents/personal/modules/.fenrir-backups name=".fenrir-backups"
2025-12-04T11:17:22.410614Z  WARN tokio-runtime-worker ThreadId(10) fenrir::infra::modules::storage: Skipping hidden module entry path=/Users/jfurocket/Documents/personal/modules/.cache name=".cache"
2025-12-04T11:17:22.435143Z  WARN tokio-runtime-worker ThreadId(12) fenrir::infra::modules::storage: Skipping hidden module entry path=/Users/jfurocket/Documents/personal/modules/.fenrir-backups name=".fenrir-backups"
2025-12-04T11:17:22.435960Z  WARN tokio-runtime-worker ThreadId(12) fenrir::infra::modules::storage: Skipping hidden module entry path=/Users/jfurocket/Documents/personal/modules/.cache name=".cache"
2025-12-04T11:17:36.359627Z  WARN tokio-runtime-worker ThreadId(66) fenrir::infra::modules::storage: Skipping hidden module entry path=/Users/jfurocket/Documents/personal/modules/.fenrir-backups name=".fenrir-backups"
2025-12-04T11:17:36.360736Z  WARN tokio-runtime-worker ThreadId(66) fenrir::infra::modules::storage: Skipping hidden module entry path=/Users/jfurocket/Documents/personal/modules/.cache name=".cache"
2025-12-04T11:17:36.388744Z  WARN tokio-runtime-worker ThreadId(12) fenrir::infra::modules::storage: Skipping hidden module entry path=/Users/jfurocket/Documents/personal/modules/.fenrir-backups name=".fenrir-backups"
2025-12-04T11:17:36.389299Z  WARN tokio-runtime-worker ThreadId(12) fenrir::infra::modules::storage: Skipping hidden module entry path=/Users/jfurocket/Documents/personal/modules/.cache name=".cache"
2025-12-04T11:17:41.238820Z  WARN tokio-runtime-worker ThreadId(12) fenrir::infra::modules::storage: Skipping hidden module entry path=/Users/jfurocket/Documents/personal/modules/.fenrir-backups name=".fenrir-backups"
2025-12-04T11:17:41.239434Z  WARN tokio-runtime-worker ThreadId(12) fenrir::infra::modules::storage: Skipping hidden module entry path=/Users/jfurocket/Documents/personal/modules/.cache name=".cache"
2025-12-04T11:17:42.418469Z  WARN tokio-runtime-worker ThreadId(66) fenrir::infra::modules::storage: Skipping hidden module entry path=/Users/jfurocket/Documents/personal/modules/.fenrir-backups name=".fenrir-backups"
2025-12-04T11:17:42.446985Z  WARN tokio-runtime-worker ThreadId(67) fenrir::infra::modules::storage: Skipping hidden module entry path=/Users/jfurocket/Documents/personal/modules/.fenrir-backups name=".fenrir-backups"
2025-12-04T11:17:42.447929Z  WARN tokio-runtime-worker ThreadId(67) fenrir::infra::modules::storage: Skipping hidden module entry path=/Users/jfurocket/Documents/personal/modules/.cache name=".cache"
2025-12-04T11:17:57.509988Z  WARN tokio-runtime-worker ThreadId(66) fenrir::infra::modules::storage: Skipping hidden module entry path=/Users/jfurocket/Documents/personal/modules/.fenrir-backups name=".fenrir-backups"
2025-12-04T11:17:57.510979Z  WARN tokio-runtime-worker ThreadId(66) fenrir::infra::modules::storage: Skipping hidden module entry path=/Users/jfurocket/Documents/personal/modules/.cache name=".cache"
2025-12-04T11:18:12.508231Z  WARN tokio-runtime-worker ThreadId(10) fenrir::infra::modules::storage: Skipping hidden module entry path=/Users/jfurocket/Documents/personal/modules/.fenrir-backups name=".fenrir-backups"
2025-12-04T11:18:12.509932Z  WARN tokio-runtime-worker ThreadId(10) fenrir::infra::modules::storage: Skipping hidden module entry path=/Users/jfurocket/Documents/personal/modules/.cache name=".cache"
2025-12-04T11:18:27.508723Z  WARN tokio-runtime-worker ThreadId(10) fenrir::infra::modules::storage: Skipping hidden module entry path=/Users/jfurocket/Documents/personal/modules/.fenrir-backups name=".fenrir-backups"
2025-12-04T11:18:27.509603Z  WARN tokio-runtime-worker ThreadId(10) fenrir::infra::modules::storage: Skipping hidden module entry path=/Users/jfurocket/Documents/personal/modules/.cache name=".cache"
2025-12-04T11:18:38.966554Z  WARN tokio-runtime-worker ThreadId(66) fenrir::infra::modules::storage: Skipping hidden module entry path=/Users/jfurocket/Documents/personal/modules/.fenrir-backups name=".fenrir-backups"
2025-12-04T11:18:38.966907Z  WARN tokio-runtime-worker ThreadId(66) fenrir::infra::modules::storage: Skipping hidden module entry path=/Users/jfurocket/Documents/personal/modules/.cache name=".cache"
2025-12-04T11:18:42.509184Z  WARN tokio-runtime-worker ThreadId(66) fenrir::infra::modules::storage: Skipping hidden module entry path=/Users/jfurocket/Documents/personal/modules/.fenrir-backups name=".fenrir-backups"
2025-12-04T11:18:42.510344Z  WARN tokio-runtime-worker ThreadId(66) fenrir::infra::modules::storage: Skipping hidden module entry path=/Users/jfurocket/Documents/personal/modules/.cache name=".cache"
2025-12-04T11:18:57.507521Z  WARN tokio-runtime-worker ThreadId(10) fenrir::infra::modules::storage: Skipping hidden module entry path=/Users/jfurocket/Documents/personal/modules/.fenrir-backups name=".fenrir-backups"
2025-12-04T11:18:57.508683Z  WARN tokio-runtime-worker ThreadId(10) fenrir::infra::modules::storage: Skipping hidden module entry path=/Users/jfurocket/Documents/personal/modules/.cache name=".cache"
2025-12-04T11:19:11.833821Z  WARN tokio-runtime-worker ThreadId(124) fenrir::infra::modules::storage: Skipping hidden module entry path=/Users/jfurocket/Documents/personal/modules/.fenrir-backups name=".fenrir-backups"
2025-12-04T11:19:11.834224Z  WARN tokio-runtime-worker ThreadId(124) fenrir::infra::modules::storage: Skipping hidden module entry path=/Users/jfurocket/Documents/personal/modules/.cache name=".cache"
2025-12-04T11:19:12.505173Z  WARN tokio-runtime-worker ThreadId(12) fenrir::infra::modules::storage: Skipping hidden module entry path=/Users/jfurocket/Documents/personal/modules/.fenrir-backups name=".fenrir-backups"
2025-12-04T11:19:12.505581Z  WARN tokio-runtime-worker ThreadId(12) fenrir::infra::modules::storage: Skipping hidden module entry path=/Users/jfurocket/Documents/personal/modules/.cache name=".cache"
2025-12-04T11:19:13.179509Z  WARN tokio-runtime-worker ThreadId(12) fenrir::infra::modules::storage: Skipping hidden module entry path=/Users/jfurocket/Documents/personal/modules/.fenrir-backups name=".fenrir-backups"
2025-12-04T11:19:13.180118Z  WARN tokio-runtime-worker ThreadId(12) fenrir::infra::modules::storage: Skipping hidden module entry path=/Users/jfurocket/Documents/personal/modules/.cache name=".cache"
2025-12-04T11:19:17.654176Z  WARN tokio-runtime-worker ThreadId(124) fenrir::infra::modules::storage: Skipping hidden module entry path=/Users/jfurocket/Documents/personal/modules/.fenrir-backups name=".fenrir-backups"
2025-12-04T11:19:17.682870Z  WARN tokio-runtime-worker ThreadId(12) fenrir::infra::modules::storage: Skipping hidden module entry path=/Users/jfurocket/Documents/personal/modules/.fenrir-backups name=".fenrir-backups"
2025-12-04T11:19:17.683486Z  WARN tokio-runtime-worker ThreadId(12) fenrir::infra::modules::storage: Skipping hidden module entry path=/Users/jfurocket/Documents/personal/modules/.cache name=".cache"
2025-12-04T11:19:25.063926Z  WARN tokio-runtime-worker ThreadId(66) fenrir::infra::modules::storage: Skipping hidden module entry path=/Users/jfurocket/Documents/personal/modules/.fenrir-backups name=".fenrir-backups"
2025-12-04T11:19:25.064728Z  WARN tokio-runtime-worker ThreadId(124) fenrir::infra::modules::storage: Skipping hidden module entry path=/Users/jfurocket/Documents/personal/modules/.cache name=".cache"
2025-12-04T11:19:32.764794Z  WARN tokio-runtime-worker ThreadId(67) fenrir::infra::modules::storage: Skipping hidden module entry path=/Users/jfurocket/Documents/personal/modules/.fenrir-backups name=".fenrir-backups"
2025-12-04T11:19:32.765988Z  WARN tokio-runtime-worker ThreadId(66) fenrir::infra::modules::storage: Skipping hidden module entry path=/Users/jfurocket/Documents/personal/modules/.cache name=".cache"
2025-12-04T11:19:38.120808Z  WARN tokio-runtime-worker ThreadId(12) fenrir::infra::modules::storage: Skipping hidden module entry path=/Users/jfurocket/Documents/personal/modules/.fenrir-backups name=".fenrir-backups"
2025-12-04T11:19:38.121154Z  WARN tokio-runtime-worker ThreadId(12) fenrir::infra::modules::storage: Skipping hidden module entry path=/Users/jfurocket/Documents/personal/modules/.cache name=".cache"
2025-12-04T11:19:39.352718Z  WARN tokio-runtime-worker ThreadId(10) fenrir::infra::modules::storage: Skipping hidden module entry path=/Users/jfurocket/Documents/personal/modules/.fenrir-backups name=".fenrir-backups"
2025-12-04T11:19:39.353203Z  WARN tokio-runtime-worker ThreadId(10) fenrir::infra::modules::storage: Skipping hidden module entry path=/Users/jfurocket/Documents/personal/modules/.cache name=".cache"
2025-12-04T11:19:54.427820Z  WARN tokio-runtime-worker ThreadId(67) fenrir::infra::modules::storage: Skipping hidden module entry path=/Users/jfurocket/Documents/personal/modules/.fenrir-backups name=".fenrir-backups"
2025-12-04T11:19:54.428351Z  WARN tokio-runtime-worker ThreadId(67) fenrir::infra::modules::storage: Skipping hidden module entry path=/Users/jfurocket/Documents/personal/modules/.cache name=".cache"
2025-12-04T11:20:03.736279Z  WARN tokio-runtime-worker ThreadId(67) fenrir::infra::modules::storage: Skipping hidden module entry path=/Users/jfurocket/Documents/personal/modules/.fenrir-backups name=".fenrir-backups"
2025-12-04T11:20:03.737473Z  WARN tokio-runtime-worker ThreadId(67) fenrir::infra::modules::storage: Skipping hidden module entry path=/Users/jfurocket/Documents/personal/modules/.cache name=".cache"
2025-12-04T11:20:09.435183Z  WARN tokio-runtime-worker ThreadId(12) fenrir::infra::modules::storage: Skipping hidden module entry path=/Users/jfurocket/Documents/personal/modules/.fenrir-backups name=".fenrir-backups"
2025-12-04T11:20:09.436379Z  WARN tokio-runtime-worker ThreadId(12) fenrir::infra::modules::storage: Skipping hidden module entry path=/Users/jfurocket/Documents/personal/modules/.cache name=".cache"
2025-12-04T11:20:10.310276Z  WARN tokio-runtime-worker ThreadId(124) fenrir::infra::modules::storage: Skipping hidden module entry path=/Users/jfurocket/Documents/personal/modules/.fenrir-backups name=".fenrir-backups"
2025-12-04T11:20:10.310899Z  WARN tokio-runtime-worker ThreadId(124) fenrir::infra::modules::storage: Skipping hidden module entry path=/Users/jfurocket/Documents/personal/modules/.cache name=".cache"
2025-12-04T11:20:15.334530Z  WARN tokio-runtime-worker ThreadId(67) fenrir::infra::modules::storage: Skipping hidden module entry path=/Users/jfurocket/Documents/personal/modules/.fenrir-backups name=".fenrir-backups"
2025-12-04T11:20:15.335272Z  WARN tokio-runtime-worker ThreadId(124) fenrir::infra::modules::storage: Skipping hidden module entry path=/Users/jfurocket/Documents/personal/modules/.cache name=".cache"
2025-12-04T11:20:24.428201Z  WARN tokio-runtime-worker ThreadId(124) fenrir::infra::modules::storage: Skipping hidden module entry path=/Users/jfurocket/Documents/personal/modules/.fenrir-backups name=".fenrir-backups"
2025-12-04T11:20:24.428921Z  WARN tokio-runtime-worker ThreadId(124) fenrir::infra::modules::storage: Skipping hidden module entry path=/Users/jfurocket/Documents/personal/modules/.cache name=".cache"
2025-12-04T11:20:36.156355Z  WARN tokio-runtime-worker ThreadId(66) fenrir::infra::modules::storage: Skipping hidden module entry path=/Users/jfurocket/Documents/personal/modules/.fenrir-backups name=".fenrir-backups"
2025-12-04T11:20:36.156876Z  WARN tokio-runtime-worker ThreadId(66) fenrir::infra::modules::storage: Skipping hidden module entry path=/Users/jfurocket/Documents/personal/modules/.cache name=".cache"
2025-12-04T11:20:37.062890Z  WARN tokio-runtime-worker ThreadId(12) fenrir::infra::modules::storage: Skipping hidden module entry path=/Users/jfurocket/Documents/personal/modules/.fenrir-backups name=".fenrir-backups"
2025-12-04T11:20:37.063702Z  WARN tokio-runtime-worker ThreadId(12) fenrir::infra::modules::storage: Skipping hidden module entry path=/Users/jfurocket/Documents/personal/modules/.cache name=".cache"
2025-12-04T11:20:37.114870Z  WARN tokio-runtime-worker ThreadId(12) fenrir::infra::modules::storage: Skipping hidden module entry path=/Users/jfurocket/Documents/personal/modules/.fenrir-backups name=".fenrir-backups"
2025-12-04T11:20:37.118338Z  WARN tokio-runtime-worker ThreadId(66) fenrir::infra::modules::storage: Skipping hidden module entry path=/Users/jfurocket/Documents/personal/modules/.cache name=".cache"
2025-12-04T11:20:43.901262Z  WARN tokio-runtime-worker ThreadId(66) fenrir::infra::modules::storage: Skipping hidden module entry path=/Users/jfurocket/Documents/personal/modules/.fenrir-backups name=".fenrir-backups"
2025-12-04T11:20:43.933585Z  WARN tokio-runtime-worker ThreadId(66) fenrir::infra::modules::storage: Skipping hidden module entry path=/Users/jfurocket/Documents/personal/modules/.fenrir-backups name=".fenrir-backups"
2025-12-04T11:20:43.934144Z  WARN tokio-runtime-worker ThreadId(66) fenrir::infra::modules::storage: Skipping hidden module entry path=/Users/jfurocket/Documents/personal/modules/.cache name=".cache"
2025-12-04T11:20:47.236898Z  WARN tokio-runtime-worker ThreadId(10) fenrir::infra::modules::storage: Skipping hidden module entry path=/Users/jfurocket/Documents/personal/modules/.fenrir-backups name=".fenrir-backups"
2025-12-04T11:20:47.237524Z  WARN tokio-runtime-worker ThreadId(10) fenrir::infra::modules::storage: Skipping hidden module entry path=/Users/jfurocket/Documents/personal/modules/.cache name=".cache"
2025-12-04T11:20:47.269867Z  WARN tokio-runtime-worker ThreadId(124) fenrir::infra::modules::storage: Skipping hidden module entry path=/Users/jfurocket/Documents/personal/modules/.fenrir-backups name=".fenrir-backups"
2025-12-04T11:20:47.270251Z  WARN tokio-runtime-worker ThreadId(124) fenrir::infra::modules::storage: Skipping hidden module entry path=/Users/jfurocket/Documents/personal/modules/.cache name=".cache"
2025-12-04T11:20:50.955041Z  WARN tokio-runtime-worker ThreadId(124) fenrir::infra::modules::storage: Skipping hidden module entry path=/Users/jfurocket/Documents/personal/modules/.fenrir-backups name=".fenrir-backups"
2025-12-04T11:20:50.955468Z  WARN tokio-runtime-worker ThreadId(124) fenrir::infra::modules::storage: Skipping hidden module entry path=/Users/jfurocket/Documents/personal/modules/.cache name=".cache"
2025-12-04T11:20:50.988228Z  WARN tokio-runtime-worker ThreadId(12) fenrir::infra::modules::storage: Skipping hidden module entry path=/Users/jfurocket/Documents/personal/modules/.fenrir-backups name=".fenrir-backups"
2025-12-04T11:20:50.988976Z  WARN tokio-runtime-worker ThreadId(12) fenrir::infra::modules::storage: Skipping hidden module entry path=/Users/jfurocket/Documents/personal/modules/.cache name=".cache"
2025-12-04T11:20:57.030475Z  WARN tokio-runtime-worker ThreadId(245) fenrir::infra::modules::storage: Skipping hidden module entry path=/Users/jfurocket/Documents/personal/modules/.fenrir-backups name=".fenrir-backups"
2025-12-04T11:20:57.031126Z  WARN tokio-runtime-worker ThreadId(245) fenrir::infra::modules::storage: Skipping hidden module entry path=/Users/jfurocket/Documents/personal/modules/.cache name=".cache"
2025-12-04T11:20:57.058618Z  WARN tokio-runtime-worker ThreadId(67) fenrir::infra::modules::storage: Skipping hidden module entry path=/Users/jfurocket/Documents/personal/modules/.fenrir-backups name=".fenrir-backups"
2025-12-04T11:20:57.059499Z  WARN tokio-runtime-worker ThreadId(67) fenrir::infra::modules::storage: Skipping hidden module entry path=/Users/jfurocket/Documents/personal/modules/.cache name=".cache"
2025-12-04T11:21:03.355954Z  WARN tokio-runtime-worker ThreadId(67) fenrir::infra::modules::storage: Skipping hidden module entry path=/Users/jfurocket/Documents/personal/modules/.fenrir-backups name=".fenrir-backups"
2025-12-04T11:21:03.357850Z  WARN tokio-runtime-worker ThreadId(67) fenrir::infra::modules::storage: Skipping hidden module entry path=/Users/jfurocket/Documents/personal/modules/.cache name=".cache"
2025-12-04T11:21:03.386989Z  WARN tokio-runtime-worker ThreadId(245) fenrir::infra::modules::storage: Skipping hidden module entry path=/Users/jfurocket/Documents/personal/modules/.fenrir-backups name=".fenrir-backups"
2025-12-04T11:21:03.387476Z  WARN tokio-runtime-worker ThreadId(245) fenrir::infra::modules::storage: Skipping hidden module entry path=/Users/jfurocket/Documents/personal/modules/.cache name=".cache"
2025-12-04T11:21:06.114188Z  WARN tokio-runtime-worker ThreadId(12) fenrir::infra::modules::storage: Skipping hidden module entry path=/Users/jfurocket/Documents/personal/modules/.fenrir-backups name=".fenrir-backups"
2025-12-04T11:21:06.137498Z  WARN tokio-runtime-worker ThreadId(10) fenrir::infra::modules::storage: Skipping hidden module entry path=/Users/jfurocket/Documents/personal/modules/.fenrir-backups name=".fenrir-backups"
2025-12-04T11:21:06.137845Z  WARN tokio-runtime-worker ThreadId(10) fenrir::infra::modules::storage: Skipping hidden module entry path=/Users/jfurocket/Documents/personal/modules/.cache name=".cache"
2025-12-04T11:21:13.362836Z  WARN tokio-runtime-worker ThreadId(10) fenrir::infra::modules::storage: Skipping hidden module entry path=/Users/jfurocket/Documents/personal/modules/.fenrir-backups name=".fenrir-backups"
2025-12-04T11:21:13.363168Z  WARN tokio-runtime-worker ThreadId(10) fenrir::infra::modules::storage: Skipping hidden module entry path=/Users/jfurocket/Documents/personal/modules/.cache name=".cache"
2025-12-04T11:21:14.359741Z  WARN tokio-runtime-worker ThreadId(67) fenrir::infra::modules::storage: Skipping hidden module entry path=/Users/jfurocket/Documents/personal/modules/.fenrir-backups name=".fenrir-backups"
2025-12-04T11:21:14.360710Z  WARN tokio-runtime-worker ThreadId(12) fenrir::infra::modules::storage: Skipping hidden module entry path=/Users/jfurocket/Documents/personal/modules/.cache name=".cache"
2025-12-04T11:21:14.389832Z  WARN tokio-runtime-worker ThreadId(245) fenrir::infra::modules::storage: Skipping hidden module entry path=/Users/jfurocket/Documents/personal/modules/.fenrir-backups name=".fenrir-backups"
2025-12-04T11:21:14.390312Z  WARN tokio-runtime-worker ThreadId(245) fenrir::infra::modules::storage: Skipping hidden module entry path=/Users/jfurocket/Documents/personal/modules/.cache name=".cache"
2025-12-04T11:21:29.457052Z  WARN tokio-runtime-worker ThreadId(12) fenrir::infra::modules::storage: Skipping hidden module entry path=/Users/jfurocket/Documents/personal/modules/.fenrir-backups name=".fenrir-backups"
2025-12-04T11:21:29.457670Z  WARN tokio-runtime-worker ThreadId(12) fenrir::infra::modules::storage: Skipping hidden module entry path=/Users/jfurocket/Documents/personal/modules/.cache name=".cache"
2025-12-04T11:21:44.459926Z  WARN tokio-runtime-worker ThreadId(245) fenrir::infra::modules::storage: Skipping hidden module entry path=/Users/jfurocket/Documents/personal/modules/.fenrir-backups name=".fenrir-backups"
2025-12-04T11:21:44.461929Z  WARN tokio-runtime-worker ThreadId(246) fenrir::infra::modules::storage: Skipping hidden module entry path=/Users/jfurocket/Documents/personal/modules/.cache name=".cache"
2025-12-04T11:21:56.899977Z  WARN tokio-runtime-worker ThreadId(10) fenrir::infra::modules::storage: Skipping hidden module entry path=/Users/jfurocket/Documents/personal/modules/.fenrir-backups name=".fenrir-backups"
2025-12-04T11:21:56.900302Z  WARN tokio-runtime-worker ThreadId(10) fenrir::infra::modules::storage: Skipping hidden module entry path=/Users/jfurocket/Documents/personal/modules/.cache name=".cache"
2025-12-04T11:21:56.955917Z  WARN tokio-runtime-worker ThreadId(10) fenrir::infra::modules::storage: Skipping hidden module entry path=/Users/jfurocket/Documents/personal/modules/.fenrir-backups name=".fenrir-backups"
2025-12-04T11:21:56.956938Z  WARN tokio-runtime-worker ThreadId(10) fenrir::infra::modules::storage: Skipping hidden module entry path=/Users/jfurocket/Documents/personal/modules/.cache name=".cache"
2025-12-04T11:22:03.176200Z  WARN tokio-runtime-worker ThreadId(12) fenrir::infra::modules::storage: Skipping hidden module entry path=/Users/jfurocket/Documents/personal/modules/.fenrir-backups name=".fenrir-backups"
2025-12-04T11:22:03.176727Z  WARN tokio-runtime-worker ThreadId(12) fenrir::infra::modules::storage: Skipping hidden module entry path=/Users/jfurocket/Documents/personal/modules/.cache name=".cache"
2025-12-04T11:22:04.010890Z  WARN tokio-runtime-worker ThreadId(248) fenrir::infra::modules::storage: Skipping hidden module entry path=/Users/jfurocket/Documents/personal/modules/.fenrir-backups name=".fenrir-backups"
2025-12-04T11:22:04.041113Z  WARN tokio-runtime-worker ThreadId(248) fenrir::infra::modules::storage: Skipping hidden module entry path=/Users/jfurocket/Documents/personal/modules/.fenrir-backups name=".fenrir-backups"
2025-12-04T11:22:04.041791Z  WARN tokio-runtime-worker ThreadId(248) fenrir::infra::modules::storage: Skipping hidden module entry path=/Users/jfurocket/Documents/personal/modules/.cache name=".cache"
2025-12-04T11:22:17.614269Z  WARN tokio-runtime-worker ThreadId(248) fenrir::infra::modules::storage: Skipping hidden module entry path=/Users/jfurocket/Documents/personal/modules/.fenrir-backups name=".fenrir-backups"
2025-12-04T11:22:17.615936Z  WARN tokio-runtime-worker ThreadId(248) fenrir::infra::modules::storage: Skipping hidden module entry path=/Users/jfurocket/Documents/personal/modules/.cache name=".cache"
2025-12-04T11:22:17.743573Z  WARN tokio-runtime-worker ThreadId(256) fenrir::infra::modules::storage: Skipping hidden module entry path=/Users/jfurocket/Documents/personal/modules/.fenrir-backups name=".fenrir-backups"
2025-12-04T11:22:17.744117Z  WARN tokio-runtime-worker ThreadId(256) fenrir::infra::modules::storage: Skipping hidden module entry path=/Users/jfurocket/Documents/personal/modules/.cache name=".cache"
2025-12-04T11:22:19.117381Z  WARN tokio-runtime-worker ThreadId(246) fenrir::infra::modules::storage: Skipping hidden module entry path=/Users/jfurocket/Documents/personal/modules/.fenrir-backups name=".fenrir-backups"
2025-12-04T11:22:19.119051Z  WARN tokio-runtime-worker ThreadId(246) fenrir::infra::modules::storage: Skipping hidden module entry path=/Users/jfurocket/Documents/personal/modules/.cache name=".cache"
2025-12-04T11:22:34.191079Z  WARN tokio-runtime-worker ThreadId(256) fenrir::infra::modules::storage: Skipping hidden module entry path=/Users/jfurocket/Documents/personal/modules/.fenrir-backups name=".fenrir-backups"
2025-12-04T11:22:34.191425Z  WARN tokio-runtime-worker ThreadId(256) fenrir::infra::modules::storage: Skipping hidden module entry path=/Users/jfurocket/Documents/personal/modules/.cache name=".cache"
2025-12-04T11:22:43.263720Z  WARN tokio-runtime-worker ThreadId(260) fenrir::infra::modules::storage: Skipping hidden module entry path=/Users/jfurocket/Documents/personal/modules/.fenrir-backups name=".fenrir-backups"
2025-12-04T11:22:43.264497Z  WARN tokio-runtime-worker ThreadId(260) fenrir::infra::modules::storage: Skipping hidden module entry path=/Users/jfurocket/Documents/personal/modules/.cache name=".cache"
2025-12-04T11:22:43.394967Z  WARN tokio-runtime-worker ThreadId(248) fenrir::infra::modules::storage: Skipping hidden module entry path=/Users/jfurocket/Documents/personal/modules/.fenrir-backups name=".fenrir-backups"
2025-12-04T11:22:43.395709Z  WARN tokio-runtime-worker ThreadId(260) fenrir::infra::modules::storage: Skipping hidden module entry path=/Users/jfurocket/Documents/personal/modules/.cache name=".cache"
2025-12-04T11:22:46.629942Z  WARN tokio-runtime-worker ThreadId(256) fenrir::infra::modules::storage: Skipping hidden module entry path=/Users/jfurocket/Documents/personal/modules/.fenrir-backups name=".fenrir-backups"
2025-12-04T11:22:46.630867Z  WARN tokio-runtime-worker ThreadId(256) fenrir::infra::modules::storage: Skipping hidden module entry path=/Users/jfurocket/Documents/personal/modules/.cache name=".cache"
2025-12-04T11:22:53.800267Z  WARN tokio-runtime-worker ThreadId(248) fenrir::infra::modules::storage: Skipping hidden module entry path=/Users/jfurocket/Documents/personal/modules/.fenrir-backups name=".fenrir-backups"
2025-12-04T11:22:53.800492Z  WARN tokio-runtime-worker ThreadId(248) fenrir::infra::modules::storage: Skipping hidden module entry path=/Users/jfurocket/Documents/personal/modules/.cache name=".cache"
2025-12-04T11:23:01.710003Z  WARN tokio-runtime-worker ThreadId(256) fenrir::infra::modules::storage: Skipping hidden module entry path=/Users/jfurocket/Documents/personal/modules/.fenrir-backups name=".fenrir-backups"
2025-12-04T11:23:01.711611Z  WARN tokio-runtime-worker ThreadId(256) fenrir::infra::modules::storage: Skipping hidden module entry path=/Users/jfurocket/Documents/personal/modules/.cache name=".cache"
2025-12-04T11:23:07.162111Z  WARN tokio-runtime-worker ThreadId(260) fenrir::infra::modules::storage: Skipping hidden module entry path=/Users/jfurocket/Documents/personal/modules/.fenrir-backups name=".fenrir-backups"
2025-12-04T11:23:07.162511Z  WARN tokio-runtime-worker ThreadId(260) fenrir::infra::modules::storage: Skipping hidden module entry path=/Users/jfurocket/Documents/personal/modules/.cache name=".cache"
2025-12-04T11:23:16.707738Z  WARN tokio-runtime-worker ThreadId(259) fenrir::infra::modules::storage: Skipping hidden module entry path=/Users/jfurocket/Documents/personal/modules/.fenrir-backups name=".fenrir-backups"
2025-12-04T11:23:16.708666Z  WARN tokio-runtime-worker ThreadId(259) fenrir::infra::modules::storage: Skipping hidden module entry path=/Users/jfurocket/Documents/personal/modules/.cache name=".cache"
2025-12-04T11:23:31.704439Z  WARN tokio-runtime-worker ThreadId(248) fenrir::infra::modules::storage: Skipping hidden module entry path=/Users/jfurocket/Documents/personal/modules/.fenrir-backups name=".fenrir-backups"
2025-12-04T11:23:31.704948Z  WARN tokio-runtime-worker ThreadId(248) fenrir::infra::modules::storage: Skipping hidden module entry path=/Users/jfurocket/Documents/personal/modules/.cache name=".cache"
2025-12-04T11:23:46.707945Z  WARN tokio-runtime-worker ThreadId(245) fenrir::infra::modules::storage: Skipping hidden module entry path=/Users/jfurocket/Documents/personal/modules/.fenrir-backups name=".fenrir-backups"
2025-12-04T11:23:46.708732Z  WARN tokio-runtime-worker ThreadId(245) fenrir::infra::modules::storage: Skipping hidden module entry path=/Users/jfurocket/Documents/personal/modules/.cache name=".cache"
2025-12-04T11:23:56.582964Z  WARN tokio-runtime-worker ThreadId(256) fenrir::infra::modules::storage: Skipping hidden module entry path=/Users/jfurocket/Documents/personal/modules/.fenrir-backups name=".fenrir-backups"
2025-12-04T11:23:56.584117Z  WARN tokio-runtime-worker ThreadId(256) fenrir::infra::modules::storage: Skipping hidden module entry path=/Users/jfurocket/Documents/personal/modules/.cache name=".cache"
2025-12-04T11:24:01.703292Z  WARN tokio-runtime-worker ThreadId(259) fenrir::infra::modules::storage: Skipping hidden module entry path=/Users/jfurocket/Documents/personal/modules/.fenrir-backups name=".fenrir-backups"
2025-12-04T11:24:01.704154Z  WARN tokio-runtime-worker ThreadId(259) fenrir::infra::modules::storage: Skipping hidden module entry path=/Users/jfurocket/Documents/personal/modules/.cache name=".cache"
2025-12-04T11:24:06.117154Z  WARN tokio-runtime-worker ThreadId(256) fenrir::infra::modules::storage: Skipping hidden module entry path=/Users/jfurocket/Documents/personal/modules/.fenrir-backups name=".fenrir-backups"
2025-12-04T11:24:06.117773Z  WARN tokio-runtime-worker ThreadId(256) fenrir::infra::modules::storage: Skipping hidden module entry path=/Users/jfurocket/Documents/personal/modules/.cache name=".cache"
2025-12-04T11:24:10.770049Z  WARN tokio-runtime-worker ThreadId(256) fenrir::infra::modules::storage: Skipping hidden module entry path=/Users/jfurocket/Documents/personal/modules/.fenrir-backups name=".fenrir-backups"
2025-12-04T11:24:10.770414Z  WARN tokio-runtime-worker ThreadId(256) fenrir::infra::modules::storage: Skipping hidden module entry path=/Users/jfurocket/Documents/personal/modules/.cache name=".cache"
2025-12-04T11:24:16.706529Z  WARN tokio-runtime-worker ThreadId(259) fenrir::infra::modules::storage: Skipping hidden module entry path=/Users/jfurocket/Documents/personal/modules/.fenrir-backups name=".fenrir-backups"
2025-12-04T11:24:16.707610Z  WARN tokio-runtime-worker ThreadId(259) fenrir::infra::modules::storage: Skipping hidden module entry path=/Users/jfurocket/Documents/personal/modules/.cache name=".cache"
2025-12-04T11:24:31.708105Z  WARN tokio-runtime-worker ThreadId(256) fenrir::infra::modules::storage: Skipping hidden module entry path=/Users/jfurocket/Documents/personal/modules/.fenrir-backups name=".fenrir-backups"
2025-12-04T11:24:31.708895Z  WARN tokio-runtime-worker ThreadId(256) fenrir::infra::modules::storage: Skipping hidden module entry path=/Users/jfurocket/Documents/personal/modules/.cache name=".cache"
2025-12-04T11:24:44.089390Z  WARN tokio-runtime-worker ThreadId(259) fenrir::infra::modules::storage: Skipping hidden module entry path=/Users/jfurocket/Documents/personal/modules/.fenrir-backups name=".fenrir-backups"
2025-12-04T11:24:44.089729Z  WARN tokio-runtime-worker ThreadId(259) fenrir::infra::modules::storage: Skipping hidden module entry path=/Users/jfurocket/Documents/personal/modules/.cache name=".cache"
2025-12-04T11:24:45.822693Z  WARN tokio-runtime-worker ThreadId(256) fenrir::infra::modules::storage: Skipping hidden module entry path=/Users/jfurocket/Documents/personal/modules/.fenrir-backups name=".fenrir-backups"
2025-12-04T11:24:45.824093Z  WARN tokio-runtime-worker ThreadId(256) fenrir::infra::modules::storage: Skipping hidden module entry path=/Users/jfurocket/Documents/personal/modules/.cache name=".cache"
2025-12-04T11:24:45.877858Z  WARN tokio-runtime-worker ThreadId(265) fenrir::infra::modules::storage: Skipping hidden module entry path=/Users/jfurocket/Documents/personal/modules/.fenrir-backups name=".fenrir-backups"
2025-12-04T11:24:45.878476Z  WARN tokio-runtime-worker ThreadId(265) fenrir::infra::modules::storage: Skipping hidden module entry path=/Users/jfurocket/Documents/personal/modules/.cache name=".cache"
2025-12-04T11:24:49.572165Z  WARN tokio-runtime-worker ThreadId(260) fenrir::infra::modules::storage: Skipping hidden module entry path=/Users/jfurocket/Documents/personal/modules/.fenrir-backups name=".fenrir-backups"
2025-12-04T11:24:49.572791Z  WARN tokio-runtime-worker ThreadId(260) fenrir::infra::modules::storage: Skipping hidden module entry path=/Users/jfurocket/Documents/personal/modules/.cache name=".cache"
2025-12-04T11:24:51.583514Z  WARN tokio-runtime-worker ThreadId(260) fenrir::infra::modules::storage: Skipping hidden module entry path=/Users/jfurocket/Documents/personal/modules/.fenrir-backups name=".fenrir-backups"
2025-12-04T11:24:51.584299Z  WARN tokio-runtime-worker ThreadId(260) fenrir::infra::modules::storage: Skipping hidden module entry path=/Users/jfurocket/Documents/personal/modules/.cache name=".cache"
2025-12-04T11:24:51.611817Z  WARN tokio-runtime-worker ThreadId(245) fenrir::infra::modules::storage: Skipping hidden module entry path=/Users/jfurocket/Documents/personal/modules/.fenrir-backups name=".fenrir-backups"
2025-12-04T11:24:51.612297Z  WARN tokio-runtime-worker ThreadId(245) fenrir::infra::modules::storage: Skipping hidden module entry path=/Users/jfurocket/Documents/personal/modules/.cache name=".cache"
2025-12-04T11:25:05.431411Z  WARN tokio-runtime-worker ThreadId(265) fenrir::infra::modules::storage: Skipping hidden module entry path=/Users/jfurocket/Documents/personal/modules/.fenrir-backups name=".fenrir-backups"
2025-12-04T11:25:05.432023Z  WARN tokio-runtime-worker ThreadId(265) fenrir::infra::modules::storage: Skipping hidden module entry path=/Users/jfurocket/Documents/personal/modules/.cache name=".cache"
2025-12-04T11:25:06.294146Z  WARN tokio-runtime-worker ThreadId(245) fenrir::infra::modules::storage: Skipping hidden module entry path=/Users/jfurocket/Documents/personal/modules/.fenrir-backups name=".fenrir-backups"
2025-12-04T11:25:06.294687Z  WARN tokio-runtime-worker ThreadId(245) fenrir::infra::modules::storage: Skipping hidden module entry path=/Users/jfurocket/Documents/personal/modules/.cache name=".cache"
2025-12-04T11:25:06.328497Z  WARN tokio-runtime-worker ThreadId(259) fenrir::infra::modules::storage: Skipping hidden module entry path=/Users/jfurocket/Documents/personal/modules/.fenrir-backups name=".fenrir-backups"
2025-12-04T11:25:06.328952Z  WARN tokio-runtime-worker ThreadId(259) fenrir::infra::modules::storage: Skipping hidden module entry path=/Users/jfurocket/Documents/personal/modules/.cache name=".cache"
2025-12-04T11:25:16.880124Z  WARN tokio-runtime-worker ThreadId(259) fenrir::infra::modules::storage: Skipping hidden module entry path=/Users/jfurocket/Documents/personal/modules/.fenrir-backups name=".fenrir-backups"
2025-12-04T11:25:16.880896Z  WARN tokio-runtime-worker ThreadId(259) fenrir::infra::modules::storage: Skipping hidden module entry path=/Users/jfurocket/Documents/personal/modules/.cache name=".cache"
2025-12-04T11:25:18.140942Z  WARN tokio-runtime-worker ThreadId(256) fenrir::infra::modules::storage: Skipping hidden module entry path=/Users/jfurocket/Documents/personal/modules/.fenrir-backups name=".fenrir-backups"
2025-12-04T11:25:18.141759Z  WARN tokio-runtime-worker ThreadId(256) fenrir::infra::modules::storage: Skipping hidden module entry path=/Users/jfurocket/Documents/personal/modules/.cache name=".cache"
2025-12-04T11:25:24.873210Z  WARN tokio-runtime-worker ThreadId(256) fenrir::infra::modules::storage: Skipping hidden module entry path=/Users/jfurocket/Documents/personal/modules/.fenrir-backups name=".fenrir-backups"
2025-12-04T11:25:24.874309Z  WARN tokio-runtime-worker ThreadId(245) fenrir::infra::modules::storage: Skipping hidden module entry path=/Users/jfurocket/Documents/personal/modules/.cache name=".cache"
2025-12-04T11:25:24.899182Z  WARN tokio-runtime-worker ThreadId(256) fenrir::infra::modules::storage: Skipping hidden module entry path=/Users/jfurocket/Documents/personal/modules/.fenrir-backups name=".fenrir-backups"
2025-12-04T11:25:24.899659Z  WARN tokio-runtime-worker ThreadId(256) fenrir::infra::modules::storage: Skipping hidden module entry path=/Users/jfurocket/Documents/personal/modules/.cache name=".cache"
2025-12-04T11:25:39.967307Z  WARN tokio-runtime-worker ThreadId(245) fenrir::infra::modules::storage: Skipping hidden module entry path=/Users/jfurocket/Documents/personal/modules/.fenrir-backups name=".fenrir-backups"
2025-12-04T11:25:39.968542Z  WARN tokio-runtime-worker ThreadId(245) fenrir::infra::modules::storage: Skipping hidden module entry path=/Users/jfurocket/Documents/personal/modules/.cache name=".cache"
2025-12-04T11:25:54.969613Z  WARN tokio-runtime-worker ThreadId(259) fenrir::infra::modules::storage: Skipping hidden module entry path=/Users/jfurocket/Documents/personal/modules/.fenrir-backups name=".fenrir-backups"
2025-12-04T11:25:54.970440Z  WARN tokio-runtime-worker ThreadId(259) fenrir::infra::modules::storage: Skipping hidden module entry path=/Users/jfurocket/Documents/personal/modules/.cache name=".cache"
2025-12-04T11:26:03.829179Z  WARN tokio-runtime-worker ThreadId(245) fenrir::infra::modules::storage: Skipping hidden module entry path=/Users/jfurocket/Documents/personal/modules/.fenrir-backups name=".fenrir-backups"
2025-12-04T11:26:03.829553Z  WARN tokio-runtime-worker ThreadId(245) fenrir::infra::modules::storage: Skipping hidden module entry path=/Users/jfurocket/Documents/personal/modules/.cache name=".cache"
2025-12-04T11:26:05.555533Z  WARN tokio-runtime-worker ThreadId(260) fenrir::infra::modules::storage: Skipping hidden module entry path=/Users/jfurocket/Documents/personal/modules/.fenrir-backups name=".fenrir-backups"
2025-12-04T11:26:05.556120Z  WARN tokio-runtime-worker ThreadId(260) fenrir::infra::modules::storage: Skipping hidden module entry path=/Users/jfurocket/Documents/personal/modules/.cache name=".cache"
2025-12-04T11:26:05.609173Z  WARN tokio-runtime-worker ThreadId(260) fenrir::infra::modules::storage: Skipping hidden module entry path=/Users/jfurocket/Documents/personal/modules/.fenrir-backups name=".fenrir-backups"
2025-12-04T11:26:05.609680Z  WARN tokio-runtime-worker ThreadId(260) fenrir::infra::modules::storage: Skipping hidden module entry path=/Users/jfurocket/Documents/personal/modules/.cache name=".cache"
2025-12-04T11:26:20.679043Z  WARN tokio-runtime-worker ThreadId(283) fenrir::infra::modules::storage: Skipping hidden module entry path=/Users/jfurocket/Documents/personal/modules/.fenrir-backups name=".fenrir-backups"
2025-12-04T11:26:20.681097Z  WARN tokio-runtime-worker ThreadId(256) fenrir::infra::modules::storage: Skipping hidden module entry path=/Users/jfurocket/Documents/personal/modules/.cache name=".cache"
2025-12-04T11:26:35.683825Z  WARN tokio-runtime-worker ThreadId(260) fenrir::infra::modules::storage: Skipping hidden module entry path=/Users/jfurocket/Documents/personal/modules/.fenrir-backups name=".fenrir-backups"
2025-12-04T11:26:35.685380Z  WARN tokio-runtime-worker ThreadId(260) fenrir::infra::modules::storage: Skipping hidden module entry path=/Users/jfurocket/Documents/personal/modules/.cache name=".cache"
2025-12-04T11:26:50.682067Z  WARN tokio-runtime-worker ThreadId(283) fenrir::infra::modules::storage: Skipping hidden module entry path=/Users/jfurocket/Documents/personal/modules/.fenrir-backups name=".fenrir-backups"
2025-12-04T11:26:50.682670Z  WARN tokio-runtime-worker ThreadId(259) fenrir::infra::modules::storage: Skipping hidden module entry path=/Users/jfurocket/Documents/personal/modules/.cache name=".cache"
2025-12-04T11:27:05.678404Z  WARN tokio-runtime-worker ThreadId(259) fenrir::infra::modules::storage: Skipping hidden module entry path=/Users/jfurocket/Documents/personal/modules/.fenrir-backups name=".fenrir-backups"
2025-12-04T11:27:05.679176Z  WARN tokio-runtime-worker ThreadId(259) fenrir::infra::modules::storage: Skipping hidden module entry path=/Users/jfurocket/Documents/personal/modules/.cache name=".cache"
2025-12-04T11:27:20.683722Z  WARN tokio-runtime-worker ThreadId(259) fenrir::infra::modules::storage: Skipping hidden module entry path=/Users/jfurocket/Documents/personal/modules/.fenrir-backups name=".fenrir-backups"
2025-12-04T11:27:20.684761Z  WARN tokio-runtime-worker ThreadId(259) fenrir::infra::modules::storage: Skipping hidden module entry path=/Users/jfurocket/Documents/personal/modules/.cache name=".cache"
2025-12-04T11:27:35.683942Z  WARN tokio-runtime-worker ThreadId(259) fenrir::infra::modules::storage: Skipping hidden module entry path=/Users/jfurocket/Documents/personal/modules/.fenrir-backups name=".fenrir-backups"
2025-12-04T11:27:35.684878Z  WARN tokio-runtime-worker ThreadId(259) fenrir::infra::modules::storage: Skipping hidden module entry path=/Users/jfurocket/Documents/personal/modules/.cache name=".cache"
2025-12-04T11:27:50.687093Z  WARN tokio-runtime-worker ThreadId(283) fenrir::infra::modules::storage: Skipping hidden module entry path=/Users/jfurocket/Documents/personal/modules/.fenrir-backups name=".fenrir-backups"
2025-12-04T11:27:50.687924Z  WARN tokio-runtime-worker ThreadId(283) fenrir::infra::modules::storage: Skipping hidden module entry path=/Users/jfurocket/Documents/personal/modules/.cache name=".cache"
2025-12-04T11:27:55.701557Z  WARN tokio-runtime-worker ThreadId(260) fenrir::infra::modules::storage: Skipping hidden module entry path=/Users/jfurocket/Documents/personal/modules/.fenrir-backups name=".fenrir-backups"
2025-12-04T11:27:55.701901Z  WARN tokio-runtime-worker ThreadId(260) fenrir::infra::modules::storage: Skipping hidden module entry path=/Users/jfurocket/Documents/personal/modules/.cache name=".cache"
2025-12-04T11:28:05.683994Z  WARN tokio-runtime-worker ThreadId(283) fenrir::infra::modules::storage: Skipping hidden module entry path=/Users/jfurocket/Documents/personal/modules/.fenrir-backups name=".fenrir-backups"
2025-12-04T11:28:05.684719Z  WARN tokio-runtime-worker ThreadId(260) fenrir::infra::modules::storage: Skipping hidden module entry path=/Users/jfurocket/Documents/personal/modules/.cache name=".cache"
2025-12-04T11:28:19.085450Z  WARN tokio-runtime-worker ThreadId(259) fenrir::infra::modules::storage: Skipping hidden module entry path=/Users/jfurocket/Documents/personal/modules/.fenrir-backups name=".fenrir-backups"
2025-12-04T11:28:19.086053Z  WARN tokio-runtime-worker ThreadId(259) fenrir::infra::modules::storage: Skipping hidden module entry path=/Users/jfurocket/Documents/personal/modules/.cache name=".cache"
2025-12-04T11:28:20.685547Z  WARN tokio-runtime-worker ThreadId(245) fenrir::infra::modules::storage: Skipping hidden module entry path=/Users/jfurocket/Documents/personal/modules/.fenrir-backups name=".fenrir-backups"
2025-12-04T11:28:20.690146Z  WARN tokio-runtime-worker ThreadId(245) fenrir::infra::modules::storage: Skipping hidden module entry path=/Users/jfurocket/Documents/personal/modules/.cache name=".cache"
2025-12-04T11:28:22.398962Z  WARN tokio-runtime-worker ThreadId(245) fenrir::infra::modules::storage: Skipping hidden module entry path=/Users/jfurocket/Documents/personal/modules/.fenrir-backups name=".fenrir-backups"
2025-12-04T11:28:22.399316Z  WARN tokio-runtime-worker ThreadId(245) fenrir::infra::modules::storage: Skipping hidden module entry path=/Users/jfurocket/Documents/personal/modules/.cache name=".cache"
2025-12-04T11:28:22.446232Z  WARN tokio-runtime-worker ThreadId(305) fenrir::infra::modules::storage: Skipping hidden module entry path=/Users/jfurocket/Documents/personal/modules/.fenrir-backups name=".fenrir-backups"
2025-12-04T11:28:22.446611Z  WARN tokio-runtime-worker ThreadId(305) fenrir::infra::modules::storage: Skipping hidden module entry path=/Users/jfurocket/Documents/personal/modules/.cache name=".cache"
2025-12-04T11:28:37.514475Z  WARN tokio-runtime-worker ThreadId(283) fenrir::infra::modules::storage: Skipping hidden module entry path=/Users/jfurocket/Documents/personal/modules/.fenrir-backups name=".fenrir-backups"
2025-12-04T11:28:37.515254Z  WARN tokio-runtime-worker ThreadId(283) fenrir::infra::modules::storage: Skipping hidden module entry path=/Users/jfurocket/Documents/personal/modules/.cache name=".cache"
2025-12-04T11:28:40.885656Z  WARN tokio-runtime-worker ThreadId(283) fenrir::infra::modules::storage: Skipping hidden module entry path=/Users/jfurocket/Documents/personal/modules/.fenrir-backups name=".fenrir-backups"
2025-12-04T11:28:40.886085Z  WARN tokio-runtime-worker ThreadId(283) fenrir::infra::modules::storage: Skipping hidden module entry path=/Users/jfurocket/Documents/personal/modules/.cache name=".cache"
2025-12-04T11:28:41.957287Z  WARN tokio-runtime-worker ThreadId(259) fenrir::infra::modules::storage: Skipping hidden module entry path=/Users/jfurocket/Documents/personal/modules/.fenrir-backups name=".fenrir-backups"
2025-12-04T11:28:41.992609Z  WARN tokio-runtime-worker ThreadId(256) fenrir::infra::modules::storage: Skipping hidden module entry path=/Users/jfurocket/Documents/personal/modules/.fenrir-backups name=".fenrir-backups"
2025-12-04T11:28:41.993296Z  WARN tokio-runtime-worker ThreadId(256) fenrir::infra::modules::storage: Skipping hidden module entry path=/Users/jfurocket/Documents/personal/modules/.cache name=".cache"
2025-12-04T11:28:48.054221Z  WARN tokio-runtime-worker ThreadId(305) fenrir::infra::modules::storage: Skipping hidden module entry path=/Users/jfurocket/Documents/personal/modules/.fenrir-backups name=".fenrir-backups"
2025-12-04T11:28:48.055203Z  WARN tokio-runtime-worker ThreadId(305) fenrir::infra::modules::storage: Skipping hidden module entry path=/Users/jfurocket/Documents/personal/modules/.cache name=".cache"
2025-12-04T11:28:48.091920Z  WARN tokio-runtime-worker ThreadId(256) fenrir::infra::modules::storage: Skipping hidden module entry path=/Users/jfurocket/Documents/personal/modules/.fenrir-backups name=".fenrir-backups"
2025-12-04T11:28:48.092916Z  WARN tokio-runtime-worker ThreadId(256) fenrir::infra::modules::storage: Skipping hidden module entry path=/Users/jfurocket/Documents/personal/modules/.cache name=".cache"
2025-12-04T11:28:59.374212Z  WARN tokio-runtime-worker ThreadId(256) fenrir::infra::modules::storage: Skipping hidden module entry path=/Users/jfurocket/Documents/personal/modules/.fenrir-backups name=".fenrir-backups"
2025-12-04T11:28:59.374574Z  WARN tokio-runtime-worker ThreadId(256) fenrir::infra::modules::storage: Skipping hidden module entry path=/Users/jfurocket/Documents/personal/modules/.cache name=".cache"
2025-12-04T11:29:00.448602Z  WARN tokio-runtime-worker ThreadId(259) fenrir::infra::modules::storage: Skipping hidden module entry path=/Users/jfurocket/Documents/personal/modules/.fenrir-backups name=".fenrir-backups"
2025-12-04T11:29:00.449093Z  WARN tokio-runtime-worker ThreadId(259) fenrir::infra::modules::storage: Skipping hidden module entry path=/Users/jfurocket/Documents/personal/modules/.cache name=".cache"
2025-12-04T11:29:00.488168Z  WARN tokio-runtime-worker ThreadId(305) fenrir::infra::modules::storage: Skipping hidden module entry path=/Users/jfurocket/Documents/personal/modules/.fenrir-backups name=".fenrir-backups"
2025-12-04T11:29:00.488858Z  WARN tokio-runtime-worker ThreadId(305) fenrir::infra::modules::storage: Skipping hidden module entry path=/Users/jfurocket/Documents/personal/modules/.cache name=".cache"
2025-12-04T11:29:06.244514Z  WARN tokio-runtime-worker ThreadId(259) fenrir::infra::modules::storage: Skipping hidden module entry path=/Users/jfurocket/Documents/personal/modules/.fenrir-backups name=".fenrir-backups"
2025-12-04T11:29:06.245159Z  WARN tokio-runtime-worker ThreadId(259) fenrir::infra::modules::storage: Skipping hidden module entry path=/Users/jfurocket/Documents/personal/modules/.cache name=".cache"
2025-12-04T11:29:07.516954Z  WARN tokio-runtime-worker ThreadId(245) fenrir::infra::modules::storage: Skipping hidden module entry path=/Users/jfurocket/Documents/personal/modules/.fenrir-backups name=".fenrir-backups"
2025-12-04T11:29:07.517898Z  WARN tokio-runtime-worker ThreadId(305) fenrir::infra::modules::storage: Skipping hidden module entry path=/Users/jfurocket/Documents/personal/modules/.cache name=".cache"
2025-12-04T11:29:07.552917Z  WARN tokio-runtime-worker ThreadId(305) fenrir::infra::modules::storage: Skipping hidden module entry path=/Users/jfurocket/Documents/personal/modules/.fenrir-backups name=".fenrir-backups"
2025-12-04T11:29:07.553289Z  WARN tokio-runtime-worker ThreadId(305) fenrir::infra::modules::storage: Skipping hidden module entry path=/Users/jfurocket/Documents/personal/modules/.cache name=".cache"
2025-12-04T11:29:09.199145Z  WARN tokio-runtime-worker ThreadId(283) fenrir::infra::modules::storage: Skipping hidden module entry path=/Users/jfurocket/Documents/personal/modules/.fenrir-backups name=".fenrir-backups"
2025-12-04T11:29:09.199724Z  WARN tokio-runtime-worker ThreadId(259) fenrir::infra::modules::storage: Skipping hidden module entry path=/Users/jfurocket/Documents/personal/modules/.cache name=".cache"
2025-12-04T11:29:09.228124Z  WARN tokio-runtime-worker ThreadId(259) fenrir::infra::modules::storage: Skipping hidden module entry path=/Users/jfurocket/Documents/personal/modules/.fenrir-backups name=".fenrir-backups"
2025-12-04T11:29:09.228345Z  WARN tokio-runtime-worker ThreadId(259) fenrir::infra::modules::storage: Skipping hidden module entry path=/Users/jfurocket/Documents/personal/modules/.cache name=".cache"
2025-12-04T11:29:12.138165Z  WARN tokio-runtime-worker ThreadId(259) fenrir::infra::modules::storage: Skipping hidden module entry path=/Users/jfurocket/Documents/personal/modules/.fenrir-backups name=".fenrir-backups"
2025-12-04T11:29:12.138567Z  WARN tokio-runtime-worker ThreadId(259) fenrir::infra::modules::storage: Skipping hidden module entry path=/Users/jfurocket/Documents/personal/modules/.cache name=".cache"
2025-12-04T11:29:13.650371Z  WARN tokio-runtime-worker ThreadId(245) fenrir::infra::modules::storage: Skipping hidden module entry path=/Users/jfurocket/Documents/personal/modules/.fenrir-backups name=".fenrir-backups"
2025-12-04T11:29:13.651004Z  WARN tokio-runtime-worker ThreadId(245) fenrir::infra::modules::storage: Skipping hidden module entry path=/Users/jfurocket/Documents/personal/modules/.cache name=".cache"
2025-12-04T11:30:48.783184Z  WARN tokio-runtime-worker ThreadId(259) fenrir::infra::modules::storage: Skipping hidden module entry path=/Users/jfurocket/Documents/personal/modules/.fenrir-backups name=".fenrir-backups"
2025-12-04T11:30:48.784887Z  WARN tokio-runtime-worker ThreadId(259) fenrir::infra::modules::storage: Skipping hidden module entry path=/Users/jfurocket/Documents/personal/modules/.cache name=".cache"
2025-12-04T11:30:49.502086Z  WARN tokio-runtime-worker ThreadId(256) fenrir::infra::modules::storage: Skipping hidden module entry path=/Users/jfurocket/Documents/personal/modules/.fenrir-backups name=".fenrir-backups"
2025-12-04T11:30:49.503010Z  WARN tokio-runtime-worker ThreadId(256) fenrir::infra::modules::storage: Skipping hidden module entry path=/Users/jfurocket/Documents/personal/modules/.cache name=".cache"
2025-12-04T11:30:57.432326Z  WARN tokio-runtime-worker ThreadId(259) fenrir::infra::modules::storage: Skipping hidden module entry path=/Users/jfurocket/Documents/personal/modules/.fenrir-backups name=".fenrir-backups"
2025-12-04T11:30:57.434434Z  WARN tokio-runtime-worker ThreadId(259) fenrir::infra::modules::storage: Skipping hidden module entry path=/Users/jfurocket/Documents/personal/modules/.cache name=".cache"
2025-12-04T11:30:57.504910Z  WARN tokio-runtime-worker ThreadId(256) fenrir::infra::modules::storage: Skipping hidden module entry path=/Users/jfurocket/Documents/personal/modules/.fenrir-backups name=".fenrir-backups"
2025-12-04T11:30:57.505321Z  WARN tokio-runtime-worker ThreadId(256) fenrir::infra::modules::storage: Skipping hidden module entry path=/Users/jfurocket/Documents/personal/modules/.cache name=".cache"
2025-12-04T11:30:58.671020Z  WARN tokio-runtime-worker ThreadId(283) fenrir::infra::modules::storage: Skipping hidden module entry path=/Users/jfurocket/Documents/personal/modules/.fenrir-backups name=".fenrir-backups"
2025-12-04T11:30:58.671436Z  WARN tokio-runtime-worker ThreadId(283) fenrir::infra::modules::storage: Skipping hidden module entry path=/Users/jfurocket/Documents/personal/modules/.cache name=".cache"
2025-12-04T11:30:58.746459Z  WARN tokio-runtime-worker ThreadId(283) fenrir::infra::modules::storage: Skipping hidden module entry path=/Users/jfurocket/Documents/personal/modules/.fenrir-backups name=".fenrir-backups"
2025-12-04T11:30:58.746979Z  WARN tokio-runtime-worker ThreadId(283) fenrir::infra::modules::storage: Skipping hidden module entry path=/Users/jfurocket/Documents/personal/modules/.cache name=".cache"
2025-12-04T11:31:12.657392Z  WARN tokio-runtime-worker ThreadId(245) fenrir::infra::modules::storage: Skipping hidden module entry path=/Users/jfurocket/Documents/personal/modules/.fenrir-backups name=".fenrir-backups"
2025-12-04T11:31:12.658820Z  WARN tokio-runtime-worker ThreadId(245) fenrir::infra::modules::storage: Skipping hidden module entry path=/Users/jfurocket/Documents/personal/modules/.cache name=".cache"
2025-12-04T11:31:13.842662Z  WARN tokio-runtime-worker ThreadId(256) fenrir::infra::modules::storage: Skipping hidden module entry path=/Users/jfurocket/Documents/personal/modules/.fenrir-backups name=".fenrir-backups"
2025-12-04T11:31:13.843269Z  WARN tokio-runtime-worker ThreadId(256) fenrir::infra::modules::storage: Skipping hidden module entry path=/Users/jfurocket/Documents/personal/modules/.cache name=".cache"
2025-12-04T11:31:28.845058Z  WARN tokio-runtime-worker ThreadId(313) fenrir::infra::modules::storage: Skipping hidden module entry path=/Users/jfurocket/Documents/personal/modules/.fenrir-backups name=".fenrir-backups"
2025-12-04T11:31:28.845484Z  WARN tokio-runtime-worker ThreadId(313) fenrir::infra::modules::storage: Skipping hidden module entry path=/Users/jfurocket/Documents/personal/modules/.cache name=".cache"
2025-12-04T11:31:31.866267Z  WARN tokio-runtime-worker ThreadId(313) fenrir::infra::modules::storage: Skipping hidden module entry path=/Users/jfurocket/Documents/personal/modules/.fenrir-backups name=".fenrir-backups"
2025-12-04T11:31:31.866630Z  WARN tokio-runtime-worker ThreadId(313) fenrir::infra::modules::storage: Skipping hidden module entry path=/Users/jfurocket/Documents/personal/modules/.cache name=".cache"
2025-12-04T11:31:32.812372Z  WARN tokio-runtime-worker ThreadId(256) fenrir::infra::modules::storage: Skipping hidden module entry path=/Users/jfurocket/Documents/personal/modules/.fenrir-backups name=".fenrir-backups"
2025-12-04T11:31:32.813221Z  WARN tokio-runtime-worker ThreadId(256) fenrir::infra::modules::storage: Skipping hidden module entry path=/Users/jfurocket/Documents/personal/modules/.cache name=".cache"
2025-12-04T11:31:32.866663Z  WARN tokio-runtime-worker ThreadId(256) fenrir::infra::modules::storage: Skipping hidden module entry path=/Users/jfurocket/Documents/personal/modules/.fenrir-backups name=".fenrir-backups"
2025-12-04T11:31:32.867213Z  WARN tokio-runtime-worker ThreadId(256) fenrir::infra::modules::storage: Skipping hidden module entry path=/Users/jfurocket/Documents/personal/modules/.cache name=".cache"
2025-12-04T11:31:39.498700Z  WARN tokio-runtime-worker ThreadId(313) fenrir::infra::modules::storage: Skipping hidden module entry path=/Users/jfurocket/Documents/personal/modules/.fenrir-backups name=".fenrir-backups"
2025-12-04T11:31:39.499470Z  WARN tokio-runtime-worker ThreadId(313) fenrir::infra::modules::storage: Skipping hidden module entry path=/Users/jfurocket/Documents/personal/modules/.cache name=".cache"
2025-12-04T11:31:50.548432Z  WARN tokio-runtime-worker ThreadId(256) fenrir::infra::modules::storage: Skipping hidden module entry path=/Users/jfurocket/Documents/personal/modules/.fenrir-backups name=".fenrir-backups"
2025-12-04T11:31:50.549597Z  WARN tokio-runtime-worker ThreadId(256) fenrir::infra::modules::storage: Skipping hidden module entry path=/Users/jfurocket/Documents/personal/modules/.cache name=".cache"
2025-12-04T11:32:05.663553Z  WARN tokio-runtime-worker ThreadId(313) fenrir::infra::modules::storage: Skipping hidden module entry path=/Users/jfurocket/Documents/personal/modules/.fenrir-backups name=".fenrir-backups"
2025-12-04T11:32:05.664373Z  WARN tokio-runtime-worker ThreadId(313) fenrir::infra::modules::storage: Skipping hidden module entry path=/Users/jfurocket/Documents/personal/modules/.cache name=".cache"
2025-12-04T11:32:19.813012Z  WARN tokio-runtime-worker ThreadId(305) fenrir::infra::modules::storage: Skipping hidden module entry path=/Users/jfurocket/Documents/personal/modules/.fenrir-backups name=".fenrir-backups"
2025-12-04T11:32:19.813708Z  WARN tokio-runtime-worker ThreadId(305) fenrir::infra::modules::storage: Skipping hidden module entry path=/Users/jfurocket/Documents/personal/modules/.cache name=".cache"
2025-12-04T11:32:20.658282Z  WARN tokio-runtime-worker ThreadId(283) fenrir::infra::modules::storage: Skipping hidden module entry path=/Users/jfurocket/Documents/personal/modules/.fenrir-backups name=".fenrir-backups"
2025-12-04T11:32:20.658861Z  WARN tokio-runtime-worker ThreadId(283) fenrir::infra::modules::storage: Skipping hidden module entry path=/Users/jfurocket/Documents/personal/modules/.cache name=".cache"
2025-12-04T11:32:24.907171Z  WARN tokio-runtime-worker ThreadId(245) fenrir::infra::modules::storage: Skipping hidden module entry path=/Users/jfurocket/Documents/personal/modules/.fenrir-backups name=".fenrir-backups"
2025-12-04T11:32:24.907970Z  WARN tokio-runtime-worker ThreadId(245) fenrir::infra::modules::storage: Skipping hidden module entry path=/Users/jfurocket/Documents/personal/modules/.cache name=".cache"
2025-12-04T11:32:25.025044Z  WARN tokio-runtime-worker ThreadId(283) fenrir::infra::modules::storage: Skipping hidden module entry path=/Users/jfurocket/Documents/personal/modules/.fenrir-backups name=".fenrir-backups"
2025-12-04T11:32:25.025827Z  WARN tokio-runtime-worker ThreadId(283) fenrir::infra::modules::storage: Skipping hidden module entry path=/Users/jfurocket/Documents/personal/modules/.cache name=".cache"
2025-12-04T11:32:40.074582Z  WARN tokio-runtime-worker ThreadId(283) fenrir::infra::modules::storage: Skipping hidden module entry path=/Users/jfurocket/Documents/personal/modules/.fenrir-backups name=".fenrir-backups"
2025-12-04T11:32:40.075704Z  WARN tokio-runtime-worker ThreadId(245) fenrir::infra::modules::storage: Skipping hidden module entry path=/Users/jfurocket/Documents/personal/modules/.cache name=".cache"
2025-12-04T11:32:44.951991Z  WARN tokio-runtime-worker ThreadId(305) fenrir::infra::modules::storage: Skipping hidden module entry path=/Users/jfurocket/Documents/personal/modules/.fenrir-backups name=".fenrir-backups"
2025-12-04T11:32:44.952444Z  WARN tokio-runtime-worker ThreadId(305) fenrir::infra::modules::storage: Skipping hidden module entry path=/Users/jfurocket/Documents/personal/modules/.cache name=".cache"
2025-12-04T11:32:45.894446Z  WARN tokio-runtime-worker ThreadId(283) fenrir::infra::modules::storage: Skipping hidden module entry path=/Users/jfurocket/Documents/personal/modules/.fenrir-backups name=".fenrir-backups"
2025-12-04T11:32:45.894865Z  WARN tokio-runtime-worker ThreadId(283) fenrir::infra::modules::storage: Skipping hidden module entry path=/Users/jfurocket/Documents/personal/modules/.cache name=".cache"
2025-12-04T11:32:45.970155Z  WARN tokio-runtime-worker ThreadId(256) fenrir::infra::modules::storage: Skipping hidden module entry path=/Users/jfurocket/Documents/personal/modules/.fenrir-backups name=".fenrir-backups"
2025-12-04T11:32:45.970455Z  WARN tokio-runtime-worker ThreadId(256) fenrir::infra::modules::storage: Skipping hidden module entry path=/Users/jfurocket/Documents/personal/modules/.cache name=".cache"
2025-12-04T11:32:51.573287Z  WARN tokio-runtime-worker ThreadId(283) fenrir::infra::modules::storage: Skipping hidden module entry path=/Users/jfurocket/Documents/personal/modules/.fenrir-backups name=".fenrir-backups"
2025-12-04T11:32:51.574367Z  WARN tokio-runtime-worker ThreadId(283) fenrir::infra::modules::storage: Skipping hidden module entry path=/Users/jfurocket/Documents/personal/modules/.cache name=".cache"
2025-12-04T11:32:51.642107Z  WARN tokio-runtime-worker ThreadId(283) fenrir::infra::modules::storage: Skipping hidden module entry path=/Users/jfurocket/Documents/personal/modules/.fenrir-backups name=".fenrir-backups"
2025-12-04T11:32:51.642499Z  WARN tokio-runtime-worker ThreadId(283) fenrir::infra::modules::storage: Skipping hidden module entry path=/Users/jfurocket/Documents/personal/modules/.cache name=".cache"
2025-12-04T11:33:04.466990Z  WARN tokio-runtime-worker ThreadId(313) fenrir::infra::modules::storage: Skipping hidden module entry path=/Users/jfurocket/Documents/personal/modules/.fenrir-backups name=".fenrir-backups"
2025-12-04T11:33:04.468167Z  WARN tokio-runtime-worker ThreadId(256) fenrir::infra::modules::storage: Skipping hidden module entry path=/Users/jfurocket/Documents/personal/modules/.cache name=".cache"
2025-12-04T11:33:05.957106Z  WARN tokio-runtime-worker ThreadId(305) fenrir::infra::modules::storage: Skipping hidden module entry path=/Users/jfurocket/Documents/personal/modules/.fenrir-backups name=".fenrir-backups"
2025-12-04T11:33:05.957751Z  WARN tokio-runtime-worker ThreadId(305) fenrir::infra::modules::storage: Skipping hidden module entry path=/Users/jfurocket/Documents/personal/modules/.cache name=".cache"
2025-12-04T11:33:12.106272Z  WARN tokio-runtime-worker ThreadId(313) fenrir::infra::modules::storage: Skipping hidden module entry path=/Users/jfurocket/Documents/personal/modules/.fenrir-backups name=".fenrir-backups"
2025-12-04T11:33:12.108773Z  WARN tokio-runtime-worker ThreadId(313) fenrir::infra::modules::storage: Skipping hidden module entry path=/Users/jfurocket/Documents/personal/modules/.cache name=".cache"
2025-12-04T11:33:12.228291Z  WARN tokio-runtime-worker ThreadId(313) fenrir::infra::modules::storage: Skipping hidden module entry path=/Users/jfurocket/Documents/personal/modules/.fenrir-backups name=".fenrir-backups"
2025-12-04T11:33:12.228918Z  WARN tokio-runtime-worker ThreadId(313) fenrir::infra::modules::storage: Skipping hidden module entry path=/Users/jfurocket/Documents/personal/modules/.cache name=".cache"
2025-12-04T11:33:27.288687Z  WARN tokio-runtime-worker ThreadId(283) fenrir::infra::modules::storage: Skipping hidden module entry path=/Users/jfurocket/Documents/personal/modules/.fenrir-backups name=".fenrir-backups"
2025-12-04T11:33:27.289277Z  WARN tokio-runtime-worker ThreadId(305) fenrir::infra::modules::storage: Skipping hidden module entry path=/Users/jfurocket/Documents/personal/modules/.cache name=".cache"
2025-12-04T11:33:42.286664Z  WARN tokio-runtime-worker ThreadId(256) fenrir::infra::modules::storage: Skipping hidden module entry path=/Users/jfurocket/Documents/personal/modules/.fenrir-backups name=".fenrir-backups"
2025-12-04T11:33:42.287326Z  WARN tokio-runtime-worker ThreadId(245) fenrir::infra::modules::storage: Skipping hidden module entry path=/Users/jfurocket/Documents/personal/modules/.cache name=".cache"
2025-12-04T11:33:57.285438Z  WARN tokio-runtime-worker ThreadId(245) fenrir::infra::modules::storage: Skipping hidden module entry path=/Users/jfurocket/Documents/personal/modules/.fenrir-backups name=".fenrir-backups"
2025-12-04T11:33:57.286283Z  WARN tokio-runtime-worker ThreadId(313) fenrir::infra::modules::storage: Skipping hidden module entry path=/Users/jfurocket/Documents/personal/modules/.cache name=".cache"
2025-12-04T11:34:12.290304Z  WARN tokio-runtime-worker ThreadId(313) fenrir::infra::modules::storage: Skipping hidden module entry path=/Users/jfurocket/Documents/personal/modules/.fenrir-backups name=".fenrir-backups"
2025-12-04T11:34:12.291146Z  WARN tokio-runtime-worker ThreadId(313) fenrir::infra::modules::storage: Skipping hidden module entry path=/Users/jfurocket/Documents/personal/modules/.cache name=".cache"
2025-12-04T11:34:20.141446Z  WARN tokio-runtime-worker ThreadId(305) fenrir::infra::modules::storage: Skipping hidden module entry path=/Users/jfurocket/Documents/personal/modules/.fenrir-backups name=".fenrir-backups"
2025-12-04T11:34:20.142091Z  WARN tokio-runtime-worker ThreadId(305) fenrir::infra::modules::storage: Skipping hidden module entry path=/Users/jfurocket/Documents/personal/modules/.cache name=".cache"
2025-12-04T11:34:21.334586Z  WARN tokio-runtime-worker ThreadId(313) fenrir::infra::modules::storage: Skipping hidden module entry path=/Users/jfurocket/Documents/personal/modules/.fenrir-backups name=".fenrir-backups"
2025-12-04T11:34:21.334984Z  WARN tokio-runtime-worker ThreadId(313) fenrir::infra::modules::storage: Skipping hidden module entry path=/Users/jfurocket/Documents/personal/modules/.cache name=".cache"
2025-12-04T11:34:21.474714Z  WARN tokio-runtime-worker ThreadId(313) fenrir::infra::modules::storage: Skipping hidden module entry path=/Users/jfurocket/Documents/personal/modules/.fenrir-backups name=".fenrir-backups"
2025-12-04T11:34:21.475144Z  WARN tokio-runtime-worker ThreadId(313) fenrir::infra::modules::storage: Skipping hidden module entry path=/Users/jfurocket/Documents/personal/modules/.cache name=".cache"
2025-12-04T11:34:28.026408Z  WARN tokio-runtime-worker ThreadId(256) fenrir::infra::modules::storage: Skipping hidden module entry path=/Users/jfurocket/Documents/personal/modules/.fenrir-backups name=".fenrir-backups"
2025-12-04T11:34:28.027154Z  WARN tokio-runtime-worker ThreadId(256) fenrir::infra::modules::storage: Skipping hidden module entry path=/Users/jfurocket/Documents/personal/modules/.cache name=".cache"
2025-12-04T11:34:28.097722Z  WARN tokio-runtime-worker ThreadId(305) fenrir::infra::modules::storage: Skipping hidden module entry path=/Users/jfurocket/Documents/personal/modules/.fenrir-backups name=".fenrir-backups"
2025-12-04T11:34:28.098498Z  WARN tokio-runtime-worker ThreadId(313) fenrir::infra::modules::storage: Skipping hidden module entry path=/Users/jfurocket/Documents/personal/modules/.cache name=".cache"
2025-12-04T11:34:43.214311Z  WARN tokio-runtime-worker ThreadId(313) fenrir::infra::modules::storage: Skipping hidden module entry path=/Users/jfurocket/Documents/personal/modules/.fenrir-backups name=".fenrir-backups"
2025-12-04T11:34:43.214730Z  WARN tokio-runtime-worker ThreadId(313) fenrir::infra::modules::storage: Skipping hidden module entry path=/Users/jfurocket/Documents/personal/modules/.cache name=".cache"
2025-12-04T11:34:53.364275Z  WARN tokio-runtime-worker ThreadId(256) fenrir::infra::modules::storage: Skipping hidden module entry path=/Users/jfurocket/Documents/personal/modules/.fenrir-backups name=".fenrir-backups"
2025-12-04T11:34:53.364764Z  WARN tokio-runtime-worker ThreadId(256) fenrir::infra::modules::storage: Skipping hidden module entry path=/Users/jfurocket/Documents/personal/modules/.cache name=".cache"
2025-12-04T11:34:54.400592Z  WARN tokio-runtime-worker ThreadId(245) fenrir::infra::modules::storage: Skipping hidden module entry path=/Users/jfurocket/Documents/personal/modules/.fenrir-backups name=".fenrir-backups"
2025-12-04T11:34:54.401202Z  WARN tokio-runtime-worker ThreadId(245) fenrir::infra::modules::storage: Skipping hidden module entry path=/Users/jfurocket/Documents/personal/modules/.cache name=".cache"
2025-12-04T11:34:54.483888Z  WARN tokio-runtime-worker ThreadId(313) fenrir::infra::modules::storage: Skipping hidden module entry path=/Users/jfurocket/Documents/personal/modules/.fenrir-backups name=".fenrir-backups"
2025-12-04T11:34:54.484412Z  WARN tokio-runtime-worker ThreadId(313) fenrir::infra::modules::storage: Skipping hidden module entry path=/Users/jfurocket/Documents/personal/modules/.cache name=".cache"
2025-12-04T11:34:59.097837Z  WARN tokio-runtime-worker ThreadId(283) fenrir::infra::modules::storage: Skipping hidden module entry path=/Users/jfurocket/Documents/personal/modules/.fenrir-backups name=".fenrir-backups"
2025-12-04T11:34:59.104314Z  WARN tokio-runtime-worker ThreadId(283) fenrir::infra::modules::storage: Skipping hidden module entry path=/Users/jfurocket/Documents/personal/modules/.cache name=".cache"
2025-12-04T11:34:59.186696Z  WARN tokio-runtime-worker ThreadId(245) fenrir::infra::modules::storage: Skipping hidden module entry path=/Users/jfurocket/Documents/personal/modules/.fenrir-backups name=".fenrir-backups"
2025-12-04T11:34:59.187222Z  WARN tokio-runtime-worker ThreadId(245) fenrir::infra::modules::storage: Skipping hidden module entry path=/Users/jfurocket/Documents/personal/modules/.cache name=".cache"
2025-12-04T11:35:12.270665Z  WARN tokio-runtime-worker ThreadId(305) fenrir::infra::modules::storage: Skipping hidden module entry path=/Users/jfurocket/Documents/personal/modules/.fenrir-backups name=".fenrir-backups"
2025-12-04T11:35:12.271081Z  WARN tokio-runtime-worker ThreadId(305) fenrir::infra::modules::storage: Skipping hidden module entry path=/Users/jfurocket/Documents/personal/modules/.cache name=".cache"
2025-12-04T11:35:13.302109Z  WARN tokio-runtime-worker ThreadId(245) fenrir::infra::modules::storage: Skipping hidden module entry path=/Users/jfurocket/Documents/personal/modules/.fenrir-backups name=".fenrir-backups"
2025-12-04T11:35:13.302567Z  WARN tokio-runtime-worker ThreadId(245) fenrir::infra::modules::storage: Skipping hidden module entry path=/Users/jfurocket/Documents/personal/modules/.cache name=".cache"
2025-12-04T11:35:18.170275Z  WARN tokio-runtime-worker ThreadId(354) fenrir::infra::modules::storage: Skipping hidden module entry path=/Users/jfurocket/Documents/personal/modules/.fenrir-backups name=".fenrir-backups"
2025-12-04T11:35:18.171218Z  WARN tokio-runtime-worker ThreadId(354) fenrir::infra::modules::storage: Skipping hidden module entry path=/Users/jfurocket/Documents/personal/modules/.cache name=".cache"
2025-12-04T11:35:18.236392Z  WARN tokio-runtime-worker ThreadId(245) fenrir::infra::modules::storage: Skipping hidden module entry path=/Users/jfurocket/Documents/personal/modules/.fenrir-backups name=".fenrir-backups"
2025-12-04T11:35:18.236740Z  WARN tokio-runtime-worker ThreadId(245) fenrir::infra::modules::storage: Skipping hidden module entry path=/Users/jfurocket/Documents/personal/modules/.cache name=".cache"
2025-12-04T11:35:33.351943Z  WARN tokio-runtime-worker ThreadId(313) fenrir::infra::modules::storage: Skipping hidden module entry path=/Users/jfurocket/Documents/personal/modules/.fenrir-backups name=".fenrir-backups"
2025-12-04T11:35:33.352788Z  WARN tokio-runtime-worker ThreadId(313) fenrir::infra::modules::storage: Skipping hidden module entry path=/Users/jfurocket/Documents/personal/modules/.cache name=".cache"
2025-12-04T11:35:48.349518Z  WARN tokio-runtime-worker ThreadId(305) fenrir::infra::modules::storage: Skipping hidden module entry path=/Users/jfurocket/Documents/personal/modules/.fenrir-backups name=".fenrir-backups"
2025-12-04T11:35:48.350134Z  WARN tokio-runtime-worker ThreadId(305) fenrir::infra::modules::storage: Skipping hidden module entry path=/Users/jfurocket/Documents/personal/modules/.cache name=".cache"
2025-12-04T11:36:01.452933Z  WARN tokio-runtime-worker ThreadId(245) fenrir::infra::modules::storage: Skipping hidden module entry path=/Users/jfurocket/Documents/personal/modules/.fenrir-backups name=".fenrir-backups"
2025-12-04T11:36:01.456026Z  WARN tokio-runtime-worker ThreadId(245) fenrir::infra::modules::storage: Skipping hidden module entry path=/Users/jfurocket/Documents/personal/modules/.cache name=".cache"
2025-12-04T11:36:02.558754Z  WARN tokio-runtime-worker ThreadId(283) fenrir::infra::modules::storage: Skipping hidden module entry path=/Users/jfurocket/Documents/personal/modules/.fenrir-backups name=".fenrir-backups"
2025-12-04T11:36:02.559423Z  WARN tokio-runtime-worker ThreadId(283) fenrir::infra::modules::storage: Skipping hidden module entry path=/Users/jfurocket/Documents/personal/modules/.cache name=".cache"
2025-12-04T11:36:02.669175Z  WARN tokio-runtime-worker ThreadId(313) fenrir::infra::modules::storage: Skipping hidden module entry path=/Users/jfurocket/Documents/personal/modules/.fenrir-backups name=".fenrir-backups"
2025-12-04T11:36:02.670032Z  WARN tokio-runtime-worker ThreadId(245) fenrir::infra::modules::storage: Skipping hidden module entry path=/Users/jfurocket/Documents/personal/modules/.cache name=".cache"
2025-12-04T11:36:08.534633Z  WARN tokio-runtime-worker ThreadId(354) fenrir::infra::modules::storage: Skipping hidden module entry path=/Users/jfurocket/Documents/personal/modules/.fenrir-backups name=".fenrir-backups"
2025-12-04T11:36:08.536659Z  WARN tokio-runtime-worker ThreadId(354) fenrir::infra::modules::storage: Skipping hidden module entry path=/Users/jfurocket/Documents/personal/modules/.cache name=".cache"
2025-12-04T11:36:08.608702Z  WARN tokio-runtime-worker ThreadId(283) fenrir::infra::modules::storage: Skipping hidden module entry path=/Users/jfurocket/Documents/personal/modules/.fenrir-backups name=".fenrir-backups"
2025-12-04T11:36:08.609246Z  WARN tokio-runtime-worker ThreadId(283) fenrir::infra::modules::storage: Skipping hidden module entry path=/Users/jfurocket/Documents/personal/modules/.cache name=".cache"
2025-12-04T11:36:13.944254Z  WARN tokio-runtime-worker ThreadId(283) fenrir::infra::modules::storage: Skipping hidden module entry path=/Users/jfurocket/Documents/personal/modules/.fenrir-backups name=".fenrir-backups"
2025-12-04T11:36:13.944888Z  WARN tokio-runtime-worker ThreadId(283) fenrir::infra::modules::storage: Skipping hidden module entry path=/Users/jfurocket/Documents/personal/modules/.cache name=".cache"
2025-12-04T11:36:14.022669Z  WARN tokio-runtime-worker ThreadId(354) fenrir::infra::modules::storage: Skipping hidden module entry path=/Users/jfurocket/Documents/personal/modules/.fenrir-backups name=".fenrir-backups"
2025-12-04T11:36:14.023195Z  WARN tokio-runtime-worker ThreadId(354) fenrir::infra::modules::storage: Skipping hidden module entry path=/Users/jfurocket/Documents/personal/modules/.cache name=".cache"
2025-12-04T11:36:23.068939Z  WARN tokio-runtime-worker ThreadId(313) fenrir::infra::modules::storage: Skipping hidden module entry path=/Users/jfurocket/Documents/personal/modules/.fenrir-backups name=".fenrir-backups"
2025-12-04T11:36:23.069679Z  WARN tokio-runtime-worker ThreadId(313) fenrir::infra::modules::storage: Skipping hidden module entry path=/Users/jfurocket/Documents/personal/modules/.cache name=".cache"
2025-12-04T11:36:29.136528Z  WARN tokio-runtime-worker ThreadId(245) fenrir::infra::modules::storage: Skipping hidden module entry path=/Users/jfurocket/Documents/personal/modules/.fenrir-backups name=".fenrir-backups"
2025-12-04T11:36:29.138130Z  WARN tokio-runtime-worker ThreadId(245) fenrir::infra::modules::storage: Skipping hidden module entry path=/Users/jfurocket/Documents/personal/modules/.cache name=".cache"
2025-12-04T11:36:29.350370Z  WARN tokio-runtime-worker ThreadId(354) fenrir::infra::modules::storage: Skipping hidden module entry path=/Users/jfurocket/Documents/personal/modules/.fenrir-backups name=".fenrir-backups"
2025-12-04T11:36:29.350887Z  WARN tokio-runtime-worker ThreadId(354) fenrir::infra::modules::storage: Skipping hidden module entry path=/Users/jfurocket/Documents/personal/modules/.cache name=".cache"
2025-12-04T11:36:44.459132Z  WARN tokio-runtime-worker ThreadId(354) fenrir::infra::modules::storage: Skipping hidden module entry path=/Users/jfurocket/Documents/personal/modules/.fenrir-backups name=".fenrir-backups"
2025-12-04T11:36:44.459420Z  WARN tokio-runtime-worker ThreadId(354) fenrir::infra::modules::storage: Skipping hidden module entry path=/Users/jfurocket/Documents/personal/modules/.cache name=".cache"
2025-12-04T11:36:50.284517Z  WARN tokio-runtime-worker ThreadId(283) fenrir::infra::modules::storage: Skipping hidden module entry path=/Users/jfurocket/Documents/personal/modules/.fenrir-backups name=".fenrir-backups"
2025-12-04T11:36:50.284846Z  WARN tokio-runtime-worker ThreadId(354) fenrir::infra::modules::storage: Skipping hidden module entry path=/Users/jfurocket/Documents/personal/modules/.cache name=".cache"
2025-12-04T11:36:54.663404Z  WARN tokio-runtime-worker ThreadId(313) fenrir::infra::modules::storage: Skipping hidden module entry path=/Users/jfurocket/Documents/personal/modules/.fenrir-backups name=".fenrir-backups"
2025-12-04T11:36:54.664131Z  WARN tokio-runtime-worker ThreadId(313) fenrir::infra::modules::storage: Skipping hidden module entry path=/Users/jfurocket/Documents/personal/modules/.cache name=".cache"
2025-12-04T11:36:54.735482Z  WARN tokio-runtime-worker ThreadId(283) fenrir::infra::modules::storage: Skipping hidden module entry path=/Users/jfurocket/Documents/personal/modules/.fenrir-backups name=".fenrir-backups"
2025-12-04T11:36:54.736279Z  WARN tokio-runtime-worker ThreadId(283) fenrir::infra::modules::storage: Skipping hidden module entry path=/Users/jfurocket/Documents/personal/modules/.cache name=".cache"
2025-12-04T11:37:09.850351Z  WARN tokio-runtime-worker ThreadId(283) fenrir::infra::modules::storage: Skipping hidden module entry path=/Users/jfurocket/Documents/personal/modules/.fenrir-backups name=".fenrir-backups"
2025-12-04T11:37:09.851171Z  WARN tokio-runtime-worker ThreadId(283) fenrir::infra::modules::storage: Skipping hidden module entry path=/Users/jfurocket/Documents/personal/modules/.cache name=".cache"
2025-12-04T11:37:16.449566Z  WARN tokio-runtime-worker ThreadId(305) fenrir::infra::modules::storage: Skipping hidden module entry path=/Users/jfurocket/Documents/personal/modules/.fenrir-backups name=".fenrir-backups"
2025-12-04T11:37:16.449975Z  WARN tokio-runtime-worker ThreadId(305) fenrir::infra::modules::storage: Skipping hidden module entry path=/Users/jfurocket/Documents/personal/modules/.cache name=".cache"
2025-12-04T11:37:22.582836Z  WARN tokio-runtime-worker ThreadId(365) fenrir::infra::modules::storage: Skipping hidden module entry path=/Users/jfurocket/Documents/personal/modules/.fenrir-backups name=".fenrir-backups"
2025-12-04T11:37:22.583496Z  WARN tokio-runtime-worker ThreadId(245) fenrir::infra::modules::storage: Skipping hidden module entry path=/Users/jfurocket/Documents/personal/modules/.cache name=".cache"
2025-12-04T11:37:24.845653Z  WARN tokio-runtime-worker ThreadId(305) fenrir::infra::modules::storage: Skipping hidden module entry path=/Users/jfurocket/Documents/personal/modules/.fenrir-backups name=".fenrir-backups"
2025-12-04T11:37:24.846472Z  WARN tokio-runtime-worker ThreadId(305) fenrir::infra::modules::storage: Skipping hidden module entry path=/Users/jfurocket/Documents/personal/modules/.cache name=".cache"
2025-12-04T11:37:26.798362Z  WARN tokio-runtime-worker ThreadId(283) fenrir::infra::modules::storage: Skipping hidden module entry path=/Users/jfurocket/Documents/personal/modules/.fenrir-backups name=".fenrir-backups"
2025-12-04T11:37:26.798661Z  WARN tokio-runtime-worker ThreadId(283) fenrir::infra::modules::storage: Skipping hidden module entry path=/Users/jfurocket/Documents/personal/modules/.cache name=".cache"
2025-12-04T11:37:26.866028Z  WARN tokio-runtime-worker ThreadId(354) fenrir::infra::modules::storage: Skipping hidden module entry path=/Users/jfurocket/Documents/personal/modules/.fenrir-backups name=".fenrir-backups"
2025-12-04T11:37:26.866672Z  WARN tokio-runtime-worker ThreadId(354) fenrir::infra::modules::storage: Skipping hidden module entry path=/Users/jfurocket/Documents/personal/modules/.cache name=".cache"
2025-12-04T11:37:41.985056Z  WARN tokio-runtime-worker ThreadId(305) fenrir::infra::modules::storage: Skipping hidden module entry path=/Users/jfurocket/Documents/personal/modules/.fenrir-backups name=".fenrir-backups"
2025-12-04T11:37:41.985417Z  WARN tokio-runtime-worker ThreadId(305) fenrir::infra::modules::storage: Skipping hidden module entry path=/Users/jfurocket/Documents/personal/modules/.cache name=".cache"
2025-12-04T11:37:47.482380Z  WARN tokio-runtime-worker ThreadId(365) fenrir::infra::modules::storage: Skipping hidden module entry path=/Users/jfurocket/Documents/personal/modules/.fenrir-backups name=".fenrir-backups"
2025-12-04T11:37:47.482783Z  WARN tokio-runtime-worker ThreadId(365) fenrir::infra::modules::storage: Skipping hidden module entry path=/Users/jfurocket/Documents/personal/modules/.cache name=".cache"
2025-12-04T11:37:52.001927Z  WARN tokio-runtime-worker ThreadId(354) fenrir::infra::modules::storage: Skipping hidden module entry path=/Users/jfurocket/Documents/personal/modules/.fenrir-backups name=".fenrir-backups"
2025-12-04T11:37:52.002632Z  WARN tokio-runtime-worker ThreadId(354) fenrir::infra::modules::storage: Skipping hidden module entry path=/Users/jfurocket/Documents/personal/modules/.cache name=".cache"
2025-12-04T11:37:52.078089Z  WARN tokio-runtime-worker ThreadId(305) fenrir::infra::modules::storage: Skipping hidden module entry path=/Users/jfurocket/Documents/personal/modules/.fenrir-backups name=".fenrir-backups"
2025-12-04T11:37:52.078468Z  WARN tokio-runtime-worker ThreadId(305) fenrir::infra::modules::storage: Skipping hidden module entry path=/Users/jfurocket/Documents/personal/modules/.cache name=".cache"
2025-12-04T11:38:07.174694Z  WARN tokio-runtime-worker ThreadId(305) fenrir::infra::modules::storage: Skipping hidden module entry path=/Users/jfurocket/Documents/personal/modules/.fenrir-backups name=".fenrir-backups"
2025-12-04T11:38:07.175448Z  WARN tokio-runtime-worker ThreadId(305) fenrir::infra::modules::storage: Skipping hidden module entry path=/Users/jfurocket/Documents/personal/modules/.cache name=".cache"
2025-12-04T11:38:22.174389Z  WARN tokio-runtime-worker ThreadId(354) fenrir::infra::modules::storage: Skipping hidden module entry path=/Users/jfurocket/Documents/personal/modules/.fenrir-backups name=".fenrir-backups"
2025-12-04T11:38:22.175234Z  WARN tokio-runtime-worker ThreadId(354) fenrir::infra::modules::storage: Skipping hidden module entry path=/Users/jfurocket/Documents/personal/modules/.cache name=".cache"
2025-12-04T11:38:37.176009Z  WARN tokio-runtime-worker ThreadId(354) fenrir::infra::modules::storage: Skipping hidden module entry path=/Users/jfurocket/Documents/personal/modules/.fenrir-backups name=".fenrir-backups"
2025-12-04T11:38:37.176775Z  WARN tokio-runtime-worker ThreadId(354) fenrir::infra::modules::storage: Skipping hidden module entry path=/Users/jfurocket/Documents/personal/modules/.cache name=".cache"
2025-12-04T11:38:52.172840Z  WARN tokio-runtime-worker ThreadId(283) fenrir::infra::modules::storage: Skipping hidden module entry path=/Users/jfurocket/Documents/personal/modules/.fenrir-backups name=".fenrir-backups"
2025-12-04T11:38:52.173758Z  WARN tokio-runtime-worker ThreadId(283) fenrir::infra::modules::storage: Skipping hidden module entry path=/Users/jfurocket/Documents/personal/modules/.cache name=".cache"
2025-12-04T11:39:07.174150Z  WARN tokio-runtime-worker ThreadId(283) fenrir::infra::modules::storage: Skipping hidden module entry path=/Users/jfurocket/Documents/personal/modules/.fenrir-backups name=".fenrir-backups"
2025-12-04T11:39:07.174899Z  WARN tokio-runtime-worker ThreadId(283) fenrir::infra::modules::storage: Skipping hidden module entry path=/Users/jfurocket/Documents/personal/modules/.cache name=".cache"
2025-12-04T11:39:22.174174Z  WARN tokio-runtime-worker ThreadId(283) fenrir::infra::modules::storage: Skipping hidden module entry path=/Users/jfurocket/Documents/personal/modules/.fenrir-backups name=".fenrir-backups"
2025-12-04T11:39:22.175587Z  WARN tokio-runtime-worker ThreadId(283) fenrir::infra::modules::storage: Skipping hidden module entry path=/Users/jfurocket/Documents/personal/modules/.cache name=".cache"
2025-12-04T11:39:37.177535Z  WARN tokio-runtime-worker ThreadId(305) fenrir::infra::modules::storage: Skipping hidden module entry path=/Users/jfurocket/Documents/personal/modules/.fenrir-backups name=".fenrir-backups"
2025-12-04T11:39:37.178730Z  WARN tokio-runtime-worker ThreadId(305) fenrir::infra::modules::storage: Skipping hidden module entry path=/Users/jfurocket/Documents/personal/modules/.cache name=".cache"
2025-12-04T11:39:38.134971Z  WARN tokio-runtime-worker ThreadId(283) fenrir::infra::modules::storage: Skipping hidden module entry path=/Users/jfurocket/Documents/personal/modules/.fenrir-backups name=".fenrir-backups"
2025-12-04T11:39:38.135736Z  WARN tokio-runtime-worker ThreadId(283) fenrir::infra::modules::storage: Skipping hidden module entry path=/Users/jfurocket/Documents/personal/modules/.cache name=".cache"
2025-12-04T11:39:46.007859Z  WARN tokio-runtime-worker ThreadId(283) fenrir::infra::modules::storage: Skipping hidden module entry path=/Users/jfurocket/Documents/personal/modules/.fenrir-backups name=".fenrir-backups"
2025-12-04T11:39:46.008290Z  WARN tokio-runtime-worker ThreadId(283) fenrir::infra::modules::storage: Skipping hidden module entry path=/Users/jfurocket/Documents/personal/modules/.cache name=".cache"
2025-12-04T11:39:51.314019Z  WARN tokio-runtime-worker ThreadId(305) fenrir::infra::modules::storage: Skipping hidden module entry path=/Users/jfurocket/Documents/personal/modules/.fenrir-backups name=".fenrir-backups"
2025-12-04T11:39:51.315169Z  WARN tokio-runtime-worker ThreadId(305) fenrir::infra::modules::storage: Skipping hidden module entry path=/Users/jfurocket/Documents/personal/modules/.cache name=".cache"
2025-12-04T11:39:51.435045Z  WARN tokio-runtime-worker ThreadId(354) fenrir::infra::modules::storage: Skipping hidden module entry path=/Users/jfurocket/Documents/personal/modules/.fenrir-backups name=".fenrir-backups"
2025-12-04T11:39:51.435369Z  WARN tokio-runtime-worker ThreadId(354) fenrir::infra::modules::storage: Skipping hidden module entry path=/Users/jfurocket/Documents/personal/modules/.cache name=".cache"
2025-12-04T11:40:06.491671Z  WARN tokio-runtime-worker ThreadId(365) fenrir::infra::modules::storage: Skipping hidden module entry path=/Users/jfurocket/Documents/personal/modules/.fenrir-backups name=".fenrir-backups"
2025-12-04T11:40:06.492252Z  WARN tokio-runtime-worker ThreadId(365) fenrir::infra::modules::storage: Skipping hidden module entry path=/Users/jfurocket/Documents/personal/modules/.cache name=".cache"
2025-12-04T11:40:21.492876Z  WARN tokio-runtime-worker ThreadId(354) fenrir::infra::modules::storage: Skipping hidden module entry path=/Users/jfurocket/Documents/personal/modules/.fenrir-backups name=".fenrir-backups"
2025-12-04T11:40:21.493776Z  WARN tokio-runtime-worker ThreadId(354) fenrir::infra::modules::storage: Skipping hidden module entry path=/Users/jfurocket/Documents/personal/modules/.cache name=".cache"
2025-12-04T11:40:28.170188Z  WARN tokio-runtime-worker ThreadId(283) fenrir::infra::modules::storage: Skipping hidden module entry path=/Users/jfurocket/Documents/personal/modules/.fenrir-backups name=".fenrir-backups"
2025-12-04T11:40:28.170860Z  WARN tokio-runtime-worker ThreadId(283) fenrir::infra::modules::storage: Skipping hidden module entry path=/Users/jfurocket/Documents/personal/modules/.cache name=".cache"
2025-12-04T11:40:36.495436Z  WARN tokio-runtime-worker ThreadId(381) fenrir::infra::modules::storage: Skipping hidden module entry path=/Users/jfurocket/Documents/personal/modules/.fenrir-backups name=".fenrir-backups"
2025-12-04T11:40:36.496970Z  WARN tokio-runtime-worker ThreadId(381) fenrir::infra::modules::storage: Skipping hidden module entry path=/Users/jfurocket/Documents/personal/modules/.cache name=".cache"
2025-12-04T11:40:51.495341Z  WARN tokio-runtime-worker ThreadId(365) fenrir::infra::modules::storage: Skipping hidden module entry path=/Users/jfurocket/Documents/personal/modules/.fenrir-backups name=".fenrir-backups"
2025-12-04T11:40:51.496998Z  WARN tokio-runtime-worker ThreadId(365) fenrir::infra::modules::storage: Skipping hidden module entry path=/Users/jfurocket/Documents/personal/modules/.cache name=".cache"
2025-12-04T11:41:04.362981Z  WARN tokio-runtime-worker ThreadId(283) fenrir::infra::modules::storage: Skipping hidden module entry path=/Users/jfurocket/Documents/personal/modules/.fenrir-backups name=".fenrir-backups"
2025-12-04T11:41:04.363955Z  WARN tokio-runtime-worker ThreadId(305) fenrir::infra::modules::storage: Skipping hidden module entry path=/Users/jfurocket/Documents/personal/modules/.cache name=".cache"
2025-12-04T11:41:04.440165Z  WARN tokio-runtime-worker ThreadId(283) fenrir::infra::modules::storage: Skipping hidden module entry path=/Users/jfurocket/Documents/personal/modules/.fenrir-backups name=".fenrir-backups"
2025-12-04T11:41:04.440730Z  WARN tokio-runtime-worker ThreadId(283) fenrir::infra::modules::storage: Skipping hidden module entry path=/Users/jfurocket/Documents/personal/modules/.cache name=".cache"
2025-12-04T11:41:18.356575Z  WARN tokio-runtime-worker ThreadId(354) fenrir::infra::modules::storage: Skipping hidden module entry path=/Users/jfurocket/Documents/personal/modules/.fenrir-backups name=".fenrir-backups"
2025-12-04T11:41:18.357976Z  WARN tokio-runtime-worker ThreadId(354) fenrir::infra::modules::storage: Skipping hidden module entry path=/Users/jfurocket/Documents/personal/modules/.cache name=".cache"
2025-12-04T11:41:19.543263Z  WARN tokio-runtime-worker ThreadId(381) fenrir::infra::modules::storage: Skipping hidden module entry path=/Users/jfurocket/Documents/personal/modules/.fenrir-backups name=".fenrir-backups"
2025-12-04T11:41:19.543762Z  WARN tokio-runtime-worker ThreadId(381) fenrir::infra::modules::storage: Skipping hidden module entry path=/Users/jfurocket/Documents/personal/modules/.cache name=".cache"
2025-12-04T11:41:31.887798Z  WARN tokio-runtime-worker ThreadId(354) fenrir::infra::modules::storage: Skipping hidden module entry path=/Users/jfurocket/Documents/personal/modules/.fenrir-backups name=".fenrir-backups"
2025-12-04T11:41:31.889583Z  WARN tokio-runtime-worker ThreadId(354) fenrir::infra::modules::storage: Skipping hidden module entry path=/Users/jfurocket/Documents/personal/modules/.cache name=".cache"
2025-12-04T11:41:31.971081Z  WARN tokio-runtime-worker ThreadId(381) fenrir::infra::modules::storage: Skipping hidden module entry path=/Users/jfurocket/Documents/personal/modules/.fenrir-backups name=".fenrir-backups"
2025-12-04T11:41:31.971576Z  WARN tokio-runtime-worker ThreadId(381) fenrir::infra::modules::storage: Skipping hidden module entry path=/Users/jfurocket/Documents/personal/modules/.cache name=".cache"
2025-12-04T11:41:42.543686Z  WARN tokio-runtime-worker ThreadId(381) fenrir::infra::modules::storage: Skipping hidden module entry path=/Users/jfurocket/Documents/personal/modules/.fenrir-backups name=".fenrir-backups"
2025-12-04T11:41:42.544255Z  WARN tokio-runtime-worker ThreadId(381) fenrir::infra::modules::storage: Skipping hidden module entry path=/Users/jfurocket/Documents/personal/modules/.cache name=".cache"
2025-12-04T11:41:47.082893Z  WARN tokio-runtime-worker ThreadId(354) fenrir::infra::modules::storage: Skipping hidden module entry path=/Users/jfurocket/Documents/personal/modules/.fenrir-backups name=".fenrir-backups"
2025-12-04T11:41:47.083566Z  WARN tokio-runtime-worker ThreadId(354) fenrir::infra::modules::storage: Skipping hidden module entry path=/Users/jfurocket/Documents/personal/modules/.cache name=".cache"
2025-12-04T11:41:48.904083Z  WARN tokio-runtime-worker ThreadId(381) fenrir::infra::modules::storage: Skipping hidden module entry path=/Users/jfurocket/Documents/personal/modules/.fenrir-backups name=".fenrir-backups"
2025-12-04T11:41:48.904416Z  WARN tokio-runtime-worker ThreadId(381) fenrir::infra::modules::storage: Skipping hidden module entry path=/Users/jfurocket/Documents/personal/modules/.cache name=".cache"
2025-12-04T11:42:04.003733Z  WARN tokio-runtime-worker ThreadId(305) fenrir::infra::modules::storage: Skipping hidden module entry path=/Users/jfurocket/Documents/personal/modules/.fenrir-backups name=".fenrir-backups"
2025-12-04T11:42:04.004522Z  WARN tokio-runtime-worker ThreadId(305) fenrir::infra::modules::storage: Skipping hidden module entry path=/Users/jfurocket/Documents/personal/modules/.cache name=".cache"
2025-12-04T11:42:19.011889Z  WARN tokio-runtime-worker ThreadId(283) fenrir::infra::modules::storage: Skipping hidden module entry path=/Users/jfurocket/Documents/personal/modules/.fenrir-backups name=".fenrir-backups"
2025-12-04T11:42:19.012421Z  WARN tokio-runtime-worker ThreadId(283) fenrir::infra::modules::storage: Skipping hidden module entry path=/Users/jfurocket/Documents/personal/modules/.cache name=".cache"
2025-12-04T11:42:19.501842Z  WARN tokio-runtime-worker ThreadId(305) fenrir::infra::modules::storage: Skipping hidden module entry path=/Users/jfurocket/Documents/personal/modules/.fenrir-backups name=".fenrir-backups"
2025-12-04T11:42:19.502210Z  WARN tokio-runtime-worker ThreadId(305) fenrir::infra::modules::storage: Skipping hidden module entry path=/Users/jfurocket/Documents/personal/modules/.cache name=".cache"
2025-12-04T11:42:24.537910Z  WARN tokio-runtime-worker ThreadId(354) fenrir::infra::modules::storage: Skipping hidden module entry path=/Users/jfurocket/Documents/personal/modules/.fenrir-backups name=".fenrir-backups"
2025-12-04T11:42:24.542979Z  WARN tokio-runtime-worker ThreadId(365) fenrir::infra::modules::storage: Skipping hidden module entry path=/Users/jfurocket/Documents/personal/modules/.cache name=".cache"
2025-12-04T11:42:26.101924Z  WARN tokio-runtime-worker ThreadId(354) fenrir::infra::modules::storage: Skipping hidden module entry path=/Users/jfurocket/Documents/personal/modules/.fenrir-backups name=".fenrir-backups"
2025-12-04T11:42:26.103374Z  WARN tokio-runtime-worker ThreadId(354) fenrir::infra::modules::storage: Skipping hidden module entry path=/Users/jfurocket/Documents/personal/modules/.cache name=".cache"
2025-12-04T11:42:32.095488Z  WARN tokio-runtime-worker ThreadId(365) fenrir::infra::modules::storage: Skipping hidden module entry path=/Users/jfurocket/Documents/personal/modules/.fenrir-backups name=".fenrir-backups"
2025-12-04T11:42:32.095948Z  WARN tokio-runtime-worker ThreadId(365) fenrir::infra::modules::storage: Skipping hidden module entry path=/Users/jfurocket/Documents/personal/modules/.cache name=".cache"
2025-12-04T11:42:32.736529Z  WARN tokio-runtime-worker ThreadId(354) fenrir::infra::modules::storage: Skipping hidden module entry path=/Users/jfurocket/Documents/personal/modules/.fenrir-backups name=".fenrir-backups"
2025-12-04T11:42:32.737012Z  WARN tokio-runtime-worker ThreadId(354) fenrir::infra::modules::storage: Skipping hidden module entry path=/Users/jfurocket/Documents/personal/modules/.cache name=".cache"
2025-12-04T11:42:39.616111Z  WARN tokio-runtime-worker ThreadId(305) fenrir::infra::modules::storage: Skipping hidden module entry path=/Users/jfurocket/Documents/personal/modules/.fenrir-backups name=".fenrir-backups"
2025-12-04T11:42:39.616529Z  WARN tokio-runtime-worker ThreadId(305) fenrir::infra::modules::storage: Skipping hidden module entry path=/Users/jfurocket/Documents/personal/modules/.cache name=".cache"
2025-12-04T11:42:54.612772Z  WARN tokio-runtime-worker ThreadId(365) fenrir::infra::modules::storage: Skipping hidden module entry path=/Users/jfurocket/Documents/personal/modules/.fenrir-backups name=".fenrir-backups"
2025-12-04T11:42:54.614151Z  WARN tokio-runtime-worker ThreadId(365) fenrir::infra::modules::storage: Skipping hidden module entry path=/Users/jfurocket/Documents/personal/modules/.cache name=".cache"
2025-12-04T11:43:04.018612Z  WARN tokio-runtime-worker ThreadId(283) fenrir::infra::modules::storage: Skipping hidden module entry path=/Users/jfurocket/Documents/personal/modules/.fenrir-backups name=".fenrir-backups"
2025-12-04T11:43:04.019942Z  WARN tokio-runtime-worker ThreadId(365) fenrir::infra::modules::storage: Skipping hidden module entry path=/Users/jfurocket/Documents/personal/modules/.cache name=".cache"
2025-12-04T11:43:05.507784Z  WARN tokio-runtime-worker ThreadId(365) fenrir::infra::modules::storage: Skipping hidden module entry path=/Users/jfurocket/Documents/personal/modules/.fenrir-backups name=".fenrir-backups"
2025-12-04T11:43:05.539142Z  WARN tokio-runtime-worker ThreadId(283) fenrir::infra::modules::storage: Skipping hidden module entry path=/Users/jfurocket/Documents/personal/modules/.fenrir-backups name=".fenrir-backups"
2025-12-04T11:43:05.539550Z  WARN tokio-runtime-worker ThreadId(283) fenrir::infra::modules::storage: Skipping hidden module entry path=/Users/jfurocket/Documents/personal/modules/.cache name=".cache"
2025-12-04T11:43:20.624809Z  WARN tokio-runtime-worker ThreadId(365) fenrir::infra::modules::storage: Skipping hidden module entry path=/Users/jfurocket/Documents/personal/modules/.fenrir-backups name=".fenrir-backups"
2025-12-04T11:43:20.625552Z  WARN tokio-runtime-worker ThreadId(365) fenrir::infra::modules::storage: Skipping hidden module entry path=/Users/jfurocket/Documents/personal/modules/.cache name=".cache"
2025-12-04T11:43:20.815304Z  WARN tokio-runtime-worker ThreadId(381) fenrir::infra::modules::storage: Skipping hidden module entry path=/Users/jfurocket/Documents/personal/modules/.fenrir-backups name=".fenrir-backups"
2025-12-04T11:43:20.815795Z  WARN tokio-runtime-worker ThreadId(381) fenrir::infra::modules::storage: Skipping hidden module entry path=/Users/jfurocket/Documents/personal/modules/.cache name=".cache"
2025-12-04T11:43:21.695270Z  WARN tokio-runtime-worker ThreadId(354) fenrir::infra::modules::storage: Skipping hidden module entry path=/Users/jfurocket/Documents/personal/modules/.fenrir-backups name=".fenrir-backups"
2025-12-04T11:43:21.695741Z  WARN tokio-runtime-worker ThreadId(354) fenrir::infra::modules::storage: Skipping hidden module entry path=/Users/jfurocket/Documents/personal/modules/.cache name=".cache"
2025-12-04T11:43:31.412448Z  WARN tokio-runtime-worker ThreadId(354) fenrir::infra::modules::storage: Skipping hidden module entry path=/Users/jfurocket/Documents/personal/modules/.fenrir-backups name=".fenrir-backups"
2025-12-04T11:43:31.413117Z  WARN tokio-runtime-worker ThreadId(354) fenrir::infra::modules::storage: Skipping hidden module entry path=/Users/jfurocket/Documents/personal/modules/.cache name=".cache"
2025-12-04T11:43:32.328178Z  WARN tokio-runtime-worker ThreadId(70) fenrir::infra::modules::storage: Skipping hidden module entry path=/Users/jfurocket/Documents/personal/modules/.fenrir-backups name=".fenrir-backups"
2025-12-04T11:43:32.328480Z  WARN tokio-runtime-worker ThreadId(70) fenrir::infra::modules::storage: Skipping hidden module entry path=/Users/jfurocket/Documents/personal/modules/.cache name=".cache"
2025-12-04T11:43:32.354908Z  WARN tokio-runtime-worker ThreadId(381) fenrir::infra::modules::storage: Skipping hidden module entry path=/Users/jfurocket/Documents/personal/modules/.fenrir-backups name=".fenrir-backups"
2025-12-04T11:43:32.355249Z  WARN tokio-runtime-worker ThreadId(381) fenrir::infra::modules::storage: Skipping hidden module entry path=/Users/jfurocket/Documents/personal/modules/.cache name=".cache"
2025-12-04T11:43:40.541954Z  WARN tokio-runtime-worker ThreadId(354) fenrir::infra::modules::storage: Skipping hidden module entry path=/Users/jfurocket/Documents/personal/modules/.fenrir-backups name=".fenrir-backups"
2025-12-04T11:43:40.542379Z  WARN tokio-runtime-worker ThreadId(354) fenrir::infra::modules::storage: Skipping hidden module entry path=/Users/jfurocket/Documents/personal/modules/.cache name=".cache"
2025-12-04T11:43:41.408845Z  WARN tokio-runtime-worker ThreadId(305) fenrir::infra::modules::storage: Skipping hidden module entry path=/Users/jfurocket/Documents/personal/modules/.fenrir-backups name=".fenrir-backups"
2025-12-04T11:43:41.409312Z  WARN tokio-runtime-worker ThreadId(305) fenrir::infra::modules::storage: Skipping hidden module entry path=/Users/jfurocket/Documents/personal/modules/.cache name=".cache"
2025-12-04T11:43:47.431748Z  WARN tokio-runtime-worker ThreadId(354) fenrir::infra::modules::storage: Skipping hidden module entry path=/Users/jfurocket/Documents/personal/modules/.fenrir-backups name=".fenrir-backups"
2025-12-04T11:43:47.432423Z  WARN tokio-runtime-worker ThreadId(283) fenrir::infra::modules::storage: Skipping hidden module entry path=/Users/jfurocket/Documents/personal/modules/.cache name=".cache"
2025-12-04T11:43:57.794931Z  WARN tokio-runtime-worker ThreadId(283) fenrir::infra::modules::storage: Skipping hidden module entry path=/Users/jfurocket/Documents/personal/modules/.fenrir-backups name=".fenrir-backups"
2025-12-04T11:43:57.796120Z  WARN tokio-runtime-worker ThreadId(283) fenrir::infra::modules::storage: Skipping hidden module entry path=/Users/jfurocket/Documents/personal/modules/.cache name=".cache"
2025-12-04T11:44:12.867874Z  WARN tokio-runtime-worker ThreadId(429) fenrir::infra::modules::storage: Skipping hidden module entry path=/Users/jfurocket/Documents/personal/modules/.fenrir-backups name=".fenrir-backups"
2025-12-04T11:44:12.868303Z  WARN tokio-runtime-worker ThreadId(429) fenrir::infra::modules::storage: Skipping hidden module entry path=/Users/jfurocket/Documents/personal/modules/.cache name=".cache"
2025-12-04T11:44:27.868305Z  WARN tokio-runtime-worker ThreadId(381) fenrir::infra::modules::storage: Skipping hidden module entry path=/Users/jfurocket/Documents/personal/modules/.fenrir-backups name=".fenrir-backups"
2025-12-04T11:44:27.870240Z  WARN tokio-runtime-worker ThreadId(381) fenrir::infra::modules::storage: Skipping hidden module entry path=/Users/jfurocket/Documents/personal/modules/.cache name=".cache"
2025-12-04T11:44:31.758732Z  WARN tokio-runtime-worker ThreadId(381) fenrir::infra::modules::storage: Skipping hidden module entry path=/Users/jfurocket/Documents/personal/modules/.fenrir-backups name=".fenrir-backups"
2025-12-04T11:44:31.759162Z  WARN tokio-runtime-worker ThreadId(381) fenrir::infra::modules::storage: Skipping hidden module entry path=/Users/jfurocket/Documents/personal/modules/.cache name=".cache"
2025-12-04T11:44:33.024419Z  WARN tokio-runtime-worker ThreadId(354) fenrir::infra::modules::storage: Skipping hidden module entry path=/Users/jfurocket/Documents/personal/modules/.fenrir-backups name=".fenrir-backups"
2025-12-04T11:44:33.030372Z  WARN tokio-runtime-worker ThreadId(305) fenrir::infra::modules::storage: Skipping hidden module entry path=/Users/jfurocket/Documents/personal/modules/.cache name=".cache"
2025-12-04T11:44:46.611809Z  WARN tokio-runtime-worker ThreadId(283) fenrir::infra::modules::storage: Skipping hidden module entry path=/Users/jfurocket/Documents/personal/modules/.fenrir-backups name=".fenrir-backups"
2025-12-04T11:44:46.612597Z  WARN tokio-runtime-worker ThreadId(283) fenrir::infra::modules::storage: Skipping hidden module entry path=/Users/jfurocket/Documents/personal/modules/.cache name=".cache"
2025-12-04T11:44:47.558173Z  WARN tokio-runtime-worker ThreadId(354) fenrir::infra::modules::storage: Skipping hidden module entry path=/Users/jfurocket/Documents/personal/modules/.fenrir-backups name=".fenrir-backups"
2025-12-04T11:44:47.609070Z  WARN tokio-runtime-worker ThreadId(429) fenrir::infra::modules::storage: Skipping hidden module entry path=/Users/jfurocket/Documents/personal/modules/.fenrir-backups name=".fenrir-backups"
2025-12-04T11:44:47.609476Z  WARN tokio-runtime-worker ThreadId(283) fenrir::infra::modules::storage: Skipping hidden module entry path=/Users/jfurocket/Documents/personal/modules/.cache name=".cache"
2025-12-04T14:23:17.238108Z  WARN tokio-runtime-worker ThreadId(354) fenrir::infra::modules::storage: Skipping hidden module entry path=/Users/jfurocket/Documents/personal/modules/.fenrir-backups name=".fenrir-backups"
2025-12-04T14:23:17.241279Z  WARN tokio-runtime-worker ThreadId(354) fenrir::infra::modules::storage: Skipping hidden module entry path=/Users/jfurocket/Documents/personal/modules/.cache name=".cache"
2025-12-04T14:23:20.910324Z  WARN tokio-runtime-worker ThreadId(283) fenrir::infra::modules::storage: Skipping hidden module entry path=/Users/jfurocket/Documents/personal/modules/.fenrir-backups name=".fenrir-backups"
2025-12-04T14:23:20.912013Z  WARN tokio-runtime-worker ThreadId(365) fenrir::infra::modules::storage: Skipping hidden module entry path=/Users/jfurocket/Documents/personal/modules/.cache name=".cache"
2025-12-04T14:23:23.018452Z  WARN tokio-runtime-worker ThreadId(283) fenrir::infra::modules::storage: Skipping hidden module entry path=/Users/jfurocket/Documents/personal/modules/.fenrir-backups name=".fenrir-backups"
2025-12-04T14:23:23.020444Z  WARN tokio-runtime-worker ThreadId(283) fenrir::infra::modules::storage: Skipping hidden module entry path=/Users/jfurocket/Documents/personal/modules/.cache name=".cache"
2025-12-04T14:23:38.081264Z  WARN tokio-runtime-worker ThreadId(381) fenrir::infra::modules::storage: Skipping hidden module entry path=/Users/jfurocket/Documents/personal/modules/.fenrir-backups name=".fenrir-backups"
2025-12-04T14:23:38.082132Z  WARN tokio-runtime-worker ThreadId(381) fenrir::infra::modules::storage: Skipping hidden module entry path=/Users/jfurocket/Documents/personal/modules/.cache name=".cache"
2025-12-04T14:23:53.078001Z  WARN tokio-runtime-worker ThreadId(381) fenrir::infra::modules::storage: Skipping hidden module entry path=/Users/jfurocket/Documents/personal/modules/.fenrir-backups name=".fenrir-backups"
2025-12-04T14:23:53.078586Z  WARN tokio-runtime-worker ThreadId(381) fenrir::infra::modules::storage: Skipping hidden module entry path=/Users/jfurocket/Documents/personal/modules/.cache name=".cache"
2025-12-04T14:24:08.085484Z  WARN tokio-runtime-worker ThreadId(354) fenrir::infra::modules::storage: Skipping hidden module entry path=/Users/jfurocket/Documents/personal/modules/.fenrir-backups name=".fenrir-backups"
2025-12-04T14:24:08.086255Z  WARN tokio-runtime-worker ThreadId(354) fenrir::infra::modules::storage: Skipping hidden module entry path=/Users/jfurocket/Documents/personal/modules/.cache name=".cache"
2025-12-04T14:24:13.391075Z  WARN tokio-runtime-worker ThreadId(354) fenrir::infra::modules::storage: Skipping hidden module entry path=/Users/jfurocket/Documents/personal/modules/.fenrir-backups name=".fenrir-backups"
2025-12-04T14:24:13.391652Z  WARN tokio-runtime-worker ThreadId(354) fenrir::infra::modules::storage: Skipping hidden module entry path=/Users/jfurocket/Documents/personal/modules/.cache name=".cache"
2025-12-04T14:24:23.080434Z  WARN tokio-runtime-worker ThreadId(429) fenrir::infra::modules::storage: Skipping hidden module entry path=/Users/jfurocket/Documents/personal/modules/.fenrir-backups name=".fenrir-backups"
2025-12-04T14:24:23.081386Z  WARN tokio-runtime-worker ThreadId(429) fenrir::infra::modules::storage: Skipping hidden module entry path=/Users/jfurocket/Documents/personal/modules/.cache name=".cache"
2025-12-04T14:24:38.084711Z  WARN tokio-runtime-worker ThreadId(365) fenrir::infra::modules::storage: Skipping hidden module entry path=/Users/jfurocket/Documents/personal/modules/.fenrir-backups name=".fenrir-backups"
2025-12-04T14:24:38.085723Z  WARN tokio-runtime-worker ThreadId(365) fenrir::infra::modules::storage: Skipping hidden module entry path=/Users/jfurocket/Documents/personal/modules/.cache name=".cache"
2025-12-04T14:24:38.199335Z  WARN tokio-runtime-worker ThreadId(429) fenrir::infra::modules::storage: Skipping hidden module entry path=/Users/jfurocket/Documents/personal/modules/.fenrir-backups name=".fenrir-backups"
2025-12-04T14:24:38.199995Z  WARN tokio-runtime-worker ThreadId(429) fenrir::infra::modules::storage: Skipping hidden module entry path=/Users/jfurocket/Documents/personal/modules/.cache name=".cache"
2025-12-04T14:24:53.080893Z  WARN tokio-runtime-worker ThreadId(429) fenrir::infra::modules::storage: Skipping hidden module entry path=/Users/jfurocket/Documents/personal/modules/.fenrir-backups name=".fenrir-backups"
2025-12-04T14:24:53.082096Z  WARN tokio-runtime-worker ThreadId(429) fenrir::infra::modules::storage: Skipping hidden module entry path=/Users/jfurocket/Documents/personal/modules/.cache name=".cache"
2025-12-04T14:25:08.083734Z  WARN tokio-runtime-worker ThreadId(429) fenrir::infra::modules::storage: Skipping hidden module entry path=/Users/jfurocket/Documents/personal/modules/.fenrir-backups name=".fenrir-backups"
2025-12-04T14:25:08.084377Z  WARN tokio-runtime-worker ThreadId(429) fenrir::infra::modules::storage: Skipping hidden module entry path=/Users/jfurocket/Documents/personal/modules/.cache name=".cache"
2025-12-04T14:25:23.079971Z  WARN tokio-runtime-worker ThreadId(429) fenrir::infra::modules::storage: Skipping hidden module entry path=/Users/jfurocket/Documents/personal/modules/.fenrir-backups name=".fenrir-backups"
2025-12-04T14:25:23.081150Z  WARN tokio-runtime-worker ThreadId(429) fenrir::infra::modules::storage: Skipping hidden module entry path=/Users/jfurocket/Documents/personal/modules/.cache name=".cache"
2025-12-04T14:25:25.765864Z  WARN tokio-runtime-worker ThreadId(436) fenrir::infra::modules::storage: Skipping hidden module entry path=/Users/jfurocket/Documents/personal/modules/.fenrir-backups name=".fenrir-backups"
2025-12-04T14:25:25.766236Z  WARN tokio-runtime-worker ThreadId(436) fenrir::infra::modules::storage: Skipping hidden module entry path=/Users/jfurocket/Documents/personal/modules/.cache name=".cache"
2025-12-04T14:25:38.079027Z  WARN tokio-runtime-worker ThreadId(381) fenrir::infra::modules::storage: Skipping hidden module entry path=/Users/jfurocket/Documents/personal/modules/.fenrir-backups name=".fenrir-backups"
2025-12-04T14:25:38.079686Z  WARN tokio-runtime-worker ThreadId(381) fenrir::infra::modules::storage: Skipping hidden module entry path=/Users/jfurocket/Documents/personal/modules/.cache name=".cache"
2025-12-04T14:25:53.078106Z  WARN tokio-runtime-worker ThreadId(365) fenrir::infra::modules::storage: Skipping hidden module entry path=/Users/jfurocket/Documents/personal/modules/.fenrir-backups name=".fenrir-backups"
2025-12-04T14:25:53.078559Z  WARN tokio-runtime-worker ThreadId(365) fenrir::infra::modules::storage: Skipping hidden module entry path=/Users/jfurocket/Documents/personal/modules/.cache name=".cache"
2025-12-04T14:25:53.189690Z  WARN tokio-runtime-worker ThreadId(381) fenrir::infra::modules::storage: Skipping hidden module entry path=/Users/jfurocket/Documents/personal/modules/.fenrir-backups name=".fenrir-backups"
2025-12-04T14:25:53.190369Z  WARN tokio-runtime-worker ThreadId(381) fenrir::infra::modules::storage: Skipping hidden module entry path=/Users/jfurocket/Documents/personal/modules/.cache name=".cache"
2025-12-04T14:26:08.079435Z  WARN tokio-runtime-worker ThreadId(354) fenrir::infra::modules::storage: Skipping hidden module entry path=/Users/jfurocket/Documents/personal/modules/.fenrir-backups name=".fenrir-backups"
2025-12-04T14:26:08.080451Z  WARN tokio-runtime-worker ThreadId(354) fenrir::infra::modules::storage: Skipping hidden module entry path=/Users/jfurocket/Documents/personal/modules/.cache name=".cache"
2025-12-04T14:26:12.414231Z  WARN tokio-runtime-worker ThreadId(436) fenrir::infra::modules::storage: Skipping hidden module entry path=/Users/jfurocket/Documents/personal/modules/.fenrir-backups name=".fenrir-backups"
2025-12-04T14:26:12.414783Z  WARN tokio-runtime-worker ThreadId(436) fenrir::infra::modules::storage: Skipping hidden module entry path=/Users/jfurocket/Documents/personal/modules/.cache name=".cache"
2025-12-04T14:26:13.911707Z  WARN tokio-runtime-worker ThreadId(436) fenrir::infra::modules::storage: Skipping hidden module entry path=/Users/jfurocket/Documents/personal/modules/.fenrir-backups name=".fenrir-backups"
2025-12-04T14:26:13.912466Z  WARN tokio-runtime-worker ThreadId(436) fenrir::infra::modules::storage: Skipping hidden module entry path=/Users/jfurocket/Documents/personal/modules/.cache name=".cache"
2025-12-04T14:26:28.004606Z  WARN tokio-runtime-worker ThreadId(436) fenrir::infra::modules::storage: Skipping hidden module entry path=/Users/jfurocket/Documents/personal/modules/.fenrir-backups name=".fenrir-backups"
2025-12-04T14:26:28.005639Z  WARN tokio-runtime-worker ThreadId(436) fenrir::infra::modules::storage: Skipping hidden module entry path=/Users/jfurocket/Documents/personal/modules/.cache name=".cache"
2025-12-04T14:26:28.977728Z  WARN tokio-runtime-worker ThreadId(283) fenrir::infra::modules::storage: Skipping hidden module entry path=/Users/jfurocket/Documents/personal/modules/.fenrir-backups name=".fenrir-backups"
2025-12-04T14:26:28.978161Z  WARN tokio-runtime-worker ThreadId(283) fenrir::infra::modules::storage: Skipping hidden module entry path=/Users/jfurocket/Documents/personal/modules/.cache name=".cache"
2025-12-04T14:26:29.152642Z  WARN tokio-runtime-worker ThreadId(365) fenrir::infra::modules::storage: Skipping hidden module entry path=/Users/jfurocket/Documents/personal/modules/.fenrir-backups name=".fenrir-backups"
2025-12-04T14:26:29.155581Z  WARN tokio-runtime-worker ThreadId(365) fenrir::infra::modules::storage: Skipping hidden module entry path=/Users/jfurocket/Documents/personal/modules/.cache name=".cache"
2025-12-04T14:26:44.195179Z  WARN tokio-runtime-worker ThreadId(283) fenrir::infra::modules::storage: Skipping hidden module entry path=/Users/jfurocket/Documents/personal/modules/.fenrir-backups name=".fenrir-backups"
2025-12-04T14:26:44.196446Z  WARN tokio-runtime-worker ThreadId(283) fenrir::infra::modules::storage: Skipping hidden module entry path=/Users/jfurocket/Documents/personal/modules/.cache name=".cache"
2025-12-04T14:26:59.193426Z  WARN tokio-runtime-worker ThreadId(490) fenrir::infra::modules::storage: Skipping hidden module entry path=/Users/jfurocket/Documents/personal/modules/.fenrir-backups name=".fenrir-backups"
2025-12-04T14:26:59.195291Z  WARN tokio-runtime-worker ThreadId(490) fenrir::infra::modules::storage: Skipping hidden module entry path=/Users/jfurocket/Documents/personal/modules/.cache name=".cache"
2025-12-04T14:27:00.192569Z  WARN tokio-runtime-worker ThreadId(490) fenrir::infra::modules::storage: Skipping hidden module entry path=/Users/jfurocket/Documents/personal/modules/.fenrir-backups name=".fenrir-backups"
2025-12-04T14:27:00.193238Z  WARN tokio-runtime-worker ThreadId(490) fenrir::infra::modules::storage: Skipping hidden module entry path=/Users/jfurocket/Documents/personal/modules/.cache name=".cache"
2025-12-04T14:27:01.518398Z  WARN tokio-runtime-worker ThreadId(492) fenrir::infra::modules::storage: Skipping hidden module entry path=/Users/jfurocket/Documents/personal/modules/.fenrir-backups name=".fenrir-backups"
2025-12-04T14:27:01.519333Z  WARN tokio-runtime-worker ThreadId(492) fenrir::infra::modules::storage: Skipping hidden module entry path=/Users/jfurocket/Documents/personal/modules/.cache name=".cache"
2025-12-04T14:27:16.560402Z  WARN tokio-runtime-worker ThreadId(492) fenrir::infra::modules::storage: Skipping hidden module entry path=/Users/jfurocket/Documents/personal/modules/.fenrir-backups name=".fenrir-backups"
2025-12-04T14:27:16.561135Z  WARN tokio-runtime-worker ThreadId(492) fenrir::infra::modules::storage: Skipping hidden module entry path=/Users/jfurocket/Documents/personal/modules/.cache name=".cache"
2025-12-04T14:27:22.923935Z  WARN tokio-runtime-worker ThreadId(365) fenrir::infra::modules::storage: Skipping hidden module entry path=/Users/jfurocket/Documents/personal/modules/.fenrir-backups name=".fenrir-backups"
2025-12-04T14:27:22.924398Z  WARN tokio-runtime-worker ThreadId(365) fenrir::infra::modules::storage: Skipping hidden module entry path=/Users/jfurocket/Documents/personal/modules/.cache name=".cache"
2025-12-04T14:27:24.078228Z  WARN tokio-runtime-worker ThreadId(490) fenrir::infra::modules::storage: Skipping hidden module entry path=/Users/jfurocket/Documents/personal/modules/.fenrir-backups name=".fenrir-backups"
2025-12-04T14:27:24.078764Z  WARN tokio-runtime-worker ThreadId(490) fenrir::infra::modules::storage: Skipping hidden module entry path=/Users/jfurocket/Documents/personal/modules/.cache name=".cache"
2025-12-04T14:27:35.167684Z  WARN tokio-runtime-worker ThreadId(490) fenrir::infra::modules::storage: Skipping hidden module entry path=/Users/jfurocket/Documents/personal/modules/.fenrir-backups name=".fenrir-backups"
2025-12-04T14:27:35.168268Z  WARN tokio-runtime-worker ThreadId(490) fenrir::infra::modules::storage: Skipping hidden module entry path=/Users/jfurocket/Documents/personal/modules/.cache name=".cache"
2025-12-04T14:27:36.607700Z  WARN tokio-runtime-worker ThreadId(492) fenrir::infra::modules::storage: Skipping hidden module entry path=/Users/jfurocket/Documents/personal/modules/.fenrir-backups name=".fenrir-backups"
2025-12-04T14:27:36.608380Z  WARN tokio-runtime-worker ThreadId(492) fenrir::infra::modules::storage: Skipping hidden module entry path=/Users/jfurocket/Documents/personal/modules/.cache name=".cache"
2025-12-04T14:27:51.650399Z  WARN tokio-runtime-worker ThreadId(283) fenrir::infra::modules::storage: Skipping hidden module entry path=/Users/jfurocket/Documents/personal/modules/.fenrir-backups name=".fenrir-backups"
2025-12-04T14:27:51.650955Z  WARN tokio-runtime-worker ThreadId(283) fenrir::infra::modules::storage: Skipping hidden module entry path=/Users/jfurocket/Documents/personal/modules/.cache name=".cache"
2025-12-04T14:27:52.737245Z  WARN tokio-runtime-worker ThreadId(283) fenrir::infra::modules::storage: Skipping hidden module entry path=/Users/jfurocket/Documents/personal/modules/.fenrir-backups name=".fenrir-backups"
2025-12-04T14:27:52.737813Z  WARN tokio-runtime-worker ThreadId(283) fenrir::infra::modules::storage: Skipping hidden module entry path=/Users/jfurocket/Documents/personal/modules/.cache name=".cache"
2025-12-04T14:27:53.871758Z  WARN tokio-runtime-worker ThreadId(429) fenrir::infra::modules::storage: Skipping hidden module entry path=/Users/jfurocket/Documents/personal/modules/.fenrir-backups name=".fenrir-backups"
2025-12-04T14:27:53.872189Z  WARN tokio-runtime-worker ThreadId(429) fenrir::infra::modules::storage: Skipping hidden module entry path=/Users/jfurocket/Documents/personal/modules/.cache name=".cache"
2025-12-04T14:28:08.925962Z  WARN tokio-runtime-worker ThreadId(283) fenrir::infra::modules::storage: Skipping hidden module entry path=/Users/jfurocket/Documents/personal/modules/.fenrir-backups name=".fenrir-backups"
2025-12-04T14:28:08.926572Z  WARN tokio-runtime-worker ThreadId(283) fenrir::infra::modules::storage: Skipping hidden module entry path=/Users/jfurocket/Documents/personal/modules/.cache name=".cache"
2025-12-04T14:28:23.925475Z  WARN tokio-runtime-worker ThreadId(283) fenrir::infra::modules::storage: Skipping hidden module entry path=/Users/jfurocket/Documents/personal/modules/.fenrir-backups name=".fenrir-backups"
2025-12-04T14:28:23.926240Z  WARN tokio-runtime-worker ThreadId(283) fenrir::infra::modules::storage: Skipping hidden module entry path=/Users/jfurocket/Documents/personal/modules/.cache name=".cache"
2025-12-04T14:28:34.558766Z  WARN tokio-runtime-worker ThreadId(365) fenrir::infra::modules::storage: Skipping hidden module entry path=/Users/jfurocket/Documents/personal/modules/.fenrir-backups name=".fenrir-backups"
2025-12-04T14:28:34.559328Z  WARN tokio-runtime-worker ThreadId(365) fenrir::infra::modules::storage: Skipping hidden module entry path=/Users/jfurocket/Documents/personal/modules/.cache name=".cache"
2025-12-04T14:28:38.927152Z  WARN tokio-runtime-worker ThreadId(429) fenrir::infra::modules::storage: Skipping hidden module entry path=/Users/jfurocket/Documents/personal/modules/.fenrir-backups name=".fenrir-backups"
2025-12-04T14:28:38.927871Z  WARN tokio-runtime-worker ThreadId(429) fenrir::infra::modules::storage: Skipping hidden module entry path=/Users/jfurocket/Documents/personal/modules/.cache name=".cache"
2025-12-04T14:28:53.931953Z  WARN tokio-runtime-worker ThreadId(283) fenrir::infra::modules::storage: Skipping hidden module entry path=/Users/jfurocket/Documents/personal/modules/.fenrir-backups name=".fenrir-backups"
2025-12-04T14:28:53.933025Z  WARN tokio-runtime-worker ThreadId(283) fenrir::infra::modules::storage: Skipping hidden module entry path=/Users/jfurocket/Documents/personal/modules/.cache name=".cache"
2025-12-04T14:29:00.155808Z  WARN tokio-runtime-worker ThreadId(492) fenrir::infra::modules::storage: Skipping hidden module entry path=/Users/jfurocket/Documents/personal/modules/.fenrir-backups name=".fenrir-backups"
2025-12-04T14:29:00.156380Z  WARN tokio-runtime-worker ThreadId(492) fenrir::infra::modules::storage: Skipping hidden module entry path=/Users/jfurocket/Documents/personal/modules/.cache name=".cache"
2025-12-04T14:29:01.259533Z  WARN tokio-runtime-worker ThreadId(283) fenrir::infra::modules::storage: Skipping hidden module entry path=/Users/jfurocket/Documents/personal/modules/.fenrir-backups name=".fenrir-backups"
2025-12-04T14:29:01.260001Z  WARN tokio-runtime-worker ThreadId(283) fenrir::infra::modules::storage: Skipping hidden module entry path=/Users/jfurocket/Documents/personal/modules/.cache name=".cache"
2025-12-04T14:29:11.043091Z  WARN tokio-runtime-worker ThreadId(429) fenrir::infra::modules::storage: Skipping hidden module entry path=/Users/jfurocket/Documents/personal/modules/.fenrir-backups name=".fenrir-backups"
2025-12-04T14:29:11.043629Z  WARN tokio-runtime-worker ThreadId(429) fenrir::infra::modules::storage: Skipping hidden module entry path=/Users/jfurocket/Documents/personal/modules/.cache name=".cache"
2025-12-04T14:29:12.382053Z  WARN tokio-runtime-worker ThreadId(515) fenrir::infra::modules::storage: Skipping hidden module entry path=/Users/jfurocket/Documents/personal/modules/.fenrir-backups name=".fenrir-backups"
2025-12-04T14:29:12.382750Z  WARN tokio-runtime-worker ThreadId(515) fenrir::infra::modules::storage: Skipping hidden module entry path=/Users/jfurocket/Documents/personal/modules/.cache name=".cache"
2025-12-04T14:29:24.528968Z  WARN tokio-runtime-worker ThreadId(515) fenrir::infra::modules::storage: Skipping hidden module entry path=/Users/jfurocket/Documents/personal/modules/.fenrir-backups name=".fenrir-backups"
2025-12-04T14:29:24.529605Z  WARN tokio-runtime-worker ThreadId(515) fenrir::infra::modules::storage: Skipping hidden module entry path=/Users/jfurocket/Documents/personal/modules/.cache name=".cache"
2025-12-04T14:29:25.498571Z  WARN tokio-runtime-worker ThreadId(515) fenrir::infra::modules::storage: Skipping hidden module entry path=/Users/jfurocket/Documents/personal/modules/.fenrir-backups name=".fenrir-backups"
2025-12-04T14:29:25.499124Z  WARN tokio-runtime-worker ThreadId(515) fenrir::infra::modules::storage: Skipping hidden module entry path=/Users/jfurocket/Documents/personal/modules/.cache name=".cache"
2025-12-04T14:29:40.556286Z  WARN tokio-runtime-worker ThreadId(283) fenrir::infra::modules::storage: Skipping hidden module entry path=/Users/jfurocket/Documents/personal/modules/.fenrir-backups name=".fenrir-backups"
2025-12-04T14:29:40.557021Z  WARN tokio-runtime-worker ThreadId(283) fenrir::infra::modules::storage: Skipping hidden module entry path=/Users/jfurocket/Documents/personal/modules/.cache name=".cache"
2025-12-04T14:29:44.095691Z  WARN tokio-runtime-worker ThreadId(518) fenrir::infra::modules::storage: Skipping hidden module entry path=/Users/jfurocket/Documents/personal/modules/.fenrir-backups name=".fenrir-backups"
2025-12-04T14:29:44.096188Z  WARN tokio-runtime-worker ThreadId(518) fenrir::infra::modules::storage: Skipping hidden module entry path=/Users/jfurocket/Documents/personal/modules/.cache name=".cache"
2025-12-04T14:29:45.285906Z  WARN tokio-runtime-worker ThreadId(518) fenrir::infra::modules::storage: Skipping hidden module entry path=/Users/jfurocket/Documents/personal/modules/.fenrir-backups name=".fenrir-backups"
2025-12-04T14:29:45.286664Z  WARN tokio-runtime-worker ThreadId(518) fenrir::infra::modules::storage: Skipping hidden module entry path=/Users/jfurocket/Documents/personal/modules/.cache name=".cache"
2025-12-04T14:29:57.928131Z  WARN tokio-runtime-worker ThreadId(283) fenrir::infra::modules::storage: Skipping hidden module entry path=/Users/jfurocket/Documents/personal/modules/.fenrir-backups name=".fenrir-backups"
2025-12-04T14:29:57.929690Z  WARN tokio-runtime-worker ThreadId(283) fenrir::infra::modules::storage: Skipping hidden module entry path=/Users/jfurocket/Documents/personal/modules/.cache name=".cache"
2025-12-04T14:30:13.016342Z  WARN tokio-runtime-worker ThreadId(515) fenrir::infra::modules::storage: Skipping hidden module entry path=/Users/jfurocket/Documents/personal/modules/.fenrir-backups name=".fenrir-backups"
2025-12-04T14:30:13.016933Z  WARN tokio-runtime-worker ThreadId(515) fenrir::infra::modules::storage: Skipping hidden module entry path=/Users/jfurocket/Documents/personal/modules/.cache name=".cache"
2025-12-04T14:30:26.231592Z  WARN tokio-runtime-worker ThreadId(515) fenrir::infra::modules::storage: Skipping hidden module entry path=/Users/jfurocket/Documents/personal/modules/.fenrir-backups name=".fenrir-backups"
2025-12-04T14:30:26.232065Z  WARN tokio-runtime-worker ThreadId(515) fenrir::infra::modules::storage: Skipping hidden module entry path=/Users/jfurocket/Documents/personal/modules/.cache name=".cache"
2025-12-04T14:30:28.015907Z  WARN tokio-runtime-worker ThreadId(365) fenrir::infra::modules::storage: Skipping hidden module entry path=/Users/jfurocket/Documents/personal/modules/.fenrir-backups name=".fenrir-backups"
2025-12-04T14:30:28.016479Z  WARN tokio-runtime-worker ThreadId(365) fenrir::infra::modules::storage: Skipping hidden module entry path=/Users/jfurocket/Documents/personal/modules/.cache name=".cache"
2025-12-04T14:30:32.156524Z  WARN tokio-runtime-worker ThreadId(283) fenrir::infra::modules::storage: Skipping hidden module entry path=/Users/jfurocket/Documents/personal/modules/.fenrir-backups name=".fenrir-backups"
2025-12-04T14:30:32.283890Z  WARN tokio-runtime-worker ThreadId(283) fenrir::infra::modules::storage: Skipping hidden module entry path=/Users/jfurocket/Documents/personal/modules/.fenrir-backups name=".fenrir-backups"
2025-12-04T14:30:32.284710Z  WARN tokio-runtime-worker ThreadId(283) fenrir::infra::modules::storage: Skipping hidden module entry path=/Users/jfurocket/Documents/personal/modules/.cache name=".cache"
2025-12-04T14:30:47.329129Z  WARN tokio-runtime-worker ThreadId(515) fenrir::infra::modules::storage: Skipping hidden module entry path=/Users/jfurocket/Documents/personal/modules/.fenrir-backups name=".fenrir-backups"
2025-12-04T14:30:47.329673Z  WARN tokio-runtime-worker ThreadId(515) fenrir::infra::modules::storage: Skipping hidden module entry path=/Users/jfurocket/Documents/personal/modules/.cache name=".cache"
2025-12-04T14:30:54.510314Z  WARN tokio-runtime-worker ThreadId(365) fenrir::infra::modules::storage: Skipping hidden module entry path=/Users/jfurocket/Documents/personal/modules/.fenrir-backups name=".fenrir-backups"
2025-12-04T14:30:54.511187Z  WARN tokio-runtime-worker ThreadId(365) fenrir::infra::modules::storage: Skipping hidden module entry path=/Users/jfurocket/Documents/personal/modules/.cache name=".cache"
2025-12-04T14:31:02.329419Z  WARN tokio-runtime-worker ThreadId(365) fenrir::infra::modules::storage: Skipping hidden module entry path=/Users/jfurocket/Documents/personal/modules/.fenrir-backups name=".fenrir-backups"
2025-12-04T14:31:02.330389Z  WARN tokio-runtime-worker ThreadId(365) fenrir::infra::modules::storage: Skipping hidden module entry path=/Users/jfurocket/Documents/personal/modules/.cache name=".cache"
2025-12-04T14:31:04.096326Z  WARN tokio-runtime-worker ThreadId(515) fenrir::infra::modules::storage: Skipping hidden module entry path=/Users/jfurocket/Documents/personal/modules/.fenrir-backups name=".fenrir-backups"
2025-12-04T14:31:04.096744Z  WARN tokio-runtime-worker ThreadId(515) fenrir::infra::modules::storage: Skipping hidden module entry path=/Users/jfurocket/Documents/personal/modules/.cache name=".cache"
2025-12-04T14:31:05.599019Z  WARN tokio-runtime-worker ThreadId(515) fenrir::infra::modules::storage: Skipping hidden module entry path=/Users/jfurocket/Documents/personal/modules/.fenrir-backups name=".fenrir-backups"
2025-12-04T14:31:05.736823Z  WARN tokio-runtime-worker ThreadId(515) fenrir::infra::modules::storage: Skipping hidden module entry path=/Users/jfurocket/Documents/personal/modules/.fenrir-backups name=".fenrir-backups"
2025-12-04T14:31:05.737679Z  WARN tokio-runtime-worker ThreadId(365) fenrir::infra::modules::storage: Skipping hidden module entry path=/Users/jfurocket/Documents/personal/modules/.cache name=".cache"
2025-12-04T14:31:20.773250Z  WARN tokio-runtime-worker ThreadId(515) fenrir::infra::modules::storage: Skipping hidden module entry path=/Users/jfurocket/Documents/personal/modules/.fenrir-backups name=".fenrir-backups"
2025-12-04T14:31:20.773943Z  WARN tokio-runtime-worker ThreadId(515) fenrir::infra::modules::storage: Skipping hidden module entry path=/Users/jfurocket/Documents/personal/modules/.cache name=".cache"
2025-12-04T14:31:29.276526Z  WARN tokio-runtime-worker ThreadId(365) fenrir::infra::modules::storage: Skipping hidden module entry path=/Users/jfurocket/Documents/personal/modules/.fenrir-backups name=".fenrir-backups"
2025-12-04T14:31:29.278213Z  WARN tokio-runtime-worker ThreadId(365) fenrir::infra::modules::storage: Skipping hidden module entry path=/Users/jfurocket/Documents/personal/modules/.cache name=".cache"
2025-12-04T14:31:30.306618Z  WARN tokio-runtime-worker ThreadId(283) fenrir::infra::modules::storage: Skipping hidden module entry path=/Users/jfurocket/Documents/personal/modules/.fenrir-backups name=".fenrir-backups"
2025-12-04T14:31:30.380656Z  WARN tokio-runtime-worker ThreadId(365) fenrir::infra::modules::storage: Skipping hidden module entry path=/Users/jfurocket/Documents/personal/modules/.fenrir-backups name=".fenrir-backups"
2025-12-04T14:31:30.381636Z  WARN tokio-runtime-worker ThreadId(365) fenrir::infra::modules::storage: Skipping hidden module entry path=/Users/jfurocket/Documents/personal/modules/.cache name=".cache"
2025-12-04T14:31:45.486567Z  WARN tokio-runtime-worker ThreadId(283) fenrir::infra::modules::storage: Skipping hidden module entry path=/Users/jfurocket/Documents/personal/modules/.fenrir-backups name=".fenrir-backups"
2025-12-04T14:31:45.487935Z  WARN tokio-runtime-worker ThreadId(283) fenrir::infra::modules::storage: Skipping hidden module entry path=/Users/jfurocket/Documents/personal/modules/.cache name=".cache"
2025-12-04T14:32:00.484864Z  WARN tokio-runtime-worker ThreadId(531) fenrir::infra::modules::storage: Skipping hidden module entry path=/Users/jfurocket/Documents/personal/modules/.fenrir-backups name=".fenrir-backups"
2025-12-04T14:32:00.485977Z  WARN tokio-runtime-worker ThreadId(531) fenrir::infra::modules::storage: Skipping hidden module entry path=/Users/jfurocket/Documents/personal/modules/.cache name=".cache"
2025-12-04T14:32:15.492306Z  WARN tokio-runtime-worker ThreadId(490) fenrir::infra::modules::storage: Skipping hidden module entry path=/Users/jfurocket/Documents/personal/modules/.fenrir-backups name=".fenrir-backups"
2025-12-04T14:32:15.493451Z  WARN tokio-runtime-worker ThreadId(490) fenrir::infra::modules::storage: Skipping hidden module entry path=/Users/jfurocket/Documents/personal/modules/.cache name=".cache"
2025-12-04T14:32:23.529598Z  WARN tokio-runtime-worker ThreadId(283) fenrir::infra::modules::storage: Skipping hidden module entry path=/Users/jfurocket/Documents/personal/modules/.fenrir-backups name=".fenrir-backups"
2025-12-04T14:32:23.530023Z  WARN tokio-runtime-worker ThreadId(283) fenrir::infra::modules::storage: Skipping hidden module entry path=/Users/jfurocket/Documents/personal/modules/.cache name=".cache"
2025-12-04T14:32:24.528209Z  WARN tokio-runtime-worker ThreadId(518) fenrir::infra::modules::storage: Skipping hidden module entry path=/Users/jfurocket/Documents/personal/modules/.fenrir-backups name=".fenrir-backups"
2025-12-04T14:32:24.529382Z  WARN tokio-runtime-worker ThreadId(490) fenrir::infra::modules::storage: Skipping hidden module entry path=/Users/jfurocket/Documents/personal/modules/.cache name=".cache"
2025-12-04T14:32:24.605026Z  WARN tokio-runtime-worker ThreadId(515) fenrir::infra::modules::storage: Skipping hidden module entry path=/Users/jfurocket/Documents/personal/modules/.fenrir-backups name=".fenrir-backups"
2025-12-04T14:32:24.606483Z  WARN tokio-runtime-worker ThreadId(515) fenrir::infra::modules::storage: Skipping hidden module entry path=/Users/jfurocket/Documents/personal/modules/.cache name=".cache"
2025-12-04T14:32:28.736839Z  WARN tokio-runtime-worker ThreadId(283) fenrir::infra::modules::storage: Skipping hidden module entry path=/Users/jfurocket/Documents/personal/modules/.fenrir-backups name=".fenrir-backups"
2025-12-04T14:32:28.737884Z  WARN tokio-runtime-worker ThreadId(283) fenrir::infra::modules::storage: Skipping hidden module entry path=/Users/jfurocket/Documents/personal/modules/.cache name=".cache"
2025-12-04T14:32:43.779400Z  WARN tokio-runtime-worker ThreadId(531) fenrir::infra::modules::storage: Skipping hidden module entry path=/Users/jfurocket/Documents/personal/modules/.fenrir-backups name=".fenrir-backups"
2025-12-04T14:32:43.782090Z  WARN tokio-runtime-worker ThreadId(531) fenrir::infra::modules::storage: Skipping hidden module entry path=/Users/jfurocket/Documents/personal/modules/.cache name=".cache"
2025-12-04T14:32:58.778604Z  WARN tokio-runtime-worker ThreadId(541) fenrir::infra::modules::storage: Skipping hidden module entry path=/Users/jfurocket/Documents/personal/modules/.fenrir-backups name=".fenrir-backups"
2025-12-04T14:32:58.779405Z  WARN tokio-runtime-worker ThreadId(541) fenrir::infra::modules::storage: Skipping hidden module entry path=/Users/jfurocket/Documents/personal/modules/.cache name=".cache"
2025-12-04T14:33:13.773386Z  WARN tokio-runtime-worker ThreadId(541) fenrir::infra::modules::storage: Skipping hidden module entry path=/Users/jfurocket/Documents/personal/modules/.fenrir-backups name=".fenrir-backups"
2025-12-04T14:33:13.774319Z  WARN tokio-runtime-worker ThreadId(541) fenrir::infra::modules::storage: Skipping hidden module entry path=/Users/jfurocket/Documents/personal/modules/.cache name=".cache"
2025-12-04T14:33:21.715181Z  WARN tokio-runtime-worker ThreadId(531) fenrir::infra::modules::storage: Skipping hidden module entry path=/Users/jfurocket/Documents/personal/modules/.fenrir-backups name=".fenrir-backups"
2025-12-04T14:33:21.715513Z  WARN tokio-runtime-worker ThreadId(531) fenrir::infra::modules::storage: Skipping hidden module entry path=/Users/jfurocket/Documents/personal/modules/.cache name=".cache"
2025-12-04T14:33:21.791999Z  WARN tokio-runtime-worker ThreadId(283) fenrir::infra::modules::storage: Skipping hidden module entry path=/Users/jfurocket/Documents/personal/modules/.fenrir-backups name=".fenrir-backups"
2025-12-04T14:33:21.792888Z  WARN tokio-runtime-worker ThreadId(283) fenrir::infra::modules::storage: Skipping hidden module entry path=/Users/jfurocket/Documents/personal/modules/.cache name=".cache"
2025-12-04T14:33:36.876222Z  WARN tokio-runtime-worker ThreadId(283) fenrir::infra::modules::storage: Skipping hidden module entry path=/Users/jfurocket/Documents/personal/modules/.fenrir-backups name=".fenrir-backups"
2025-12-04T14:33:36.877337Z  WARN tokio-runtime-worker ThreadId(283) fenrir::infra::modules::storage: Skipping hidden module entry path=/Users/jfurocket/Documents/personal/modules/.cache name=".cache"
2025-12-04T14:33:51.870663Z  WARN tokio-runtime-worker ThreadId(531) fenrir::infra::modules::storage: Skipping hidden module entry path=/Users/jfurocket/Documents/personal/modules/.fenrir-backups name=".fenrir-backups"
2025-12-04T14:33:51.871126Z  WARN tokio-runtime-worker ThreadId(531) fenrir::infra::modules::storage: Skipping hidden module entry path=/Users/jfurocket/Documents/personal/modules/.cache name=".cache"
2025-12-04T14:34:06.459632Z  WARN tokio-runtime-worker ThreadId(283) fenrir::infra::modules::storage: Skipping hidden module entry path=/Users/jfurocket/Documents/personal/modules/.fenrir-backups name=".fenrir-backups"
2025-12-04T14:34:06.460430Z  WARN tokio-runtime-worker ThreadId(283) fenrir::infra::modules::storage: Skipping hidden module entry path=/Users/jfurocket/Documents/personal/modules/.cache name=".cache"
2025-12-04T14:34:08.405463Z  WARN tokio-runtime-worker ThreadId(541) fenrir::infra::modules::storage: Skipping hidden module entry path=/Users/jfurocket/Documents/personal/modules/.fenrir-backups name=".fenrir-backups"
2025-12-04T14:34:08.406046Z  WARN tokio-runtime-worker ThreadId(541) fenrir::infra::modules::storage: Skipping hidden module entry path=/Users/jfurocket/Documents/personal/modules/.cache name=".cache"
2025-12-04T14:34:16.616512Z  WARN tokio-runtime-worker ThreadId(518) fenrir::infra::modules::storage: Skipping hidden module entry path=/Users/jfurocket/Documents/personal/modules/.fenrir-backups name=".fenrir-backups"
2025-12-04T14:34:16.617331Z  WARN tokio-runtime-worker ThreadId(518) fenrir::infra::modules::storage: Skipping hidden module entry path=/Users/jfurocket/Documents/personal/modules/.cache name=".cache"
2025-12-04T14:34:24.683637Z  WARN tokio-runtime-worker ThreadId(365) fenrir::infra::modules::storage: Skipping hidden module entry path=/Users/jfurocket/Documents/personal/modules/.fenrir-backups name=".fenrir-backups"
2025-12-04T14:34:24.684353Z  WARN tokio-runtime-worker ThreadId(365) fenrir::infra::modules::storage: Skipping hidden module entry path=/Users/jfurocket/Documents/personal/modules/.cache name=".cache"
2025-12-04T14:34:39.725900Z  WARN tokio-runtime-worker ThreadId(518) fenrir::infra::modules::storage: Skipping hidden module entry path=/Users/jfurocket/Documents/personal/modules/.fenrir-backups name=".fenrir-backups"
2025-12-04T14:34:39.727046Z  WARN tokio-runtime-worker ThreadId(541) fenrir::infra::modules::storage: Skipping hidden module entry path=/Users/jfurocket/Documents/personal/modules/.cache name=".cache"
2025-12-04T14:34:54.731440Z  WARN tokio-runtime-worker ThreadId(518) fenrir::infra::modules::storage: Skipping hidden module entry path=/Users/jfurocket/Documents/personal/modules/.fenrir-backups name=".fenrir-backups"
2025-12-04T14:34:54.732075Z  WARN tokio-runtime-worker ThreadId(518) fenrir::infra::modules::storage: Skipping hidden module entry path=/Users/jfurocket/Documents/personal/modules/.cache name=".cache"
2025-12-04T14:35:08.518393Z  WARN tokio-runtime-worker ThreadId(518) fenrir::infra::modules::storage: Skipping hidden module entry path=/Users/jfurocket/Documents/personal/modules/.fenrir-backups name=".fenrir-backups"
2025-12-04T14:35:08.520697Z  WARN tokio-runtime-worker ThreadId(518) fenrir::infra::modules::storage: Skipping hidden module entry path=/Users/jfurocket/Documents/personal/modules/.cache name=".cache"
2025-12-04T14:35:09.727301Z  WARN tokio-runtime-worker ThreadId(531) fenrir::infra::modules::storage: Skipping hidden module entry path=/Users/jfurocket/Documents/personal/modules/.fenrir-backups name=".fenrir-backups"
2025-12-04T14:35:09.727933Z  WARN tokio-runtime-worker ThreadId(531) fenrir::infra::modules::storage: Skipping hidden module entry path=/Users/jfurocket/Documents/personal/modules/.cache name=".cache"
2025-12-04T14:35:12.963381Z  WARN tokio-runtime-worker ThreadId(531) fenrir::infra::modules::storage: Skipping hidden module entry path=/Users/jfurocket/Documents/personal/modules/.fenrir-backups name=".fenrir-backups"
2025-12-04T14:35:12.963980Z  WARN tokio-runtime-worker ThreadId(531) fenrir::infra::modules::storage: Skipping hidden module entry path=/Users/jfurocket/Documents/personal/modules/.cache name=".cache"
2025-12-04T14:35:28.027982Z  WARN tokio-runtime-worker ThreadId(541) fenrir::infra::modules::storage: Skipping hidden module entry path=/Users/jfurocket/Documents/personal/modules/.fenrir-backups name=".fenrir-backups"
2025-12-04T14:35:28.029046Z  WARN tokio-runtime-worker ThreadId(541) fenrir::infra::modules::storage: Skipping hidden module entry path=/Users/jfurocket/Documents/personal/modules/.cache name=".cache"
2025-12-04T14:35:43.027614Z  WARN tokio-runtime-worker ThreadId(365) fenrir::infra::modules::storage: Skipping hidden module entry path=/Users/jfurocket/Documents/personal/modules/.fenrir-backups name=".fenrir-backups"
2025-12-04T14:35:43.028485Z  WARN tokio-runtime-worker ThreadId(365) fenrir::infra::modules::storage: Skipping hidden module entry path=/Users/jfurocket/Documents/personal/modules/.cache name=".cache"
2025-12-04T14:35:58.026235Z  WARN tokio-runtime-worker ThreadId(518) fenrir::infra::modules::storage: Skipping hidden module entry path=/Users/jfurocket/Documents/personal/modules/.fenrir-backups name=".fenrir-backups"
2025-12-04T14:35:58.026779Z  WARN tokio-runtime-worker ThreadId(518) fenrir::infra::modules::storage: Skipping hidden module entry path=/Users/jfurocket/Documents/personal/modules/.cache name=".cache"
2025-12-04T14:36:13.028149Z  WARN tokio-runtime-worker ThreadId(365) fenrir::infra::modules::storage: Skipping hidden module entry path=/Users/jfurocket/Documents/personal/modules/.fenrir-backups name=".fenrir-backups"
2025-12-04T14:36:13.028794Z  WARN tokio-runtime-worker ThreadId(365) fenrir::infra::modules::storage: Skipping hidden module entry path=/Users/jfurocket/Documents/personal/modules/.cache name=".cache"
2025-12-04T14:36:28.027369Z  WARN tokio-runtime-worker ThreadId(283) fenrir::infra::modules::storage: Skipping hidden module entry path=/Users/jfurocket/Documents/personal/modules/.fenrir-backups name=".fenrir-backups"
2025-12-04T14:36:28.028537Z  WARN tokio-runtime-worker ThreadId(283) fenrir::infra::modules::storage: Skipping hidden module entry path=/Users/jfurocket/Documents/personal/modules/.cache name=".cache"
2025-12-04T14:36:43.029760Z  WARN tokio-runtime-worker ThreadId(518) fenrir::infra::modules::storage: Skipping hidden module entry path=/Users/jfurocket/Documents/personal/modules/.fenrir-backups name=".fenrir-backups"
2025-12-04T14:36:43.030721Z  WARN tokio-runtime-worker ThreadId(518) fenrir::infra::modules::storage: Skipping hidden module entry path=/Users/jfurocket/Documents/personal/modules/.cache name=".cache"
2025-12-04T14:36:58.029530Z  WARN tokio-runtime-worker ThreadId(283) fenrir::infra::modules::storage: Skipping hidden module entry path=/Users/jfurocket/Documents/personal/modules/.fenrir-backups name=".fenrir-backups"
2025-12-04T14:36:58.030833Z  WARN tokio-runtime-worker ThreadId(531) fenrir::infra::modules::storage: Skipping hidden module entry path=/Users/jfurocket/Documents/personal/modules/.cache name=".cache"
2025-12-04T14:37:13.030098Z  WARN tokio-runtime-worker ThreadId(490) fenrir::infra::modules::storage: Skipping hidden module entry path=/Users/jfurocket/Documents/personal/modules/.fenrir-backups name=".fenrir-backups"
2025-12-04T14:37:13.031077Z  WARN tokio-runtime-worker ThreadId(490) fenrir::infra::modules::storage: Skipping hidden module entry path=/Users/jfurocket/Documents/personal/modules/.cache name=".cache"
2025-12-04T14:37:28.030648Z  WARN tokio-runtime-worker ThreadId(518) fenrir::infra::modules::storage: Skipping hidden module entry path=/Users/jfurocket/Documents/personal/modules/.fenrir-backups name=".fenrir-backups"
2025-12-04T14:37:28.031188Z  WARN tokio-runtime-worker ThreadId(518) fenrir::infra::modules::storage: Skipping hidden module entry path=/Users/jfurocket/Documents/personal/modules/.cache name=".cache"
2025-12-04T14:37:43.027077Z  WARN tokio-runtime-worker ThreadId(365) fenrir::infra::modules::storage: Skipping hidden module entry path=/Users/jfurocket/Documents/personal/modules/.fenrir-backups name=".fenrir-backups"
2025-12-04T14:37:43.027866Z  WARN tokio-runtime-worker ThreadId(365) fenrir::infra::modules::storage: Skipping hidden module entry path=/Users/jfurocket/Documents/personal/modules/.cache name=".cache"
2025-12-04T14:37:58.027673Z  WARN tokio-runtime-worker ThreadId(365) fenrir::infra::modules::storage: Skipping hidden module entry path=/Users/jfurocket/Documents/personal/modules/.fenrir-backups name=".fenrir-backups"
2025-12-04T14:37:58.028488Z  WARN tokio-runtime-worker ThreadId(365) fenrir::infra::modules::storage: Skipping hidden module entry path=/Users/jfurocket/Documents/personal/modules/.cache name=".cache"
2025-12-04T14:38:13.027776Z  WARN tokio-runtime-worker ThreadId(365) fenrir::infra::modules::storage: Skipping hidden module entry path=/Users/jfurocket/Documents/personal/modules/.fenrir-backups name=".fenrir-backups"
2025-12-04T14:38:13.028337Z  WARN tokio-runtime-worker ThreadId(365) fenrir::infra::modules::storage: Skipping hidden module entry path=/Users/jfurocket/Documents/personal/modules/.cache name=".cache"
2025-12-04T14:38:28.028224Z  WARN tokio-runtime-worker ThreadId(365) fenrir::infra::modules::storage: Skipping hidden module entry path=/Users/jfurocket/Documents/personal/modules/.fenrir-backups name=".fenrir-backups"
2025-12-04T14:38:28.029009Z  WARN tokio-runtime-worker ThreadId(365) fenrir::infra::modules::storage: Skipping hidden module entry path=/Users/jfurocket/Documents/personal/modules/.cache name=".cache"
2025-12-04T14:38:43.028847Z  WARN tokio-runtime-worker ThreadId(575) fenrir::infra::modules::storage: Skipping hidden module entry path=/Users/jfurocket/Documents/personal/modules/.fenrir-backups name=".fenrir-backups"
2025-12-04T14:38:43.029634Z  WARN tokio-runtime-worker ThreadId(575) fenrir::infra::modules::storage: Skipping hidden module entry path=/Users/jfurocket/Documents/personal/modules/.cache name=".cache"
2025-12-04T14:38:58.028041Z  WARN tokio-runtime-worker ThreadId(531) fenrir::infra::modules::storage: Skipping hidden module entry path=/Users/jfurocket/Documents/personal/modules/.fenrir-backups name=".fenrir-backups"
2025-12-04T14:38:58.028528Z  WARN tokio-runtime-worker ThreadId(531) fenrir::infra::modules::storage: Skipping hidden module entry path=/Users/jfurocket/Documents/personal/modules/.cache name=".cache"
2025-12-04T14:39:13.028606Z  WARN tokio-runtime-worker ThreadId(575) fenrir::infra::modules::storage: Skipping hidden module entry path=/Users/jfurocket/Documents/personal/modules/.fenrir-backups name=".fenrir-backups"
2025-12-04T14:39:13.031597Z  WARN tokio-runtime-worker ThreadId(575) fenrir::infra::modules::storage: Skipping hidden module entry path=/Users/jfurocket/Documents/personal/modules/.cache name=".cache"
2025-12-04T14:39:28.028492Z  WARN tokio-runtime-worker ThreadId(575) fenrir::infra::modules::storage: Skipping hidden module entry path=/Users/jfurocket/Documents/personal/modules/.fenrir-backups name=".fenrir-backups"
2025-12-04T14:39:28.029122Z  WARN tokio-runtime-worker ThreadId(575) fenrir::infra::modules::storage: Skipping hidden module entry path=/Users/jfurocket/Documents/personal/modules/.cache name=".cache"
2025-12-04T14:39:43.028925Z  WARN tokio-runtime-worker ThreadId(518) fenrir::infra::modules::storage: Skipping hidden module entry path=/Users/jfurocket/Documents/personal/modules/.fenrir-backups name=".fenrir-backups"
2025-12-04T14:39:43.030965Z  WARN tokio-runtime-worker ThreadId(518) fenrir::infra::modules::storage: Skipping hidden module entry path=/Users/jfurocket/Documents/personal/modules/.cache name=".cache"
2025-12-04T14:39:58.031193Z  WARN tokio-runtime-worker ThreadId(541) fenrir::infra::modules::storage: Skipping hidden module entry path=/Users/jfurocket/Documents/personal/modules/.fenrir-backups name=".fenrir-backups"
2025-12-04T14:39:58.032143Z  WARN tokio-runtime-worker ThreadId(541) fenrir::infra::modules::storage: Skipping hidden module entry path=/Users/jfurocket/Documents/personal/modules/.cache name=".cache"
2025-12-04T14:40:13.028045Z  WARN tokio-runtime-worker ThreadId(490) fenrir::infra::modules::storage: Skipping hidden module entry path=/Users/jfurocket/Documents/personal/modules/.fenrir-backups name=".fenrir-backups"
2025-12-04T14:40:13.029167Z  WARN tokio-runtime-worker ThreadId(490) fenrir::infra::modules::storage: Skipping hidden module entry path=/Users/jfurocket/Documents/personal/modules/.cache name=".cache"
2025-12-04T14:40:28.027772Z  WARN tokio-runtime-worker ThreadId(575) fenrir::infra::modules::storage: Skipping hidden module entry path=/Users/jfurocket/Documents/personal/modules/.fenrir-backups name=".fenrir-backups"
2025-12-04T14:40:28.029502Z  WARN tokio-runtime-worker ThreadId(575) fenrir::infra::modules::storage: Skipping hidden module entry path=/Users/jfurocket/Documents/personal/modules/.cache name=".cache"
2025-12-04T14:40:35.418251Z  WARN tokio-runtime-worker ThreadId(541) fenrir::infra::modules::storage: Skipping hidden module entry path=/Users/jfurocket/Documents/personal/modules/.fenrir-backups name=".fenrir-backups"
2025-12-04T14:40:35.418617Z  WARN tokio-runtime-worker ThreadId(541) fenrir::infra::modules::storage: Skipping hidden module entry path=/Users/jfurocket/Documents/personal/modules/.cache name=".cache"
2025-12-04T14:40:43.026776Z  WARN tokio-runtime-worker ThreadId(490) fenrir::infra::modules::storage: Skipping hidden module entry path=/Users/jfurocket/Documents/personal/modules/.fenrir-backups name=".fenrir-backups"
2025-12-04T14:40:43.027675Z  WARN tokio-runtime-worker ThreadId(490) fenrir::infra::modules::storage: Skipping hidden module entry path=/Users/jfurocket/Documents/personal/modules/.cache name=".cache"
2025-12-04T14:40:58.028936Z  WARN tokio-runtime-worker ThreadId(490) fenrir::infra::modules::storage: Skipping hidden module entry path=/Users/jfurocket/Documents/personal/modules/.fenrir-backups name=".fenrir-backups"
2025-12-04T14:40:58.029264Z  WARN tokio-runtime-worker ThreadId(490) fenrir::infra::modules::storage: Skipping hidden module entry path=/Users/jfurocket/Documents/personal/modules/.cache name=".cache"
2025-12-04T14:41:03.861827Z  WARN tokio-runtime-worker ThreadId(490) fenrir::infra::modules::storage: Skipping hidden module entry path=/Users/jfurocket/Documents/personal/modules/.fenrir-backups name=".fenrir-backups"
2025-12-04T14:41:03.862774Z  WARN tokio-runtime-worker ThreadId(490) fenrir::infra::modules::storage: Skipping hidden module entry path=/Users/jfurocket/Documents/personal/modules/.cache name=".cache"
2025-12-04T14:46:47.888514Z  WARN tokio-runtime-worker ThreadId(541) fenrir::infra::modules::storage: Skipping hidden module entry path=/Users/jfurocket/Documents/personal/modules/.fenrir-backups name=".fenrir-backups"
2025-12-04T14:46:47.891096Z  WARN tokio-runtime-worker ThreadId(541) fenrir::infra::modules::storage: Skipping hidden module entry path=/Users/jfurocket/Documents/personal/modules/.cache name=".cache"
2025-12-04T14:46:49.094306Z  WARN tokio-runtime-worker ThreadId(490) fenrir::infra::modules::storage: Skipping hidden module entry path=/Users/jfurocket/Documents/personal/modules/.fenrir-backups name=".fenrir-backups"
2025-12-04T14:46:49.095001Z  WARN tokio-runtime-worker ThreadId(490) fenrir::infra::modules::storage: Skipping hidden module entry path=/Users/jfurocket/Documents/personal/modules/.cache name=".cache"
2025-12-04T14:47:04.178510Z  WARN tokio-runtime-worker ThreadId(490) fenrir::infra::modules::storage: Skipping hidden module entry path=/Users/jfurocket/Documents/personal/modules/.fenrir-backups name=".fenrir-backups"
2025-12-04T14:47:04.179486Z  WARN tokio-runtime-worker ThreadId(490) fenrir::infra::modules::storage: Skipping hidden module entry path=/Users/jfurocket/Documents/personal/modules/.cache name=".cache"
2025-12-04T14:47:19.175941Z  WARN tokio-runtime-worker ThreadId(490) fenrir::infra::modules::storage: Skipping hidden module entry path=/Users/jfurocket/Documents/personal/modules/.fenrir-backups name=".fenrir-backups"
2025-12-04T14:47:19.176903Z  WARN tokio-runtime-worker ThreadId(490) fenrir::infra::modules::storage: Skipping hidden module entry path=/Users/jfurocket/Documents/personal/modules/.cache name=".cache"
2025-12-04T14:47:34.178416Z  WARN tokio-runtime-worker ThreadId(541) fenrir::infra::modules::storage: Skipping hidden module entry path=/Users/jfurocket/Documents/personal/modules/.fenrir-backups name=".fenrir-backups"
2025-12-04T14:47:34.180700Z  WARN tokio-runtime-worker ThreadId(541) fenrir::infra::modules::storage: Skipping hidden module entry path=/Users/jfurocket/Documents/personal/modules/.cache name=".cache"
2025-12-04T14:47:49.177857Z  WARN tokio-runtime-worker ThreadId(518) fenrir::infra::modules::storage: Skipping hidden module entry path=/Users/jfurocket/Documents/personal/modules/.fenrir-backups name=".fenrir-backups"
2025-12-04T14:47:49.180297Z  WARN tokio-runtime-worker ThreadId(518) fenrir::infra::modules::storage: Skipping hidden module entry path=/Users/jfurocket/Documents/personal/modules/.cache name=".cache"
2025-12-04T14:48:04.182175Z  WARN tokio-runtime-worker ThreadId(518) fenrir::infra::modules::storage: Skipping hidden module entry path=/Users/jfurocket/Documents/personal/modules/.fenrir-backups name=".fenrir-backups"
2025-12-04T14:48:04.184291Z  WARN tokio-runtime-worker ThreadId(518) fenrir::infra::modules::storage: Skipping hidden module entry path=/Users/jfurocket/Documents/personal/modules/.cache name=".cache"
2025-12-04T14:48:14.616187Z  WARN tokio-runtime-worker ThreadId(518) fenrir::infra::modules::storage: Skipping hidden module entry path=/Users/jfurocket/Documents/personal/modules/.fenrir-backups name=".fenrir-backups"
2025-12-04T14:48:14.617016Z  WARN tokio-runtime-worker ThreadId(518) fenrir::infra::modules::storage: Skipping hidden module entry path=/Users/jfurocket/Documents/personal/modules/.cache name=".cache"
2025-12-04T14:48:19.174327Z  WARN tokio-runtime-worker ThreadId(531) fenrir::infra::modules::storage: Skipping hidden module entry path=/Users/jfurocket/Documents/personal/modules/.fenrir-backups name=".fenrir-backups"
2025-12-04T14:48:19.174990Z  WARN tokio-runtime-worker ThreadId(531) fenrir::infra::modules::storage: Skipping hidden module entry path=/Users/jfurocket/Documents/personal/modules/.cache name=".cache"
2025-12-04T14:48:34.180347Z  WARN tokio-runtime-worker ThreadId(531) fenrir::infra::modules::storage: Skipping hidden module entry path=/Users/jfurocket/Documents/personal/modules/.fenrir-backups name=".fenrir-backups"
2025-12-04T14:48:34.181111Z  WARN tokio-runtime-worker ThreadId(531) fenrir::infra::modules::storage: Skipping hidden module entry path=/Users/jfurocket/Documents/personal/modules/.cache name=".cache"
2025-12-04T14:48:49.175501Z  WARN tokio-runtime-worker ThreadId(575) fenrir::infra::modules::storage: Skipping hidden module entry path=/Users/jfurocket/Documents/personal/modules/.fenrir-backups name=".fenrir-backups"
2025-12-04T14:48:49.177388Z  WARN tokio-runtime-worker ThreadId(575) fenrir::infra::modules::storage: Skipping hidden module entry path=/Users/jfurocket/Documents/personal/modules/.cache name=".cache"
2025-12-04T14:49:04.154792Z  WARN tokio-runtime-worker ThreadId(365) fenrir::infra::modules::storage: Skipping hidden module entry path=/Users/jfurocket/Documents/personal/modules/.fenrir-backups name=".fenrir-backups"
2025-12-04T14:49:04.155518Z  WARN tokio-runtime-worker ThreadId(365) fenrir::infra::modules::storage: Skipping hidden module entry path=/Users/jfurocket/Documents/personal/modules/.cache name=".cache"
2025-12-04T14:49:19.144676Z  WARN tokio-runtime-worker ThreadId(518) fenrir::infra::modules::storage: Skipping hidden module entry path=/Users/jfurocket/Documents/personal/modules/.fenrir-backups name=".fenrir-backups"
2025-12-04T14:49:19.145248Z  WARN tokio-runtime-worker ThreadId(518) fenrir::infra::modules::storage: Skipping hidden module entry path=/Users/jfurocket/Documents/personal/modules/.cache name=".cache"
2025-12-04T14:49:34.138649Z  WARN tokio-runtime-worker ThreadId(518) fenrir::infra::modules::storage: Skipping hidden module entry path=/Users/jfurocket/Documents/personal/modules/.fenrir-backups name=".fenrir-backups"
2025-12-04T14:49:34.142569Z  WARN tokio-runtime-worker ThreadId(518) fenrir::infra::modules::storage: Skipping hidden module entry path=/Users/jfurocket/Documents/personal/modules/.cache name=".cache"
2025-12-04T14:49:49.135196Z  WARN tokio-runtime-worker ThreadId(365) fenrir::infra::modules::storage: Skipping hidden module entry path=/Users/jfurocket/Documents/personal/modules/.fenrir-backups name=".fenrir-backups"
2025-12-04T14:49:49.136921Z  WARN tokio-runtime-worker ThreadId(365) fenrir::infra::modules::storage: Skipping hidden module entry path=/Users/jfurocket/Documents/personal/modules/.cache name=".cache"
2025-12-04T14:50:04.138730Z  WARN tokio-runtime-worker ThreadId(541) fenrir::infra::modules::storage: Skipping hidden module entry path=/Users/jfurocket/Documents/personal/modules/.fenrir-backups name=".fenrir-backups"
2025-12-04T14:50:04.140768Z  WARN tokio-runtime-worker ThreadId(541) fenrir::infra::modules::storage: Skipping hidden module entry path=/Users/jfurocket/Documents/personal/modules/.cache name=".cache"
2025-12-04T14:50:19.135050Z  WARN tokio-runtime-worker ThreadId(531) fenrir::infra::modules::storage: Skipping hidden module entry path=/Users/jfurocket/Documents/personal/modules/.fenrir-backups name=".fenrir-backups"
2025-12-04T14:50:19.135974Z  WARN tokio-runtime-worker ThreadId(531) fenrir::infra::modules::storage: Skipping hidden module entry path=/Users/jfurocket/Documents/personal/modules/.cache name=".cache"
2025-12-04T14:50:34.139146Z  WARN tokio-runtime-worker ThreadId(365) fenrir::infra::modules::storage: Skipping hidden module entry path=/Users/jfurocket/Documents/personal/modules/.fenrir-backups name=".fenrir-backups"
2025-12-04T14:50:34.139743Z  WARN tokio-runtime-worker ThreadId(365) fenrir::infra::modules::storage: Skipping hidden module entry path=/Users/jfurocket/Documents/personal/modules/.cache name=".cache"
2025-12-04T14:50:49.131776Z  WARN tokio-runtime-worker ThreadId(531) fenrir::infra::modules::storage: Skipping hidden module entry path=/Users/jfurocket/Documents/personal/modules/.fenrir-backups name=".fenrir-backups"
2025-12-04T14:50:49.133379Z  WARN tokio-runtime-worker ThreadId(531) fenrir::infra::modules::storage: Skipping hidden module entry path=/Users/jfurocket/Documents/personal/modules/.cache name=".cache"
2025-12-04T14:51:04.136834Z  WARN tokio-runtime-worker ThreadId(531) fenrir::infra::modules::storage: Skipping hidden module entry path=/Users/jfurocket/Documents/personal/modules/.fenrir-backups name=".fenrir-backups"
2025-12-04T14:51:04.138786Z  WARN tokio-runtime-worker ThreadId(531) fenrir::infra::modules::storage: Skipping hidden module entry path=/Users/jfurocket/Documents/personal/modules/.cache name=".cache"
2025-12-04T14:51:19.134116Z  WARN tokio-runtime-worker ThreadId(541) fenrir::infra::modules::storage: Skipping hidden module entry path=/Users/jfurocket/Documents/personal/modules/.fenrir-backups name=".fenrir-backups"
2025-12-04T14:51:19.135314Z  WARN tokio-runtime-worker ThreadId(541) fenrir::infra::modules::storage: Skipping hidden module entry path=/Users/jfurocket/Documents/personal/modules/.cache name=".cache"
2025-12-04T14:51:34.139947Z  WARN tokio-runtime-worker ThreadId(490) fenrir::infra::modules::storage: Skipping hidden module entry path=/Users/jfurocket/Documents/personal/modules/.fenrir-backups name=".fenrir-backups"
2025-12-04T14:51:34.140594Z  WARN tokio-runtime-worker ThreadId(490) fenrir::infra::modules::storage: Skipping hidden module entry path=/Users/jfurocket/Documents/personal/modules/.cache name=".cache"
2025-12-04T14:51:49.134050Z  WARN tokio-runtime-worker ThreadId(575) fenrir::infra::modules::storage: Skipping hidden module entry path=/Users/jfurocket/Documents/personal/modules/.fenrir-backups name=".fenrir-backups"
2025-12-04T14:51:49.135691Z  WARN tokio-runtime-worker ThreadId(575) fenrir::infra::modules::storage: Skipping hidden module entry path=/Users/jfurocket/Documents/personal/modules/.cache name=".cache"
2025-12-04T14:52:04.142542Z  WARN tokio-runtime-worker ThreadId(518) fenrir::infra::modules::storage: Skipping hidden module entry path=/Users/jfurocket/Documents/personal/modules/.fenrir-backups name=".fenrir-backups"
2025-12-04T14:52:04.143156Z  WARN tokio-runtime-worker ThreadId(518) fenrir::infra::modules::storage: Skipping hidden module entry path=/Users/jfurocket/Documents/personal/modules/.cache name=".cache"
2025-12-04T14:52:19.133904Z  WARN tokio-runtime-worker ThreadId(541) fenrir::infra::modules::storage: Skipping hidden module entry path=/Users/jfurocket/Documents/personal/modules/.fenrir-backups name=".fenrir-backups"
2025-12-04T14:52:19.135509Z  WARN tokio-runtime-worker ThreadId(541) fenrir::infra::modules::storage: Skipping hidden module entry path=/Users/jfurocket/Documents/personal/modules/.cache name=".cache"
2025-12-04T14:52:34.137615Z  WARN tokio-runtime-worker ThreadId(575) fenrir::infra::modules::storage: Skipping hidden module entry path=/Users/jfurocket/Documents/personal/modules/.fenrir-backups name=".fenrir-backups"
2025-12-04T14:52:34.138391Z  WARN tokio-runtime-worker ThreadId(575) fenrir::infra::modules::storage: Skipping hidden module entry path=/Users/jfurocket/Documents/personal/modules/.cache name=".cache"
2025-12-04T14:52:45.430929Z  WARN tokio-runtime-worker ThreadId(650) fenrir::infra::modules::storage: Skipping hidden module entry path=/Users/jfurocket/Documents/personal/modules/.fenrir-backups name=".fenrir-backups"
2025-12-04T14:52:45.432260Z  WARN tokio-runtime-worker ThreadId(541) fenrir::infra::modules::storage: Skipping hidden module entry path=/Users/jfurocket/Documents/personal/modules/.cache name=".cache"
2025-12-04T14:52:46.481849Z  WARN tokio-runtime-worker ThreadId(650) fenrir::infra::modules::storage: Skipping hidden module entry path=/Users/jfurocket/Documents/personal/modules/.fenrir-backups name=".fenrir-backups"
2025-12-04T14:52:46.482563Z  WARN tokio-runtime-worker ThreadId(650) fenrir::infra::modules::storage: Skipping hidden module entry path=/Users/jfurocket/Documents/personal/modules/.cache name=".cache"
2025-12-04T14:52:46.539501Z  WARN tokio-runtime-worker ThreadId(365) fenrir::infra::modules::storage: Skipping hidden module entry path=/Users/jfurocket/Documents/personal/modules/.fenrir-backups name=".fenrir-backups"
2025-12-04T14:52:46.540308Z  WARN tokio-runtime-worker ThreadId(365) fenrir::infra::modules::storage: Skipping hidden module entry path=/Users/jfurocket/Documents/personal/modules/.cache name=".cache"
2025-12-04T14:53:01.621708Z  WARN tokio-runtime-worker ThreadId(541) fenrir::infra::modules::storage: Skipping hidden module entry path=/Users/jfurocket/Documents/personal/modules/.fenrir-backups name=".fenrir-backups"
2025-12-04T14:53:01.622706Z  WARN tokio-runtime-worker ThreadId(650) fenrir::infra::modules::storage: Skipping hidden module entry path=/Users/jfurocket/Documents/personal/modules/.cache name=".cache"
2025-12-04T14:53:16.616594Z  WARN tokio-runtime-worker ThreadId(518) fenrir::infra::modules::storage: Skipping hidden module entry path=/Users/jfurocket/Documents/personal/modules/.fenrir-backups name=".fenrir-backups"
2025-12-04T14:53:16.617365Z  WARN tokio-runtime-worker ThreadId(518) fenrir::infra::modules::storage: Skipping hidden module entry path=/Users/jfurocket/Documents/personal/modules/.cache name=".cache"
2025-12-04T14:53:31.617453Z  WARN tokio-runtime-worker ThreadId(490) fenrir::infra::modules::storage: Skipping hidden module entry path=/Users/jfurocket/Documents/personal/modules/.fenrir-backups name=".fenrir-backups"
2025-12-04T14:53:31.618412Z  WARN tokio-runtime-worker ThreadId(490) fenrir::infra::modules::storage: Skipping hidden module entry path=/Users/jfurocket/Documents/personal/modules/.cache name=".cache"
2025-12-04T14:53:46.613949Z  WARN tokio-runtime-worker ThreadId(365) fenrir::infra::modules::storage: Skipping hidden module entry path=/Users/jfurocket/Documents/personal/modules/.fenrir-backups name=".fenrir-backups"
2025-12-04T14:53:46.614443Z  WARN tokio-runtime-worker ThreadId(365) fenrir::infra::modules::storage: Skipping hidden module entry path=/Users/jfurocket/Documents/personal/modules/.cache name=".cache"
2025-12-04T14:54:01.616656Z  WARN tokio-runtime-worker ThreadId(650) fenrir::infra::modules::storage: Skipping hidden module entry path=/Users/jfurocket/Documents/personal/modules/.fenrir-backups name=".fenrir-backups"
2025-12-04T14:54:01.617634Z  WARN tokio-runtime-worker ThreadId(650) fenrir::infra::modules::storage: Skipping hidden module entry path=/Users/jfurocket/Documents/personal/modules/.cache name=".cache"
2025-12-04T14:54:16.613851Z  WARN tokio-runtime-worker ThreadId(650) fenrir::infra::modules::storage: Skipping hidden module entry path=/Users/jfurocket/Documents/personal/modules/.fenrir-backups name=".fenrir-backups"
2025-12-04T14:54:16.614413Z  WARN tokio-runtime-worker ThreadId(650) fenrir::infra::modules::storage: Skipping hidden module entry path=/Users/jfurocket/Documents/personal/modules/.cache name=".cache"
2025-12-04T14:54:31.611292Z  WARN tokio-runtime-worker ThreadId(365) fenrir::infra::modules::storage: Skipping hidden module entry path=/Users/jfurocket/Documents/personal/modules/.fenrir-backups name=".fenrir-backups"
2025-12-04T14:54:31.611922Z  WARN tokio-runtime-worker ThreadId(365) fenrir::infra::modules::storage: Skipping hidden module entry path=/Users/jfurocket/Documents/personal/modules/.cache name=".cache"
2025-12-04T14:54:44.767794Z  WARN tokio-runtime-worker ThreadId(531) fenrir::infra::modules::storage: Skipping hidden module entry path=/Users/jfurocket/Documents/personal/modules/.fenrir-backups name=".fenrir-backups"
2025-12-04T14:54:44.769119Z  WARN tokio-runtime-worker ThreadId(531) fenrir::infra::modules::storage: Skipping hidden module entry path=/Users/jfurocket/Documents/personal/modules/.cache name=".cache"
2025-12-04T14:56:04.933078Z  WARN tokio-runtime-worker ThreadId(365) fenrir::infra::modules::storage: Skipping hidden module entry path=/Users/jfurocket/Documents/personal/modules/.fenrir-backups name=".fenrir-backups"
2025-12-04T14:56:04.934596Z  WARN tokio-runtime-worker ThreadId(365) fenrir::infra::modules::storage: Skipping hidden module entry path=/Users/jfurocket/Documents/personal/modules/.cache name=".cache"
2025-12-04T14:56:06.067580Z  WARN tokio-runtime-worker ThreadId(531) fenrir::infra::modules::storage: Skipping hidden module entry path=/Users/jfurocket/Documents/personal/modules/.fenrir-backups name=".fenrir-backups"
2025-12-04T14:56:06.069557Z  WARN tokio-runtime-worker ThreadId(365) fenrir::infra::modules::storage: Skipping hidden module entry path=/Users/jfurocket/Documents/personal/modules/.cache name=".cache"
2025-12-04T14:56:14.085958Z  WARN tokio-runtime-worker ThreadId(531) fenrir::infra::modules::storage: Skipping hidden module entry path=/Users/jfurocket/Documents/personal/modules/.fenrir-backups name=".fenrir-backups"
2025-12-04T14:56:14.086592Z  WARN tokio-runtime-worker ThreadId(531) fenrir::infra::modules::storage: Skipping hidden module entry path=/Users/jfurocket/Documents/personal/modules/.cache name=".cache"
2025-12-04T14:56:21.156269Z  WARN tokio-runtime-worker ThreadId(518) fenrir::infra::modules::storage: Skipping hidden module entry path=/Users/jfurocket/Documents/personal/modules/.fenrir-backups name=".fenrir-backups"
2025-12-04T14:56:21.156678Z  WARN tokio-runtime-worker ThreadId(518) fenrir::infra::modules::storage: Skipping hidden module entry path=/Users/jfurocket/Documents/personal/modules/.cache name=".cache"
2025-12-04T14:56:25.780973Z  WARN tokio-runtime-worker ThreadId(365) fenrir::infra::modules::storage: Skipping hidden module entry path=/Users/jfurocket/Documents/personal/modules/.fenrir-backups name=".fenrir-backups"
2025-12-04T14:56:25.781657Z  WARN tokio-runtime-worker ThreadId(531) fenrir::infra::modules::storage: Skipping hidden module entry path=/Users/jfurocket/Documents/personal/modules/.cache name=".cache"
2025-12-04T14:56:36.154008Z  WARN tokio-runtime-worker ThreadId(365) fenrir::infra::modules::storage: Skipping hidden module entry path=/Users/jfurocket/Documents/personal/modules/.fenrir-backups name=".fenrir-backups"
2025-12-04T14:56:36.154573Z  WARN tokio-runtime-worker ThreadId(365) fenrir::infra::modules::storage: Skipping hidden module entry path=/Users/jfurocket/Documents/personal/modules/.cache name=".cache"
2025-12-04T14:56:51.153390Z  WARN tokio-runtime-worker ThreadId(365) fenrir::infra::modules::storage: Skipping hidden module entry path=/Users/jfurocket/Documents/personal/modules/.fenrir-backups name=".fenrir-backups"
2025-12-04T14:56:51.153975Z  WARN tokio-runtime-worker ThreadId(531) fenrir::infra::modules::storage: Skipping hidden module entry path=/Users/jfurocket/Documents/personal/modules/.cache name=".cache"
2025-12-04T14:57:02.040051Z  WARN tokio-runtime-worker ThreadId(541) fenrir::infra::modules::storage: Skipping hidden module entry path=/Users/jfurocket/Documents/personal/modules/.fenrir-backups name=".fenrir-backups"
2025-12-04T14:57:02.040502Z  WARN tokio-runtime-worker ThreadId(541) fenrir::infra::modules::storage: Skipping hidden module entry path=/Users/jfurocket/Documents/personal/modules/.cache name=".cache"
2025-12-04T14:57:06.153669Z  WARN tokio-runtime-worker ThreadId(650) fenrir::infra::modules::storage: Skipping hidden module entry path=/Users/jfurocket/Documents/personal/modules/.fenrir-backups name=".fenrir-backups"
2025-12-04T14:57:06.154217Z  WARN tokio-runtime-worker ThreadId(650) fenrir::infra::modules::storage: Skipping hidden module entry path=/Users/jfurocket/Documents/personal/modules/.cache name=".cache"
2025-12-04T14:57:21.155460Z  WARN tokio-runtime-worker ThreadId(518) fenrir::infra::modules::storage: Skipping hidden module entry path=/Users/jfurocket/Documents/personal/modules/.fenrir-backups name=".fenrir-backups"
2025-12-04T14:57:21.156325Z  WARN tokio-runtime-worker ThreadId(518) fenrir::infra::modules::storage: Skipping hidden module entry path=/Users/jfurocket/Documents/personal/modules/.cache name=".cache"
2025-12-04T14:57:36.153249Z  WARN tokio-runtime-worker ThreadId(518) fenrir::infra::modules::storage: Skipping hidden module entry path=/Users/jfurocket/Documents/personal/modules/.fenrir-backups name=".fenrir-backups"
2025-12-04T14:57:36.154536Z  WARN tokio-runtime-worker ThreadId(518) fenrir::infra::modules::storage: Skipping hidden module entry path=/Users/jfurocket/Documents/personal/modules/.cache name=".cache"
2025-12-04T14:57:45.018718Z  WARN tokio-runtime-worker ThreadId(541) fenrir::infra::modules::storage: Skipping hidden module entry path=/Users/jfurocket/Documents/personal/modules/.fenrir-backups name=".fenrir-backups"
2025-12-04T14:57:45.019184Z  WARN tokio-runtime-worker ThreadId(541) fenrir::infra::modules::storage: Skipping hidden module entry path=/Users/jfurocket/Documents/personal/modules/.cache name=".cache"
2025-12-04T14:57:51.153650Z  WARN tokio-runtime-worker ThreadId(541) fenrir::infra::modules::storage: Skipping hidden module entry path=/Users/jfurocket/Documents/personal/modules/.fenrir-backups name=".fenrir-backups"
2025-12-04T14:57:51.155850Z  WARN tokio-runtime-worker ThreadId(541) fenrir::infra::modules::storage: Skipping hidden module entry path=/Users/jfurocket/Documents/personal/modules/.cache name=".cache"
2025-12-04T14:58:03.310468Z  WARN tokio-runtime-worker ThreadId(531) fenrir::infra::modules::storage: Skipping hidden module entry path=/Users/jfurocket/Documents/personal/modules/.fenrir-backups name=".fenrir-backups"
2025-12-04T14:58:03.311454Z  WARN tokio-runtime-worker ThreadId(531) fenrir::infra::modules::storage: Skipping hidden module entry path=/Users/jfurocket/Documents/personal/modules/.cache name=".cache"
2025-12-04T14:58:06.153103Z  WARN tokio-runtime-worker ThreadId(650) fenrir::infra::modules::storage: Skipping hidden module entry path=/Users/jfurocket/Documents/personal/modules/.fenrir-backups name=".fenrir-backups"
2025-12-04T14:58:06.153723Z  WARN tokio-runtime-worker ThreadId(650) fenrir::infra::modules::storage: Skipping hidden module entry path=/Users/jfurocket/Documents/personal/modules/.cache name=".cache"
2025-12-04T14:58:19.838047Z  WARN tokio-runtime-worker ThreadId(650) fenrir::infra::modules::storage: Skipping hidden module entry path=/Users/jfurocket/Documents/personal/modules/.fenrir-backups name=".fenrir-backups"
2025-12-04T14:58:19.838707Z  WARN tokio-runtime-worker ThreadId(650) fenrir::infra::modules::storage: Skipping hidden module entry path=/Users/jfurocket/Documents/personal/modules/.cache name=".cache"
2025-12-04T14:58:27.371085Z  WARN tokio-runtime-worker ThreadId(541) fenrir::infra::modules::storage: Skipping hidden module entry path=/Users/jfurocket/Documents/personal/modules/.fenrir-backups name=".fenrir-backups"
2025-12-04T14:58:27.371328Z  WARN tokio-runtime-worker ThreadId(541) fenrir::infra::modules::storage: Skipping hidden module entry path=/Users/jfurocket/Documents/personal/modules/.cache name=".cache"
2025-12-04T14:58:34.913635Z  WARN tokio-runtime-worker ThreadId(650) fenrir::infra::modules::storage: Skipping hidden module entry path=/Users/jfurocket/Documents/personal/modules/.fenrir-backups name=".fenrir-backups"
2025-12-04T14:58:34.914735Z  WARN tokio-runtime-worker ThreadId(650) fenrir::infra::modules::storage: Skipping hidden module entry path=/Users/jfurocket/Documents/personal/modules/.cache name=".cache"
2025-12-04T14:58:49.916672Z  WARN tokio-runtime-worker ThreadId(490) fenrir::infra::modules::storage: Skipping hidden module entry path=/Users/jfurocket/Documents/personal/modules/.fenrir-backups name=".fenrir-backups"
2025-12-04T14:58:49.917794Z  WARN tokio-runtime-worker ThreadId(518) fenrir::infra::modules::storage: Skipping hidden module entry path=/Users/jfurocket/Documents/personal/modules/.cache name=".cache"
2025-12-04T14:58:51.453879Z  INFO tokio-runtime-worker ThreadId(490) thrussh::server::encrypted: pty-req: unknown pty code 42
2025-12-04T14:58:56.703121Z  WARN tokio-runtime-worker ThreadId(650) fenrir::infra::modules::storage: Skipping hidden module entry path=/Users/jfurocket/Documents/personal/modules/.fenrir-backups name=".fenrir-backups"
2025-12-04T14:58:56.703601Z  WARN tokio-runtime-worker ThreadId(650) fenrir::infra::modules::storage: Skipping hidden module entry path=/Users/jfurocket/Documents/personal/modules/.cache name=".cache"
2025-12-04T14:59:04.920588Z  WARN tokio-runtime-worker ThreadId(490) fenrir::infra::modules::storage: Skipping hidden module entry path=/Users/jfurocket/Documents/personal/modules/.fenrir-backups name=".fenrir-backups"
2025-12-04T14:59:04.921092Z  WARN tokio-runtime-worker ThreadId(490) fenrir::infra::modules::storage: Skipping hidden module entry path=/Users/jfurocket/Documents/personal/modules/.cache name=".cache"
2025-12-04T14:59:19.911790Z  WARN tokio-runtime-worker ThreadId(531) fenrir::infra::modules::storage: Skipping hidden module entry path=/Users/jfurocket/Documents/personal/modules/.fenrir-backups name=".fenrir-backups"
2025-12-04T14:59:19.912325Z  WARN tokio-runtime-worker ThreadId(531) fenrir::infra::modules::storage: Skipping hidden module entry path=/Users/jfurocket/Documents/personal/modules/.cache name=".cache"
2025-12-04T14:59:34.912776Z  WARN tokio-runtime-worker ThreadId(531) fenrir::infra::modules::storage: Skipping hidden module entry path=/Users/jfurocket/Documents/personal/modules/.fenrir-backups name=".fenrir-backups"
2025-12-04T14:59:34.913311Z  WARN tokio-runtime-worker ThreadId(531) fenrir::infra::modules::storage: Skipping hidden module entry path=/Users/jfurocket/Documents/personal/modules/.cache name=".cache"
2025-12-04T14:59:39.862239Z  INFO tokio-runtime-worker ThreadId(541) fenrir::infra::modules::runtime::process: module stopped module_id=fenrir-api pid=78859
2025-12-04T14:59:40.364920Z  INFO tokio-runtime-worker ThreadId(490) fenrir::infra::modules::runtime::process: module stopped module_id=notification-hub pid=59012
