2025-12-04T15:05:38.018172Z  INFO main ThreadId(01) fenrir::infra::logging::init: file logging initialized log_path=logs/app.log
2025-12-04T15:05:38.018327Z  INFO main ThreadId(01) fenrir::infra::logging::init: db log file prepared log_path=logs/db.log
2025-12-04T15:05:38.080259Z  INFO main ThreadId(01) fenrir::boot::startup: core services registered in registry
2025-12-04T15:05:38.081094Z  INFO main ThreadId(01) fenrir::boot::startup: scheduler service started
2025-12-04T15:05:38.081281Z  INFO tokio-runtime-worker ThreadId(09) fenrir::services::scheduler::service: scheduler heartbeat loop started
2025-12-04T15:05:38.089654Z  INFO                 main ThreadId(01) fenrir::boot::startup: audit log persistence configured path=/opt/fenrir/development/tmp/runtime/audit/fenrir-audit-history.json capacity=2048 retention_hours=24 persist_seconds=30
2025-12-04T15:05:38.095100Z  INFO                 main ThreadId(01) fenrir::infra::modules::runtime::process: loaded 0 module states from disk
2025-12-04T15:05:38.140991Z  INFO                 main ThreadId(01) fenrir::infra::http::server: HTTP control-plane authentication via identity broker with static token fallback
2025-12-04T15:05:38.141092Z  INFO                 main ThreadId(01) fenrir::boot::startup: boot complete app=fenrir version=0.1.4
2025-12-04T15:05:38.141547Z  INFO                 main ThreadId(01) fenrir::infra::db::connector: db connector ipc socket ready path=/opt/fenrir/development/tmp/ipc/db-connector.sock
2025-12-04T15:05:38.141644Z  INFO tokio-runtime-worker ThreadId(15) fenrir::infra::db::connector: db connector task started task="db-connector-ipc"
2025-12-04T15:05:38.142470Z  WARN                 main ThreadId(01) fenrir::infra::modules::storage: Skipping hidden module entry path=/Users/jfurocket/Documents/personal/modules/.fenrir-backups name=".fenrir-backups"
2025-12-04T15:05:38.142896Z  WARN                 main ThreadId(01) fenrir::infra::modules::storage: Skipping hidden module entry path=/Users/jfurocket/Documents/personal/modules/.cache name=".cache"
2025-12-04T15:05:38.153822Z  INFO                 main ThreadId(01) fenrir::infra::modules::runtime::process: module process started module_id=fenrir-api pid=45779 port=Some(41000)
2025-12-04T15:05:38.154353Z  INFO                 main ThreadId(01) fenrir::services::module::runtime: module started successfully module_id=fenrir-api pid=Some(45779) port=Some(41000)
2025-12-04T15:05:38.370202Z  INFO                 main ThreadId(01) fenrir::infra::modules::runtime::process: module process started module_id=notification-hub pid=45780 port=Some(41001)
2025-12-04T15:05:38.370483Z  INFO                 main ThreadId(01) fenrir::services::module::runtime: module started successfully module_id=notification-hub pid=Some(45780) port=Some(41001)
2025-12-04T15:05:38.576266Z  INFO                 main ThreadId(01) fenrir::boot::transports: transport initialisation triggered
2025-12-04T15:05:38.576276Z  INFO tokio-runtime-worker ThreadId(09) fenrir::boot::transports: ssh server task spawned
2025-12-04T15:05:38.576587Z  INFO tokio-runtime-worker ThreadId(09) fenrir::infra::ssh::server: starting SSH server host=127.0.0.1 port=2222
2025-12-04T15:05:38.576848Z  INFO tokio-runtime-worker ThreadId(15) fenrir::infra::http::server: HTTP server task spawned
2025-12-04T15:05:44.927573Z  INFO tokio-runtime-worker ThreadId(05) thrussh::server::encrypted: pty-req: unknown pty code 42
2025-12-04T15:05:45.510000Z  WARN tokio-runtime-worker ThreadId(14) fenrir::infra::modules::storage: Skipping hidden module entry path=/Users/jfurocket/Documents/personal/modules/.fenrir-backups name=".fenrir-backups"
2025-12-04T15:05:45.510762Z  WARN tokio-runtime-worker ThreadId(14) fenrir::infra::modules::storage: Skipping hidden module entry path=/Users/jfurocket/Documents/personal/modules/.cache name=".cache"
2025-12-04T15:05:46.411903Z  WARN ThreadId(19) fenrir::infra::modules::storage: Skipping hidden module entry path=/Users/jfurocket/Documents/personal/modules/.fenrir-backups name=".fenrir-backups"
2025-12-04T15:05:46.412527Z  WARN ThreadId(19) fenrir::infra::modules::storage: Skipping hidden module entry path=/Users/jfurocket/Documents/personal/modules/.cache name=".cache"
2025-12-04T15:05:46.846742Z  INFO ThreadId(35) fenrir::services::module::ports: released dynamic port assignment module=fenrir-api
2025-12-04T15:05:48.178362Z  WARN ThreadId(51) fenrir::infra::modules::storage: Skipping hidden module entry path=/Users/jfurocket/Documents/personal/modules/.fenrir-backups name=".fenrir-backups"
2025-12-04T15:05:48.179237Z  WARN ThreadId(51) fenrir::infra::modules::storage: Skipping hidden module entry path=/Users/jfurocket/Documents/personal/modules/.cache name=".cache"
2025-12-04T15:05:48.182666Z  WARN ThreadId(67) fenrir::infra::modules::storage: Skipping hidden module entry path=/Users/jfurocket/Documents/personal/modules/.fenrir-backups name=".fenrir-backups"
2025-12-04T15:05:48.183007Z  WARN ThreadId(67) fenrir::infra::modules::storage: Skipping hidden module entry path=/Users/jfurocket/Documents/personal/modules/.cache name=".cache"
2025-12-04T15:06:00.508407Z  WARN tokio-runtime-worker ThreadId(05) fenrir::infra::modules::storage: Skipping hidden module entry path=/Users/jfurocket/Documents/personal/modules/.fenrir-backups name=".fenrir-backups"
2025-12-04T15:06:00.508812Z  WARN tokio-runtime-worker ThreadId(05) fenrir::infra::modules::storage: Skipping hidden module entry path=/Users/jfurocket/Documents/personal/modules/.cache name=".cache"
2025-12-04T15:06:05.645159Z  WARN tokio-runtime-worker ThreadId(15) fenrir::infra::modules::storage: Skipping hidden module entry path=/Users/jfurocket/Documents/personal/modules/.fenrir-backups name=".fenrir-backups"
2025-12-04T15:06:05.647076Z  WARN tokio-runtime-worker ThreadId(15) fenrir::infra::modules::storage: Skipping hidden module entry path=/Users/jfurocket/Documents/personal/modules/.cache name=".cache"
2025-12-04T15:06:11.248177Z  WARN ThreadId(116) fenrir::infra::modules::storage: Skipping hidden module entry path=/Users/jfurocket/Documents/personal/modules/.fenrir-backups name=".fenrir-backups"
2025-12-04T15:06:11.248388Z  WARN ThreadId(116) fenrir::infra::modules::storage: Skipping hidden module entry path=/Users/jfurocket/Documents/personal/modules/.cache name=".cache"
2025-12-04T15:06:13.306815Z  INFO tokio-runtime-worker ThreadId(05) fenrir::infra::modules::runtime::process: module stopped module_id=fenrir-api pid=45779
2025-12-04T15:06:13.308285Z  INFO tokio-runtime-worker ThreadId(05) fenrir::services::module::dev: activating module dev service override module=fenrir-api services=1
2025-12-04T15:06:15.506258Z  WARN tokio-runtime-worker ThreadId(14) fenrir::infra::modules::storage: Skipping hidden module entry path=/Users/jfurocket/Documents/personal/modules/.fenrir-backups name=".fenrir-backups"
2025-12-04T15:06:15.506448Z  WARN tokio-runtime-worker ThreadId(14) fenrir::infra::modules::storage: Skipping hidden module entry path=/Users/jfurocket/Documents/personal/modules/.cache name=".cache"
2025-12-04T15:06:16.781706Z  WARN ThreadId(132) fenrir::infra::modules::storage: Skipping hidden module entry path=/Users/jfurocket/Documents/personal/modules/.fenrir-backups name=".fenrir-backups"
2025-12-04T15:06:16.782105Z  WARN ThreadId(132) fenrir::infra::modules::storage: Skipping hidden module entry path=/Users/jfurocket/Documents/personal/modules/.cache name=".cache"
2025-12-04T15:06:17.140456Z  WARN tokio-runtime-worker ThreadId(10) fenrir::infra::modules::storage: Skipping hidden module entry path=/Users/jfurocket/Documents/personal/modules/.fenrir-backups name=".fenrir-backups"
2025-12-04T15:06:17.140655Z  WARN tokio-runtime-worker ThreadId(14) fenrir::infra::modules::storage: Skipping hidden module entry path=/Users/jfurocket/Documents/personal/modules/.cache name=".cache"
2025-12-04T15:06:17.149657Z  INFO tokio-runtime-worker ThreadId(10) fenrir::services::module::ports: assigned dynamic port to module module=fenrir-api port=41000
2025-12-04T15:06:17.151327Z  INFO tokio-runtime-worker ThreadId(10) fenrir::infra::modules::runtime::process: module process started module_id=fenrir-api pid=46485 port=Some(41000)
2025-12-04T15:06:17.151619Z  INFO tokio-runtime-worker ThreadId(10) fenrir::services::module::runtime: module started successfully module_id=fenrir-api pid=Some(46485) port=Some(41000)
2025-12-04T15:06:19.275338Z  WARN tokio-runtime-worker ThreadId(05) fenrir::infra::modules::storage: Skipping hidden module entry path=/Users/jfurocket/Documents/personal/modules/.fenrir-backups name=".fenrir-backups"
2025-12-04T15:06:19.275912Z  WARN tokio-runtime-worker ThreadId(05) fenrir::infra::modules::storage: Skipping hidden module entry path=/Users/jfurocket/Documents/personal/modules/.cache name=".cache"
2025-12-04T15:06:20.091804Z  INFO tokio-runtime-worker ThreadId(05) fenrir::services::module::runtime: module service manifest registered after retry module=fenrir-api attempt=3
2025-12-04T15:06:20.150826Z  WARN tokio-runtime-worker ThreadId(10) fenrir::infra::modules::storage: Skipping hidden module entry path=/Users/jfurocket/Documents/personal/modules/.fenrir-backups name=".fenrir-backups"
2025-12-04T15:06:20.151170Z  WARN tokio-runtime-worker ThreadId(10) fenrir::infra::modules::storage: Skipping hidden module entry path=/Users/jfurocket/Documents/personal/modules/.cache name=".cache"
2025-12-04T15:06:20.220072Z  WARN tokio-runtime-worker ThreadId(15) fenrir::infra::modules::storage: Skipping hidden module entry path=/Users/jfurocket/Documents/personal/modules/.fenrir-backups name=".fenrir-backups"
2025-12-04T15:06:20.220481Z  WARN tokio-runtime-worker ThreadId(15) fenrir::infra::modules::storage: Skipping hidden module entry path=/Users/jfurocket/Documents/personal/modules/.cache name=".cache"
2025-12-04T15:06:35.291941Z  WARN tokio-runtime-worker ThreadId(15) fenrir::infra::modules::storage: Skipping hidden module entry path=/Users/jfurocket/Documents/personal/modules/.fenrir-backups name=".fenrir-backups"
2025-12-04T15:06:35.293236Z  WARN tokio-runtime-worker ThreadId(15) fenrir::infra::modules::storage: Skipping hidden module entry path=/Users/jfurocket/Documents/personal/modules/.cache name=".cache"
2025-12-04T15:06:50.289961Z  WARN tokio-runtime-worker ThreadId(09) fenrir::infra::modules::storage: Skipping hidden module entry path=/Users/jfurocket/Documents/personal/modules/.fenrir-backups name=".fenrir-backups"
2025-12-04T15:06:50.292571Z  WARN tokio-runtime-worker ThreadId(09) fenrir::infra::modules::storage: Skipping hidden module entry path=/Users/jfurocket/Documents/personal/modules/.cache name=".cache"
2025-12-04T15:07:05.295037Z  WARN tokio-runtime-worker ThreadId(15) fenrir::infra::modules::storage: Skipping hidden module entry path=/Users/jfurocket/Documents/personal/modules/.fenrir-backups name=".fenrir-backups"
2025-12-04T15:07:05.296915Z  WARN tokio-runtime-worker ThreadId(09) fenrir::infra::modules::storage: Skipping hidden module entry path=/Users/jfurocket/Documents/personal/modules/.cache name=".cache"
2025-12-04T15:07:20.292421Z  WARN tokio-runtime-worker ThreadId(05) fenrir::infra::modules::storage: Skipping hidden module entry path=/Users/jfurocket/Documents/personal/modules/.fenrir-backups name=".fenrir-backups"
2025-12-04T15:07:20.293340Z  WARN tokio-runtime-worker ThreadId(05) fenrir::infra::modules::storage: Skipping hidden module entry path=/Users/jfurocket/Documents/personal/modules/.cache name=".cache"
2025-12-04T15:07:35.296017Z  WARN tokio-runtime-worker ThreadId(09) fenrir::infra::modules::storage: Skipping hidden module entry path=/Users/jfurocket/Documents/personal/modules/.fenrir-backups name=".fenrir-backups"
2025-12-04T15:07:35.296821Z  WARN tokio-runtime-worker ThreadId(09) fenrir::infra::modules::storage: Skipping hidden module entry path=/Users/jfurocket/Documents/personal/modules/.cache name=".cache"
2025-12-04T15:07:50.297435Z  WARN tokio-runtime-worker ThreadId(10) fenrir::infra::modules::storage: Skipping hidden module entry path=/Users/jfurocket/Documents/personal/modules/.fenrir-backups name=".fenrir-backups"
2025-12-04T15:07:50.298399Z  WARN tokio-runtime-worker ThreadId(10) fenrir::infra::modules::storage: Skipping hidden module entry path=/Users/jfurocket/Documents/personal/modules/.cache name=".cache"
2025-12-04T15:08:05.290202Z  WARN tokio-runtime-worker ThreadId(15) fenrir::infra::modules::storage: Skipping hidden module entry path=/Users/jfurocket/Documents/personal/modules/.fenrir-backups name=".fenrir-backups"
2025-12-04T15:08:05.291953Z  WARN tokio-runtime-worker ThreadId(15) fenrir::infra::modules::storage: Skipping hidden module entry path=/Users/jfurocket/Documents/personal/modules/.cache name=".cache"
2025-12-04T15:08:20.300313Z  WARN tokio-runtime-worker ThreadId(09) fenrir::infra::modules::storage: Skipping hidden module entry path=/Users/jfurocket/Documents/personal/modules/.fenrir-backups name=".fenrir-backups"
2025-12-04T15:08:20.302294Z  WARN tokio-runtime-worker ThreadId(09) fenrir::infra::modules::storage: Skipping hidden module entry path=/Users/jfurocket/Documents/personal/modules/.cache name=".cache"
2025-12-04T15:08:35.290556Z  WARN tokio-runtime-worker ThreadId(05) fenrir::infra::modules::storage: Skipping hidden module entry path=/Users/jfurocket/Documents/personal/modules/.fenrir-backups name=".fenrir-backups"
2025-12-04T15:08:35.292772Z  WARN tokio-runtime-worker ThreadId(09) fenrir::infra::modules::storage: Skipping hidden module entry path=/Users/jfurocket/Documents/personal/modules/.cache name=".cache"
2025-12-04T15:08:50.299667Z  WARN tokio-runtime-worker ThreadId(15) fenrir::infra::modules::storage: Skipping hidden module entry path=/Users/jfurocket/Documents/personal/modules/.fenrir-backups name=".fenrir-backups"
2025-12-04T15:08:50.300069Z  WARN tokio-runtime-worker ThreadId(15) fenrir::infra::modules::storage: Skipping hidden module entry path=/Users/jfurocket/Documents/personal/modules/.cache name=".cache"
2025-12-04T15:08:52.071065Z  WARN tokio-runtime-worker ThreadId(15) fenrir::infra::modules::storage: Skipping hidden module entry path=/Users/jfurocket/Documents/personal/modules/.fenrir-backups name=".fenrir-backups"
2025-12-04T15:08:52.071364Z  WARN tokio-runtime-worker ThreadId(15) fenrir::infra::modules::storage: Skipping hidden module entry path=/Users/jfurocket/Documents/personal/modules/.cache name=".cache"
2025-12-04T15:15:17.886498Z  WARN tokio-runtime-worker ThreadId(10) fenrir::infra::modules::storage: Skipping hidden module entry path=/Users/jfurocket/Documents/personal/modules/.fenrir-backups name=".fenrir-backups"
2025-12-04T15:15:17.887944Z  WARN tokio-runtime-worker ThreadId(10) fenrir::infra::modules::storage: Skipping hidden module entry path=/Users/jfurocket/Documents/personal/modules/.cache name=".cache"
2025-12-04T15:15:19.410646Z  WARN tokio-runtime-worker ThreadId(09) fenrir::infra::modules::storage: Skipping hidden module entry path=/Users/jfurocket/Documents/personal/modules/.fenrir-backups name=".fenrir-backups"
2025-12-04T15:15:19.463034Z  WARN tokio-runtime-worker ThreadId(09) fenrir::infra::modules::storage: Skipping hidden module entry path=/Users/jfurocket/Documents/personal/modules/.fenrir-backups name=".fenrir-backups"
2025-12-04T15:15:19.463815Z  WARN tokio-runtime-worker ThreadId(09) fenrir::infra::modules::storage: Skipping hidden module entry path=/Users/jfurocket/Documents/personal/modules/.cache name=".cache"
2025-12-04T15:15:34.563318Z  WARN tokio-runtime-worker ThreadId(05) fenrir::infra::modules::storage: Skipping hidden module entry path=/Users/jfurocket/Documents/personal/modules/.fenrir-backups name=".fenrir-backups"
2025-12-04T15:15:34.564003Z  WARN tokio-runtime-worker ThreadId(05) fenrir::infra::modules::storage: Skipping hidden module entry path=/Users/jfurocket/Documents/personal/modules/.cache name=".cache"
2025-12-04T15:15:49.559469Z  WARN tokio-runtime-worker ThreadId(14) fenrir::infra::modules::storage: Skipping hidden module entry path=/Users/jfurocket/Documents/personal/modules/.fenrir-backups name=".fenrir-backups"
2025-12-04T15:15:49.560384Z  WARN tokio-runtime-worker ThreadId(05) fenrir::infra::modules::storage: Skipping hidden module entry path=/Users/jfurocket/Documents/personal/modules/.cache name=".cache"
2025-12-04T15:16:04.564443Z  WARN tokio-runtime-worker ThreadId(10) fenrir::infra::modules::storage: Skipping hidden module entry path=/Users/jfurocket/Documents/personal/modules/.fenrir-backups name=".fenrir-backups"
2025-12-04T15:16:04.565883Z  WARN tokio-runtime-worker ThreadId(15) fenrir::infra::modules::storage: Skipping hidden module entry path=/Users/jfurocket/Documents/personal/modules/.cache name=".cache"
2025-12-04T15:16:19.559801Z  WARN tokio-runtime-worker ThreadId(10) fenrir::infra::modules::storage: Skipping hidden module entry path=/Users/jfurocket/Documents/personal/modules/.fenrir-backups name=".fenrir-backups"
2025-12-04T15:16:19.562457Z  WARN tokio-runtime-worker ThreadId(10) fenrir::infra::modules::storage: Skipping hidden module entry path=/Users/jfurocket/Documents/personal/modules/.cache name=".cache"
2025-12-04T15:16:34.564149Z  WARN tokio-runtime-worker ThreadId(15) fenrir::infra::modules::storage: Skipping hidden module entry path=/Users/jfurocket/Documents/personal/modules/.fenrir-backups name=".fenrir-backups"
2025-12-04T15:16:34.565263Z  WARN tokio-runtime-worker ThreadId(15) fenrir::infra::modules::storage: Skipping hidden module entry path=/Users/jfurocket/Documents/personal/modules/.cache name=".cache"
2025-12-04T15:16:49.561580Z  WARN tokio-runtime-worker ThreadId(15) fenrir::infra::modules::storage: Skipping hidden module entry path=/Users/jfurocket/Documents/personal/modules/.fenrir-backups name=".fenrir-backups"
2025-12-04T15:16:49.563352Z  WARN tokio-runtime-worker ThreadId(05) fenrir::infra::modules::storage: Skipping hidden module entry path=/Users/jfurocket/Documents/personal/modules/.cache name=".cache"
2025-12-04T15:17:04.566490Z  WARN tokio-runtime-worker ThreadId(09) fenrir::infra::modules::storage: Skipping hidden module entry path=/Users/jfurocket/Documents/personal/modules/.fenrir-backups name=".fenrir-backups"
2025-12-04T15:17:04.568076Z  WARN tokio-runtime-worker ThreadId(09) fenrir::infra::modules::storage: Skipping hidden module entry path=/Users/jfurocket/Documents/personal/modules/.cache name=".cache"
2025-12-04T15:17:19.561077Z  WARN tokio-runtime-worker ThreadId(194) fenrir::infra::modules::storage: Skipping hidden module entry path=/Users/jfurocket/Documents/personal/modules/.fenrir-backups name=".fenrir-backups"
2025-12-04T15:17:19.561468Z  WARN tokio-runtime-worker ThreadId(194) fenrir::infra::modules::storage: Skipping hidden module entry path=/Users/jfurocket/Documents/personal/modules/.cache name=".cache"
2025-12-04T15:17:34.563188Z  WARN tokio-runtime-worker ThreadId(194) fenrir::infra::modules::storage: Skipping hidden module entry path=/Users/jfurocket/Documents/personal/modules/.fenrir-backups name=".fenrir-backups"
2025-12-04T15:17:34.564788Z  WARN tokio-runtime-worker ThreadId(14) fenrir::infra::modules::storage: Skipping hidden module entry path=/Users/jfurocket/Documents/personal/modules/.cache name=".cache"
2025-12-04T20:41:38.509337Z  WARN tokio-runtime-worker ThreadId(194) fenrir::infra::modules::storage: Skipping hidden module entry path=/Users/jfurocket/Documents/personal/modules/.fenrir-backups name=".fenrir-backups"
2025-12-04T20:41:38.512373Z  WARN tokio-runtime-worker ThreadId(194) fenrir::infra::modules::storage: Skipping hidden module entry path=/Users/jfurocket/Documents/personal/modules/.cache name=".cache"
2025-12-05T11:18:07.821306Z  WARN tokio-runtime-worker ThreadId(09) fenrir::infra::modules::storage: Skipping hidden module entry path=/Users/jfurocket/Documents/personal/modules/.fenrir-backups name=".fenrir-backups"
2025-12-05T11:18:07.822943Z  WARN tokio-runtime-worker ThreadId(09) fenrir::infra::modules::storage: Skipping hidden module entry path=/Users/jfurocket/Documents/personal/modules/.cache name=".cache"
2025-12-05T11:18:12.418890Z  WARN tokio-runtime-worker ThreadId(194) fenrir::infra::modules::storage: Skipping hidden module entry path=/Users/jfurocket/Documents/personal/modules/.fenrir-backups name=".fenrir-backups"
2025-12-05T11:18:12.419404Z  WARN tokio-runtime-worker ThreadId(14) fenrir::infra::modules::storage: Skipping hidden module entry path=/Users/jfurocket/Documents/personal/modules/.cache name=".cache"
2025-12-05T11:18:12.475994Z  WARN tokio-runtime-worker ThreadId(14) fenrir::infra::modules::storage: Skipping hidden module entry path=/Users/jfurocket/Documents/personal/modules/.fenrir-backups name=".fenrir-backups"
2025-12-05T11:18:12.476555Z  WARN tokio-runtime-worker ThreadId(14) fenrir::infra::modules::storage: Skipping hidden module entry path=/Users/jfurocket/Documents/personal/modules/.cache name=".cache"
2025-12-05T11:18:27.541837Z  WARN tokio-runtime-worker ThreadId(15) fenrir::infra::modules::storage: Skipping hidden module entry path=/Users/jfurocket/Documents/personal/modules/.fenrir-backups name=".fenrir-backups"
2025-12-05T11:18:27.542480Z  WARN tokio-runtime-worker ThreadId(15) fenrir::infra::modules::storage: Skipping hidden module entry path=/Users/jfurocket/Documents/personal/modules/.cache name=".cache"
2025-12-05T11:18:42.544039Z  WARN tokio-runtime-worker ThreadId(15) fenrir::infra::modules::storage: Skipping hidden module entry path=/Users/jfurocket/Documents/personal/modules/.fenrir-backups name=".fenrir-backups"
2025-12-05T11:18:42.544681Z  WARN tokio-runtime-worker ThreadId(15) fenrir::infra::modules::storage: Skipping hidden module entry path=/Users/jfurocket/Documents/personal/modules/.cache name=".cache"
2025-12-05T11:18:57.443919Z  WARN tokio-runtime-worker ThreadId(14) fenrir::infra::modules::storage: Skipping hidden module entry path=/Users/jfurocket/Documents/personal/modules/.fenrir-backups name=".fenrir-backups"
2025-12-05T11:18:57.444264Z  WARN tokio-runtime-worker ThreadId(14) fenrir::infra::modules::storage: Skipping hidden module entry path=/Users/jfurocket/Documents/personal/modules/.cache name=".cache"
2025-12-05T11:18:57.541455Z  WARN tokio-runtime-worker ThreadId(14) fenrir::infra::modules::storage: Skipping hidden module entry path=/Users/jfurocket/Documents/personal/modules/.fenrir-backups name=".fenrir-backups"
2025-12-05T11:18:57.541747Z  WARN tokio-runtime-worker ThreadId(14) fenrir::infra::modules::storage: Skipping hidden module entry path=/Users/jfurocket/Documents/personal/modules/.cache name=".cache"
2025-12-05T11:18:58.653078Z  WARN tokio-runtime-worker ThreadId(194) fenrir::infra::modules::storage: Skipping hidden module entry path=/Users/jfurocket/Documents/personal/modules/.fenrir-backups name=".fenrir-backups"
2025-12-05T11:18:58.653703Z  WARN tokio-runtime-worker ThreadId(194) fenrir::infra::modules::storage: Skipping hidden module entry path=/Users/jfurocket/Documents/personal/modules/.cache name=".cache"
2025-12-05T11:18:58.710513Z  WARN tokio-runtime-worker ThreadId(15) fenrir::infra::modules::storage: Skipping hidden module entry path=/Users/jfurocket/Documents/personal/modules/.fenrir-backups name=".fenrir-backups"
2025-12-05T11:18:58.711123Z  WARN tokio-runtime-worker ThreadId(15) fenrir::infra::modules::storage: Skipping hidden module entry path=/Users/jfurocket/Documents/personal/modules/.cache name=".cache"
2025-12-05T11:19:03.405742Z  WARN tokio-runtime-worker ThreadId(09) fenrir::infra::modules::storage: Skipping hidden module entry path=/Users/jfurocket/Documents/personal/modules/.fenrir-backups name=".fenrir-backups"
2025-12-05T11:19:03.406058Z  WARN tokio-runtime-worker ThreadId(09) fenrir::infra::modules::storage: Skipping hidden module entry path=/Users/jfurocket/Documents/personal/modules/.cache name=".cache"
2025-12-05T11:19:18.445828Z  WARN tokio-runtime-worker ThreadId(272) fenrir::infra::modules::storage: Skipping hidden module entry path=/Users/jfurocket/Documents/personal/modules/.fenrir-backups name=".fenrir-backups"
2025-12-05T11:19:18.446692Z  WARN tokio-runtime-worker ThreadId(09) fenrir::infra::modules::storage: Skipping hidden module entry path=/Users/jfurocket/Documents/personal/modules/.cache name=".cache"
2025-12-05T11:19:33.444086Z  WARN tokio-runtime-worker ThreadId(272) fenrir::infra::modules::storage: Skipping hidden module entry path=/Users/jfurocket/Documents/personal/modules/.fenrir-backups name=".fenrir-backups"
2025-12-05T11:19:33.444751Z  WARN tokio-runtime-worker ThreadId(05) fenrir::infra::modules::storage: Skipping hidden module entry path=/Users/jfurocket/Documents/personal/modules/.cache name=".cache"
2025-12-05T11:19:48.444821Z  WARN tokio-runtime-worker ThreadId(194) fenrir::infra::modules::storage: Skipping hidden module entry path=/Users/jfurocket/Documents/personal/modules/.fenrir-backups name=".fenrir-backups"
2025-12-05T11:19:48.445824Z  WARN tokio-runtime-worker ThreadId(194) fenrir::infra::modules::storage: Skipping hidden module entry path=/Users/jfurocket/Documents/personal/modules/.cache name=".cache"
2025-12-05T11:20:03.446258Z  WARN tokio-runtime-worker ThreadId(05) fenrir::infra::modules::storage: Skipping hidden module entry path=/Users/jfurocket/Documents/personal/modules/.fenrir-backups name=".fenrir-backups"
2025-12-05T11:20:03.448118Z  WARN tokio-runtime-worker ThreadId(09) fenrir::infra::modules::storage: Skipping hidden module entry path=/Users/jfurocket/Documents/personal/modules/.cache name=".cache"
2025-12-05T11:20:18.443728Z  WARN tokio-runtime-worker ThreadId(05) fenrir::infra::modules::storage: Skipping hidden module entry path=/Users/jfurocket/Documents/personal/modules/.fenrir-backups name=".fenrir-backups"
2025-12-05T11:20:18.444228Z  WARN tokio-runtime-worker ThreadId(194) fenrir::infra::modules::storage: Skipping hidden module entry path=/Users/jfurocket/Documents/personal/modules/.cache name=".cache"
2025-12-05T11:20:33.449324Z  WARN tokio-runtime-worker ThreadId(285) fenrir::infra::modules::storage: Skipping hidden module entry path=/Users/jfurocket/Documents/personal/modules/.fenrir-backups name=".fenrir-backups"
2025-12-05T11:20:33.450055Z  WARN tokio-runtime-worker ThreadId(285) fenrir::infra::modules::storage: Skipping hidden module entry path=/Users/jfurocket/Documents/personal/modules/.cache name=".cache"
2025-12-05T11:20:48.443200Z  WARN tokio-runtime-worker ThreadId(194) fenrir::infra::modules::storage: Skipping hidden module entry path=/Users/jfurocket/Documents/personal/modules/.fenrir-backups name=".fenrir-backups"
2025-12-05T11:20:48.443722Z  WARN tokio-runtime-worker ThreadId(194) fenrir::infra::modules::storage: Skipping hidden module entry path=/Users/jfurocket/Documents/personal/modules/.cache name=".cache"
2025-12-05T11:21:03.443074Z  WARN tokio-runtime-worker ThreadId(14) fenrir::infra::modules::storage: Skipping hidden module entry path=/Users/jfurocket/Documents/personal/modules/.fenrir-backups name=".fenrir-backups"
2025-12-05T11:21:03.444205Z  WARN tokio-runtime-worker ThreadId(285) fenrir::infra::modules::storage: Skipping hidden module entry path=/Users/jfurocket/Documents/personal/modules/.cache name=".cache"
2025-12-05T11:21:18.443615Z  WARN tokio-runtime-worker ThreadId(14) fenrir::infra::modules::storage: Skipping hidden module entry path=/Users/jfurocket/Documents/personal/modules/.fenrir-backups name=".fenrir-backups"
2025-12-05T11:21:18.445096Z  WARN tokio-runtime-worker ThreadId(14) fenrir::infra::modules::storage: Skipping hidden module entry path=/Users/jfurocket/Documents/personal/modules/.cache name=".cache"
2025-12-05T11:22:15.580510Z  WARN tokio-runtime-worker ThreadId(272) fenrir::infra::modules::storage: Skipping hidden module entry path=/Users/jfurocket/Documents/personal/modules/.fenrir-backups name=".fenrir-backups"
2025-12-05T11:22:15.580852Z  WARN tokio-runtime-worker ThreadId(05) fenrir::infra::modules::storage: Skipping hidden module entry path=/Users/jfurocket/Documents/personal/modules/.cache name=".cache"
2025-12-05T11:22:18.441077Z  WARN tokio-runtime-worker ThreadId(14) fenrir::infra::modules::storage: Skipping hidden module entry path=/Users/jfurocket/Documents/personal/modules/.fenrir-backups name=".fenrir-backups"
2025-12-05T11:22:18.443444Z  WARN tokio-runtime-worker ThreadId(285) fenrir::infra::modules::storage: Skipping hidden module entry path=/Users/jfurocket/Documents/personal/modules/.cache name=".cache"
2025-12-05T11:22:20.697321Z  WARN tokio-runtime-worker ThreadId(14) fenrir::infra::modules::storage: Skipping hidden module entry path=/Users/jfurocket/Documents/personal/modules/.fenrir-backups name=".fenrir-backups"
2025-12-05T11:22:20.697968Z  WARN tokio-runtime-worker ThreadId(194) fenrir::infra::modules::storage: Skipping hidden module entry path=/Users/jfurocket/Documents/personal/modules/.cache name=".cache"
2025-12-05T11:22:20.752239Z  WARN tokio-runtime-worker ThreadId(194) fenrir::infra::modules::storage: Skipping hidden module entry path=/Users/jfurocket/Documents/personal/modules/.fenrir-backups name=".fenrir-backups"
2025-12-05T11:22:20.752680Z  WARN tokio-runtime-worker ThreadId(194) fenrir::infra::modules::storage: Skipping hidden module entry path=/Users/jfurocket/Documents/personal/modules/.cache name=".cache"
2025-12-05T11:22:35.812139Z  WARN tokio-runtime-worker ThreadId(285) fenrir::infra::modules::storage: Skipping hidden module entry path=/Users/jfurocket/Documents/personal/modules/.fenrir-backups name=".fenrir-backups"
2025-12-05T11:22:35.812584Z  WARN tokio-runtime-worker ThreadId(285) fenrir::infra::modules::storage: Skipping hidden module entry path=/Users/jfurocket/Documents/personal/modules/.cache name=".cache"
2025-12-05T11:22:50.814952Z  WARN tokio-runtime-worker ThreadId(285) fenrir::infra::modules::storage: Skipping hidden module entry path=/Users/jfurocket/Documents/personal/modules/.fenrir-backups name=".fenrir-backups"
2025-12-05T11:22:50.815679Z  WARN tokio-runtime-worker ThreadId(285) fenrir::infra::modules::storage: Skipping hidden module entry path=/Users/jfurocket/Documents/personal/modules/.cache name=".cache"
2025-12-05T11:26:11.267772Z  WARN tokio-runtime-worker ThreadId(285) fenrir::infra::modules::storage: Skipping hidden module entry path=/Users/jfurocket/Documents/personal/modules/.fenrir-backups name=".fenrir-backups"
2025-12-05T11:26:11.268672Z  WARN tokio-runtime-worker ThreadId(272) fenrir::infra::modules::storage: Skipping hidden module entry path=/Users/jfurocket/Documents/personal/modules/.cache name=".cache"
2025-12-05T11:26:12.687170Z  WARN tokio-runtime-worker ThreadId(285) fenrir::infra::modules::storage: Skipping hidden module entry path=/Users/jfurocket/Documents/personal/modules/.fenrir-backups name=".fenrir-backups"
2025-12-05T11:26:12.688043Z  WARN tokio-runtime-worker ThreadId(272) fenrir::infra::modules::storage: Skipping hidden module entry path=/Users/jfurocket/Documents/personal/modules/.cache name=".cache"
2025-12-05T11:26:27.743665Z  WARN tokio-runtime-worker ThreadId(05) fenrir::infra::modules::storage: Skipping hidden module entry path=/Users/jfurocket/Documents/personal/modules/.fenrir-backups name=".fenrir-backups"
2025-12-05T11:26:27.744625Z  WARN tokio-runtime-worker ThreadId(05) fenrir::infra::modules::storage: Skipping hidden module entry path=/Users/jfurocket/Documents/personal/modules/.cache name=".cache"
2025-12-05T19:56:17.605918Z  WARN tokio-runtime-worker ThreadId(302) fenrir::infra::modules::storage: Skipping hidden module entry path=/Users/jfurocket/Documents/personal/modules/.fenrir-backups name=".fenrir-backups"
2025-12-05T19:56:17.608118Z  WARN tokio-runtime-worker ThreadId(302) fenrir::infra::modules::storage: Skipping hidden module entry path=/Users/jfurocket/Documents/personal/modules/.cache name=".cache"
2025-12-05T19:56:19.802955Z  WARN tokio-runtime-worker ThreadId(489) fenrir::infra::modules::storage: Skipping hidden module entry path=/Users/jfurocket/Documents/personal/modules/.fenrir-backups name=".fenrir-backups"
2025-12-05T19:56:19.805203Z  WARN tokio-runtime-worker ThreadId(272) fenrir::infra::modules::storage: Skipping hidden module entry path=/Users/jfurocket/Documents/personal/modules/.cache name=".cache"
2025-12-05T19:56:22.210331Z  WARN tokio-runtime-worker ThreadId(489) fenrir::infra::modules::storage: Skipping hidden module entry path=/Users/jfurocket/Documents/personal/modules/.fenrir-backups name=".fenrir-backups"
2025-12-05T19:56:22.211309Z  WARN tokio-runtime-worker ThreadId(489) fenrir::infra::modules::storage: Skipping hidden module entry path=/Users/jfurocket/Documents/personal/modules/.cache name=".cache"
2025-12-05T19:56:22.268402Z  WARN tokio-runtime-worker ThreadId(05) fenrir::infra::modules::storage: Skipping hidden module entry path=/Users/jfurocket/Documents/personal/modules/.fenrir-backups name=".fenrir-backups"
2025-12-05T19:56:22.268805Z  WARN tokio-runtime-worker ThreadId(489) fenrir::infra::modules::storage: Skipping hidden module entry path=/Users/jfurocket/Documents/personal/modules/.cache name=".cache"
2025-12-05T19:56:37.346838Z  WARN tokio-runtime-worker ThreadId(05) fenrir::infra::modules::storage: Skipping hidden module entry path=/Users/jfurocket/Documents/personal/modules/.fenrir-backups name=".fenrir-backups"
2025-12-05T19:56:37.348541Z  WARN tokio-runtime-worker ThreadId(489) fenrir::infra::modules::storage: Skipping hidden module entry path=/Users/jfurocket/Documents/personal/modules/.cache name=".cache"
2025-12-05T19:56:43.876438Z  WARN tokio-runtime-worker ThreadId(272) fenrir::infra::modules::storage: Skipping hidden module entry path=/Users/jfurocket/Documents/personal/modules/.fenrir-backups name=".fenrir-backups"
2025-12-05T19:56:43.878276Z  WARN tokio-runtime-worker ThreadId(272) fenrir::infra::modules::storage: Skipping hidden module entry path=/Users/jfurocket/Documents/personal/modules/.cache name=".cache"
2025-12-05T19:56:44.480789Z  WARN tokio-runtime-worker ThreadId(05) fenrir::infra::modules::storage: Skipping hidden module entry path=/Users/jfurocket/Documents/personal/modules/.fenrir-backups name=".fenrir-backups"
2025-12-05T19:56:44.482865Z  WARN tokio-runtime-worker ThreadId(05) fenrir::infra::modules::storage: Skipping hidden module entry path=/Users/jfurocket/Documents/personal/modules/.cache name=".cache"
2025-12-05T19:56:45.705793Z  WARN tokio-runtime-worker ThreadId(492) fenrir::infra::modules::storage: Skipping hidden module entry path=/Users/jfurocket/Documents/personal/modules/.fenrir-backups name=".fenrir-backups"
2025-12-05T19:56:45.706525Z  WARN tokio-runtime-worker ThreadId(285) fenrir::infra::modules::storage: Skipping hidden module entry path=/Users/jfurocket/Documents/personal/modules/.cache name=".cache"
2025-12-05T19:56:52.345587Z  WARN tokio-runtime-worker ThreadId(285) fenrir::infra::modules::storage: Skipping hidden module entry path=/Users/jfurocket/Documents/personal/modules/.fenrir-backups name=".fenrir-backups"
2025-12-05T19:56:52.346165Z  WARN tokio-runtime-worker ThreadId(285) fenrir::infra::modules::storage: Skipping hidden module entry path=/Users/jfurocket/Documents/personal/modules/.cache name=".cache"
2025-12-05T19:57:20.750236Z  WARN tokio-runtime-worker ThreadId(272) fenrir::infra::modules::storage: Skipping hidden module entry path=/Users/jfurocket/Documents/personal/modules/.fenrir-backups name=".fenrir-backups"
2025-12-05T19:57:20.750709Z  WARN tokio-runtime-worker ThreadId(272) fenrir::infra::modules::storage: Skipping hidden module entry path=/Users/jfurocket/Documents/personal/modules/.cache name=".cache"
2025-12-05T19:57:22.343549Z  WARN tokio-runtime-worker ThreadId(272) fenrir::infra::modules::storage: Skipping hidden module entry path=/Users/jfurocket/Documents/personal/modules/.fenrir-backups name=".fenrir-backups"
2025-12-05T19:57:22.345155Z  WARN tokio-runtime-worker ThreadId(272) fenrir::infra::modules::storage: Skipping hidden module entry path=/Users/jfurocket/Documents/personal/modules/.cache name=".cache"
2025-12-05T19:57:37.347812Z  WARN tokio-runtime-worker ThreadId(302) fenrir::infra::modules::storage: Skipping hidden module entry path=/Users/jfurocket/Documents/personal/modules/.fenrir-backups name=".fenrir-backups"
2025-12-05T19:57:37.349985Z  WARN tokio-runtime-worker ThreadId(302) fenrir::infra::modules::storage: Skipping hidden module entry path=/Users/jfurocket/Documents/personal/modules/.cache name=".cache"
2025-12-05T19:57:52.347418Z  WARN tokio-runtime-worker ThreadId(05) fenrir::infra::modules::storage: Skipping hidden module entry path=/Users/jfurocket/Documents/personal/modules/.fenrir-backups name=".fenrir-backups"
2025-12-05T19:57:52.348222Z  WARN tokio-runtime-worker ThreadId(05) fenrir::infra::modules::storage: Skipping hidden module entry path=/Users/jfurocket/Documents/personal/modules/.cache name=".cache"
2025-12-06T07:12:20.764964Z  WARN tokio-runtime-worker ThreadId(492) fenrir::infra::modules::storage: Skipping hidden module entry path=/Users/jfurocket/Documents/personal/modules/.fenrir-backups name=".fenrir-backups"
2025-12-06T07:12:20.766413Z  WARN tokio-runtime-worker ThreadId(492) fenrir::infra::modules::storage: Skipping hidden module entry path=/Users/jfurocket/Documents/personal/modules/.cache name=".cache"
2025-12-06T07:12:22.126608Z  WARN tokio-runtime-worker ThreadId(492) fenrir::infra::modules::storage: Skipping hidden module entry path=/Users/jfurocket/Documents/personal/modules/.fenrir-backups name=".fenrir-backups"
2025-12-06T07:12:22.127179Z  WARN tokio-runtime-worker ThreadId(492) fenrir::infra::modules::storage: Skipping hidden module entry path=/Users/jfurocket/Documents/personal/modules/.cache name=".cache"
2025-12-06T08:57:30.655482Z  WARN tokio-runtime-worker ThreadId(285) fenrir::infra::modules::storage: Skipping hidden module entry path=/Users/jfurocket/Documents/personal/modules/.fenrir-backups name=".fenrir-backups"
2025-12-06T08:57:30.657063Z  WARN tokio-runtime-worker ThreadId(285) fenrir::infra::modules::storage: Skipping hidden module entry path=/Users/jfurocket/Documents/personal/modules/.cache name=".cache"
2025-12-06T08:57:31.607625Z  WARN tokio-runtime-worker ThreadId(302) fenrir::infra::modules::storage: Skipping hidden module entry path=/Users/jfurocket/Documents/personal/modules/.fenrir-backups name=".fenrir-backups"
2025-12-06T08:57:31.664142Z  WARN tokio-runtime-worker ThreadId(302) fenrir::infra::modules::storage: Skipping hidden module entry path=/Users/jfurocket/Documents/personal/modules/.fenrir-backups name=".fenrir-backups"
2025-12-06T08:57:31.664699Z  WARN tokio-runtime-worker ThreadId(302) fenrir::infra::modules::storage: Skipping hidden module entry path=/Users/jfurocket/Documents/personal/modules/.cache name=".cache"
2025-12-06T10:39:31.169681Z  WARN tokio-runtime-worker ThreadId(492) fenrir::infra::modules::storage: Skipping hidden module entry path=/Users/jfurocket/Documents/personal/modules/.fenrir-backups name=".fenrir-backups"
2025-12-06T10:39:31.171747Z  WARN tokio-runtime-worker ThreadId(492) fenrir::infra::modules::storage: Skipping hidden module entry path=/Users/jfurocket/Documents/personal/modules/.cache name=".cache"
2025-12-06T10:39:42.155533Z  WARN tokio-runtime-worker ThreadId(285) fenrir::infra::modules::storage: Skipping hidden module entry path=/Users/jfurocket/Documents/personal/modules/.fenrir-backups name=".fenrir-backups"
2025-12-06T10:39:42.156449Z  WARN tokio-runtime-worker ThreadId(285) fenrir::infra::modules::storage: Skipping hidden module entry path=/Users/jfurocket/Documents/personal/modules/.cache name=".cache"
2025-12-06T10:39:43.872852Z  WARN tokio-runtime-worker ThreadId(302) fenrir::infra::modules::storage: Skipping hidden module entry path=/Users/jfurocket/Documents/personal/modules/.fenrir-backups name=".fenrir-backups"
2025-12-06T10:39:43.873565Z  WARN tokio-runtime-worker ThreadId(302) fenrir::infra::modules::storage: Skipping hidden module entry path=/Users/jfurocket/Documents/personal/modules/.cache name=".cache"
2025-12-06T10:39:58.946985Z  WARN tokio-runtime-worker ThreadId(302) fenrir::infra::modules::storage: Skipping hidden module entry path=/Users/jfurocket/Documents/personal/modules/.fenrir-backups name=".fenrir-backups"
2025-12-06T10:39:58.949072Z  WARN tokio-runtime-worker ThreadId(302) fenrir::infra::modules::storage: Skipping hidden module entry path=/Users/jfurocket/Documents/personal/modules/.cache name=".cache"
2025-12-06T13:11:25.797643Z  WARN tokio-runtime-worker ThreadId(05) fenrir::infra::modules::storage: Skipping hidden module entry path=/Users/jfurocket/Documents/personal/modules/.fenrir-backups name=".fenrir-backups"
2025-12-06T13:11:25.800432Z  WARN tokio-runtime-worker ThreadId(05) fenrir::infra::modules::storage: Skipping hidden module entry path=/Users/jfurocket/Documents/personal/modules/.cache name=".cache"
2025-12-06T13:11:26.001840Z  WARN tokio-runtime-worker ThreadId(272) fenrir::infra::modules::storage: Skipping hidden module entry path=/Users/jfurocket/Documents/personal/modules/.fenrir-backups name=".fenrir-backups"
2025-12-06T13:11:26.004522Z  WARN tokio-runtime-worker ThreadId(272) fenrir::infra::modules::storage: Skipping hidden module entry path=/Users/jfurocket/Documents/personal/modules/.cache name=".cache"
2025-12-06T13:11:27.291396Z  WARN tokio-runtime-worker ThreadId(272) fenrir::infra::modules::storage: Skipping hidden module entry path=/Users/jfurocket/Documents/personal/modules/.fenrir-backups name=".fenrir-backups"
2025-12-06T13:11:27.292405Z  WARN tokio-runtime-worker ThreadId(272) fenrir::infra::modules::storage: Skipping hidden module entry path=/Users/jfurocket/Documents/personal/modules/.cache name=".cache"
2025-12-06T13:12:41.258596Z  WARN tokio-runtime-worker ThreadId(302) fenrir::infra::modules::storage: Skipping hidden module entry path=/Users/jfurocket/Documents/personal/modules/.fenrir-backups name=".fenrir-backups"
2025-12-06T13:12:41.259366Z  WARN tokio-runtime-worker ThreadId(302) fenrir::infra::modules::storage: Skipping hidden module entry path=/Users/jfurocket/Documents/personal/modules/.cache name=".cache"
2025-12-06T13:12:41.802691Z  WARN tokio-runtime-worker ThreadId(13) fenrir::infra::modules::storage: Skipping hidden module entry path=/Users/jfurocket/Documents/personal/modules/.fenrir-backups name=".fenrir-backups"
2025-12-06T13:12:41.804665Z  WARN tokio-runtime-worker ThreadId(13) fenrir::infra::modules::storage: Skipping hidden module entry path=/Users/jfurocket/Documents/personal/modules/.cache name=".cache"
2025-12-06T13:12:48.168961Z  WARN tokio-runtime-worker ThreadId(272) fenrir::infra::modules::storage: Skipping hidden module entry path=/Users/jfurocket/Documents/personal/modules/.fenrir-backups name=".fenrir-backups"
2025-12-06T13:12:48.170240Z  WARN tokio-runtime-worker ThreadId(272) fenrir::infra::modules::storage: Skipping hidden module entry path=/Users/jfurocket/Documents/personal/modules/.cache name=".cache"
2025-12-06T13:13:03.170629Z  WARN tokio-runtime-worker ThreadId(05) fenrir::infra::modules::storage: Skipping hidden module entry path=/Users/jfurocket/Documents/personal/modules/.fenrir-backups name=".fenrir-backups"
2025-12-06T13:13:03.171142Z  WARN tokio-runtime-worker ThreadId(05) fenrir::infra::modules::storage: Skipping hidden module entry path=/Users/jfurocket/Documents/personal/modules/.cache name=".cache"
2025-12-06T13:13:18.170272Z  WARN tokio-runtime-worker ThreadId(272) fenrir::infra::modules::storage: Skipping hidden module entry path=/Users/jfurocket/Documents/personal/modules/.fenrir-backups name=".fenrir-backups"
2025-12-06T13:13:18.171166Z  WARN tokio-runtime-worker ThreadId(272) fenrir::infra::modules::storage: Skipping hidden module entry path=/Users/jfurocket/Documents/personal/modules/.cache name=".cache"
2025-12-06T13:13:31.904087Z  WARN tokio-runtime-worker ThreadId(05) fenrir::infra::modules::storage: Skipping hidden module entry path=/Users/jfurocket/Documents/personal/modules/.fenrir-backups name=".fenrir-backups"
2025-12-06T13:13:31.904574Z  WARN tokio-runtime-worker ThreadId(05) fenrir::infra::modules::storage: Skipping hidden module entry path=/Users/jfurocket/Documents/personal/modules/.cache name=".cache"
2025-12-06T13:13:31.959441Z  WARN tokio-runtime-worker ThreadId(492) fenrir::infra::modules::storage: Skipping hidden module entry path=/Users/jfurocket/Documents/personal/modules/.fenrir-backups name=".fenrir-backups"
2025-12-06T13:13:31.959948Z  WARN tokio-runtime-worker ThreadId(492) fenrir::infra::modules::storage: Skipping hidden module entry path=/Users/jfurocket/Documents/personal/modules/.cache name=".cache"
2025-12-06T13:13:47.034183Z  WARN tokio-runtime-worker ThreadId(05) fenrir::infra::modules::storage: Skipping hidden module entry path=/Users/jfurocket/Documents/personal/modules/.fenrir-backups name=".fenrir-backups"
2025-12-06T13:13:47.034578Z  WARN tokio-runtime-worker ThreadId(05) fenrir::infra::modules::storage: Skipping hidden module entry path=/Users/jfurocket/Documents/personal/modules/.cache name=".cache"
2025-12-06T13:14:02.037120Z  WARN tokio-runtime-worker ThreadId(13) fenrir::infra::modules::storage: Skipping hidden module entry path=/Users/jfurocket/Documents/personal/modules/.fenrir-backups name=".fenrir-backups"
2025-12-06T13:14:02.037983Z  WARN tokio-runtime-worker ThreadId(13) fenrir::infra::modules::storage: Skipping hidden module entry path=/Users/jfurocket/Documents/personal/modules/.cache name=".cache"
2025-12-06T13:14:02.709731Z  INFO tokio-runtime-worker ThreadId(05) thrussh::server::encrypted: pty-req: unknown pty code 42
2025-12-06T13:14:05.913087Z  WARN ThreadId(740) fenrir::infra::modules::storage: Skipping hidden module entry path=/Users/jfurocket/Documents/personal/modules/.fenrir-backups name=".fenrir-backups"
2025-12-06T13:14:05.913584Z  WARN ThreadId(740) fenrir::infra::modules::storage: Skipping hidden module entry path=/Users/jfurocket/Documents/personal/modules/.cache name=".cache"
2025-12-06T13:14:09.357652Z  INFO ThreadId(756) fenrir::services::module::ports: released dynamic port assignment module=fenrir-api
2025-12-06T13:14:14.515723Z  WARN ThreadId(772) fenrir::infra::modules::storage: Skipping hidden module entry path=/Users/jfurocket/Documents/personal/modules/.fenrir-backups name=".fenrir-backups"
2025-12-06T13:14:14.516813Z  WARN ThreadId(772) fenrir::infra::modules::storage: Skipping hidden module entry path=/Users/jfurocket/Documents/personal/modules/.cache name=".cache"
2025-12-06T13:14:14.519640Z  WARN ThreadId(788) fenrir::infra::modules::storage: Skipping hidden module entry path=/Users/jfurocket/Documents/personal/modules/.fenrir-backups name=".fenrir-backups"
2025-12-06T13:14:14.521069Z  WARN ThreadId(788) fenrir::infra::modules::storage: Skipping hidden module entry path=/Users/jfurocket/Documents/personal/modules/.cache name=".cache"
2025-12-06T13:14:17.038018Z  WARN tokio-runtime-worker ThreadId(492) fenrir::infra::modules::storage: Skipping hidden module entry path=/Users/jfurocket/Documents/personal/modules/.fenrir-backups name=".fenrir-backups"
2025-12-06T13:14:17.039257Z  WARN tokio-runtime-worker ThreadId(492) fenrir::infra::modules::storage: Skipping hidden module entry path=/Users/jfurocket/Documents/personal/modules/.cache name=".cache"
2025-12-06T13:14:20.969164Z  WARN ThreadId(838) fenrir::infra::modules::storage: Skipping hidden module entry path=/Users/jfurocket/Documents/personal/modules/.fenrir-backups name=".fenrir-backups"
2025-12-06T13:14:20.970149Z  WARN ThreadId(838) fenrir::infra::modules::storage: Skipping hidden module entry path=/Users/jfurocket/Documents/personal/modules/.cache name=".cache"
2025-12-06T13:14:22.933237Z  INFO tokio-runtime-worker ThreadId(492) fenrir::infra::modules::runtime::process: module stopped module_id=fenrir-api pid=46485
2025-12-06T13:14:22.939301Z  INFO tokio-runtime-worker ThreadId(492) fenrir::services::module::dev: activating module dev service override module=fenrir-api services=1
2025-12-06T13:14:25.908051Z  WARN ThreadId(854) fenrir::infra::modules::storage: Skipping hidden module entry path=/Users/jfurocket/Documents/personal/modules/.fenrir-backups name=".fenrir-backups"
2025-12-06T13:14:25.908484Z  WARN ThreadId(854) fenrir::infra::modules::storage: Skipping hidden module entry path=/Users/jfurocket/Documents/personal/modules/.cache name=".cache"
2025-12-06T13:14:26.265969Z  WARN tokio-runtime-worker ThreadId(272) fenrir::infra::modules::storage: Skipping hidden module entry path=/Users/jfurocket/Documents/personal/modules/.fenrir-backups name=".fenrir-backups"
2025-12-06T13:14:26.266156Z  WARN tokio-runtime-worker ThreadId(272) fenrir::infra::modules::storage: Skipping hidden module entry path=/Users/jfurocket/Documents/personal/modules/.cache name=".cache"
2025-12-06T13:14:26.266896Z  INFO tokio-runtime-worker ThreadId(272) fenrir::services::module::ports: assigned dynamic port to module module=fenrir-api port=41000
2025-12-06T13:14:26.270395Z  INFO tokio-runtime-worker ThreadId(05) fenrir::infra::modules::runtime::process: module process started module_id=fenrir-api pid=5011 port=Some(41000)
2025-12-06T13:14:26.270840Z  INFO tokio-runtime-worker ThreadId(05) fenrir::services::module::runtime: module started successfully module_id=fenrir-api pid=Some(5011) port=Some(41000)
2025-12-06T13:14:27.187520Z  INFO tokio-runtime-worker ThreadId(302) fenrir::services::module::runtime: module service manifest registered after retry module=fenrir-api attempt=1
2025-12-06T13:14:27.788710Z  WARN tokio-runtime-worker ThreadId(492) fenrir::infra::modules::storage: Skipping hidden module entry path=/Users/jfurocket/Documents/personal/modules/.fenrir-backups name=".fenrir-backups"
2025-12-06T13:14:27.789762Z  WARN tokio-runtime-worker ThreadId(492) fenrir::infra::modules::storage: Skipping hidden module entry path=/Users/jfurocket/Documents/personal/modules/.cache name=".cache"
2025-12-06T13:14:32.033964Z  WARN tokio-runtime-worker ThreadId(302) fenrir::infra::modules::storage: Skipping hidden module entry path=/Users/jfurocket/Documents/personal/modules/.fenrir-backups name=".fenrir-backups"
2025-12-06T13:14:32.034469Z  WARN tokio-runtime-worker ThreadId(302) fenrir::infra::modules::storage: Skipping hidden module entry path=/Users/jfurocket/Documents/personal/modules/.cache name=".cache"
2025-12-06T13:14:47.034445Z  WARN tokio-runtime-worker ThreadId(05) fenrir::infra::modules::storage: Skipping hidden module entry path=/Users/jfurocket/Documents/personal/modules/.fenrir-backups name=".fenrir-backups"
2025-12-06T13:14:47.035137Z  WARN tokio-runtime-worker ThreadId(05) fenrir::infra::modules::storage: Skipping hidden module entry path=/Users/jfurocket/Documents/personal/modules/.cache name=".cache"
2025-12-06T13:15:02.036970Z  WARN tokio-runtime-worker ThreadId(272) fenrir::infra::modules::storage: Skipping hidden module entry path=/Users/jfurocket/Documents/personal/modules/.fenrir-backups name=".fenrir-backups"
2025-12-06T13:15:02.038555Z  WARN tokio-runtime-worker ThreadId(272) fenrir::infra::modules::storage: Skipping hidden module entry path=/Users/jfurocket/Documents/personal/modules/.cache name=".cache"
2025-12-06T13:15:06.405611Z  WARN tokio-runtime-worker ThreadId(302) fenrir::infra::modules::storage: Skipping hidden module entry path=/Users/jfurocket/Documents/personal/modules/.fenrir-backups name=".fenrir-backups"
2025-12-06T13:15:06.406403Z  WARN tokio-runtime-worker ThreadId(302) fenrir::infra::modules::storage: Skipping hidden module entry path=/Users/jfurocket/Documents/personal/modules/.cache name=".cache"
2025-12-06T13:15:06.575796Z  WARN tokio-runtime-worker ThreadId(13) fenrir::infra::modules::storage: Skipping hidden module entry path=/Users/jfurocket/Documents/personal/modules/.fenrir-backups name=".fenrir-backups"
2025-12-06T13:15:06.576617Z  WARN tokio-runtime-worker ThreadId(13) fenrir::infra::modules::storage: Skipping hidden module entry path=/Users/jfurocket/Documents/personal/modules/.cache name=".cache"
2025-12-06T13:15:17.035459Z  WARN tokio-runtime-worker ThreadId(302) fenrir::infra::modules::storage: Skipping hidden module entry path=/Users/jfurocket/Documents/personal/modules/.fenrir-backups name=".fenrir-backups"
2025-12-06T13:15:17.036521Z  WARN tokio-runtime-worker ThreadId(302) fenrir::infra::modules::storage: Skipping hidden module entry path=/Users/jfurocket/Documents/personal/modules/.cache name=".cache"
2025-12-06T13:15:32.035321Z  WARN tokio-runtime-worker ThreadId(272) fenrir::infra::modules::storage: Skipping hidden module entry path=/Users/jfurocket/Documents/personal/modules/.fenrir-backups name=".fenrir-backups"
2025-12-06T13:15:32.037361Z  WARN tokio-runtime-worker ThreadId(272) fenrir::infra::modules::storage: Skipping hidden module entry path=/Users/jfurocket/Documents/personal/modules/.cache name=".cache"
2025-12-06T13:15:47.038972Z  WARN tokio-runtime-worker ThreadId(492) fenrir::infra::modules::storage: Skipping hidden module entry path=/Users/jfurocket/Documents/personal/modules/.fenrir-backups name=".fenrir-backups"
2025-12-06T13:15:47.039670Z  WARN tokio-runtime-worker ThreadId(492) fenrir::infra::modules::storage: Skipping hidden module entry path=/Users/jfurocket/Documents/personal/modules/.cache name=".cache"
2025-12-06T13:16:02.039228Z  WARN tokio-runtime-worker ThreadId(492) fenrir::infra::modules::storage: Skipping hidden module entry path=/Users/jfurocket/Documents/personal/modules/.fenrir-backups name=".fenrir-backups"
2025-12-06T13:16:02.039941Z  WARN tokio-runtime-worker ThreadId(492) fenrir::infra::modules::storage: Skipping hidden module entry path=/Users/jfurocket/Documents/personal/modules/.cache name=".cache"
2025-12-06T13:17:54.483418Z  WARN tokio-runtime-worker ThreadId(874) fenrir::infra::modules::storage: Skipping hidden module entry path=/Users/jfurocket/Documents/personal/modules/.fenrir-backups name=".fenrir-backups"
2025-12-06T13:17:54.484012Z  WARN tokio-runtime-worker ThreadId(874) fenrir::infra::modules::storage: Skipping hidden module entry path=/Users/jfurocket/Documents/personal/modules/.cache name=".cache"
2025-12-06T13:18:03.880388Z  WARN tokio-runtime-worker ThreadId(874) fenrir::services::scheduler::service: db ping failed error=invalid input: db-shell service is disabled
2025-12-06T13:18:07.366455Z  WARN tokio-runtime-worker ThreadId(492) fenrir::infra::modules::storage: Skipping hidden module entry path=/Users/jfurocket/Documents/personal/modules/.fenrir-backups name=".fenrir-backups"
2025-12-06T13:18:07.366852Z  WARN tokio-runtime-worker ThreadId(492) fenrir::infra::modules::storage: Skipping hidden module entry path=/Users/jfurocket/Documents/personal/modules/.cache name=".cache"
2025-12-06T13:18:22.371467Z  WARN tokio-runtime-worker ThreadId(272) fenrir::infra::modules::storage: Skipping hidden module entry path=/Users/jfurocket/Documents/personal/modules/.fenrir-backups name=".fenrir-backups"
2025-12-06T13:18:22.372831Z  WARN tokio-runtime-worker ThreadId(272) fenrir::infra::modules::storage: Skipping hidden module entry path=/Users/jfurocket/Documents/personal/modules/.cache name=".cache"
2025-12-06T13:18:37.367768Z  WARN tokio-runtime-worker ThreadId(874) fenrir::infra::modules::storage: Skipping hidden module entry path=/Users/jfurocket/Documents/personal/modules/.fenrir-backups name=".fenrir-backups"
2025-12-06T13:18:37.368367Z  WARN tokio-runtime-worker ThreadId(874) fenrir::infra::modules::storage: Skipping hidden module entry path=/Users/jfurocket/Documents/personal/modules/.cache name=".cache"
2025-12-06T13:18:52.367613Z  WARN tokio-runtime-worker ThreadId(874) fenrir::infra::modules::storage: Skipping hidden module entry path=/Users/jfurocket/Documents/personal/modules/.fenrir-backups name=".fenrir-backups"
2025-12-06T13:18:52.368042Z  WARN tokio-runtime-worker ThreadId(874) fenrir::infra::modules::storage: Skipping hidden module entry path=/Users/jfurocket/Documents/personal/modules/.cache name=".cache"
2025-12-06T13:19:07.373635Z  WARN tokio-runtime-worker ThreadId(13) fenrir::infra::modules::storage: Skipping hidden module entry path=/Users/jfurocket/Documents/personal/modules/.fenrir-backups name=".fenrir-backups"
2025-12-06T13:19:07.374819Z  WARN tokio-runtime-worker ThreadId(13) fenrir::infra::modules::storage: Skipping hidden module entry path=/Users/jfurocket/Documents/personal/modules/.cache name=".cache"
2025-12-06T13:19:22.370284Z  WARN tokio-runtime-worker ThreadId(272) fenrir::infra::modules::storage: Skipping hidden module entry path=/Users/jfurocket/Documents/personal/modules/.fenrir-backups name=".fenrir-backups"
2025-12-06T13:19:22.371457Z  WARN tokio-runtime-worker ThreadId(874) fenrir::infra::modules::storage: Skipping hidden module entry path=/Users/jfurocket/Documents/personal/modules/.cache name=".cache"
2025-12-06T13:19:37.367178Z  WARN tokio-runtime-worker ThreadId(13) fenrir::infra::modules::storage: Skipping hidden module entry path=/Users/jfurocket/Documents/personal/modules/.fenrir-backups name=".fenrir-backups"
2025-12-06T13:19:37.368368Z  WARN tokio-runtime-worker ThreadId(13) fenrir::infra::modules::storage: Skipping hidden module entry path=/Users/jfurocket/Documents/personal/modules/.cache name=".cache"
2025-12-06T13:19:52.368358Z  WARN tokio-runtime-worker ThreadId(302) fenrir::infra::modules::storage: Skipping hidden module entry path=/Users/jfurocket/Documents/personal/modules/.fenrir-backups name=".fenrir-backups"
2025-12-06T13:19:52.369747Z  WARN tokio-runtime-worker ThreadId(302) fenrir::infra::modules::storage: Skipping hidden module entry path=/Users/jfurocket/Documents/personal/modules/.cache name=".cache"
2025-12-06T13:20:03.883108Z  WARN tokio-runtime-worker ThreadId(272) fenrir::services::scheduler::service: db ping failed error=invalid input: db-shell service is disabled
2025-12-06T13:20:07.369058Z  WARN tokio-runtime-worker ThreadId(13) fenrir::infra::modules::storage: Skipping hidden module entry path=/Users/jfurocket/Documents/personal/modules/.fenrir-backups name=".fenrir-backups"
2025-12-06T13:20:07.370101Z  WARN tokio-runtime-worker ThreadId(13) fenrir::infra::modules::storage: Skipping hidden module entry path=/Users/jfurocket/Documents/personal/modules/.cache name=".cache"
2025-12-06T13:20:22.369099Z  WARN tokio-runtime-worker ThreadId(13) fenrir::infra::modules::storage: Skipping hidden module entry path=/Users/jfurocket/Documents/personal/modules/.fenrir-backups name=".fenrir-backups"
2025-12-06T13:20:22.371505Z  WARN tokio-runtime-worker ThreadId(302) fenrir::infra::modules::storage: Skipping hidden module entry path=/Users/jfurocket/Documents/personal/modules/.cache name=".cache"
2025-12-06T13:20:37.365100Z  WARN tokio-runtime-worker ThreadId(302) fenrir::infra::modules::storage: Skipping hidden module entry path=/Users/jfurocket/Documents/personal/modules/.fenrir-backups name=".fenrir-backups"
2025-12-06T13:20:37.366275Z  WARN tokio-runtime-worker ThreadId(302) fenrir::infra::modules::storage: Skipping hidden module entry path=/Users/jfurocket/Documents/personal/modules/.cache name=".cache"
2025-12-06T13:20:52.368572Z  WARN tokio-runtime-worker ThreadId(874) fenrir::infra::modules::storage: Skipping hidden module entry path=/Users/jfurocket/Documents/personal/modules/.fenrir-backups name=".fenrir-backups"
2025-12-06T13:20:52.370559Z  WARN tokio-runtime-worker ThreadId(492) fenrir::infra::modules::storage: Skipping hidden module entry path=/Users/jfurocket/Documents/personal/modules/.cache name=".cache"
2025-12-06T13:21:07.369830Z  WARN tokio-runtime-worker ThreadId(13) fenrir::infra::modules::storage: Skipping hidden module entry path=/Users/jfurocket/Documents/personal/modules/.fenrir-backups name=".fenrir-backups"
2025-12-06T13:21:07.370591Z  WARN tokio-runtime-worker ThreadId(13) fenrir::infra::modules::storage: Skipping hidden module entry path=/Users/jfurocket/Documents/personal/modules/.cache name=".cache"
2025-12-06T13:21:22.367864Z  WARN tokio-runtime-worker ThreadId(13) fenrir::infra::modules::storage: Skipping hidden module entry path=/Users/jfurocket/Documents/personal/modules/.fenrir-backups name=".fenrir-backups"
2025-12-06T13:21:22.368451Z  WARN tokio-runtime-worker ThreadId(13) fenrir::infra::modules::storage: Skipping hidden module entry path=/Users/jfurocket/Documents/personal/modules/.cache name=".cache"
2025-12-06T13:22:19.459750Z  WARN tokio-runtime-worker ThreadId(874) fenrir::infra::modules::storage: Skipping hidden module entry path=/Users/jfurocket/Documents/personal/modules/.fenrir-backups name=".fenrir-backups"
2025-12-06T13:22:19.462517Z  WARN tokio-runtime-worker ThreadId(874) fenrir::infra::modules::storage: Skipping hidden module entry path=/Users/jfurocket/Documents/personal/modules/.cache name=".cache"
2025-12-06T13:22:43.296057Z  WARN tokio-runtime-worker ThreadId(272) fenrir::services::scheduler::service: db ping failed error=invalid input: db-shell service is disabled
2025-12-06T13:24:43.298775Z  WARN tokio-runtime-worker ThreadId(302) fenrir::services::scheduler::service: db ping failed error=invalid input: db-shell service is disabled
2025-12-06T13:26:43.301096Z  WARN tokio-runtime-worker ThreadId(302) fenrir::services::scheduler::service: db ping failed error=invalid input: db-shell service is disabled
2025-12-06T13:28:43.304158Z  WARN tokio-runtime-worker ThreadId(874) fenrir::services::scheduler::service: db ping failed error=invalid input: db-shell service is disabled
2025-12-06T13:30:43.307281Z  WARN tokio-runtime-worker ThreadId(874) fenrir::services::scheduler::service: db ping failed error=invalid input: db-shell service is disabled
2025-12-06T13:32:43.310749Z  WARN tokio-runtime-worker ThreadId(302) fenrir::services::scheduler::service: db ping failed error=invalid input: db-shell service is disabled
2025-12-06T13:34:43.312731Z  WARN tokio-runtime-worker ThreadId(272) fenrir::services::scheduler::service: db ping failed error=invalid input: db-shell service is disabled
2025-12-06T13:36:43.315287Z  WARN tokio-runtime-worker ThreadId(874) fenrir::services::scheduler::service: db ping failed error=invalid input: db-shell service is disabled
2025-12-06T13:38:43.317937Z  WARN tokio-runtime-worker ThreadId(13) fenrir::services::scheduler::service: db ping failed error=invalid input: db-shell service is disabled
2025-12-06T13:40:43.320239Z  WARN tokio-runtime-worker ThreadId(13) fenrir::services::scheduler::service: db ping failed error=invalid input: db-shell service is disabled
2025-12-06T13:42:43.323383Z  WARN tokio-runtime-worker ThreadId(13) fenrir::services::scheduler::service: db ping failed error=invalid input: db-shell service is disabled
2025-12-06T13:44:43.326832Z  WARN tokio-runtime-worker ThreadId(13) fenrir::services::scheduler::service: db ping failed error=invalid input: db-shell service is disabled
2025-12-06T13:46:43.329450Z  WARN tokio-runtime-worker ThreadId(272) fenrir::services::scheduler::service: db ping failed error=invalid input: db-shell service is disabled
2025-12-06T13:48:43.333297Z  WARN tokio-runtime-worker ThreadId(13) fenrir::services::scheduler::service: db ping failed error=invalid input: db-shell service is disabled
2025-12-06T13:50:43.336413Z  WARN tokio-runtime-worker ThreadId(272) fenrir::services::scheduler::service: db ping failed error=invalid input: db-shell service is disabled
2025-12-06T13:52:43.339212Z  WARN tokio-runtime-worker ThreadId(272) fenrir::services::scheduler::service: db ping failed error=invalid input: db-shell service is disabled
2025-12-06T14:24:40.445689Z  WARN tokio-runtime-worker ThreadId(874) fenrir::services::scheduler::service: db ping failed error=invalid input: db-shell service is disabled
2025-12-06T14:29:08.275355Z  WARN tokio-runtime-worker ThreadId(272) fenrir::services::scheduler::service: db ping failed error=invalid input: db-shell service is disabled
2025-12-06T14:31:08.278606Z  WARN tokio-runtime-worker ThreadId(302) fenrir::services::scheduler::service: db ping failed error=invalid input: db-shell service is disabled
2025-12-06T14:33:08.280823Z  WARN tokio-runtime-worker ThreadId(272) fenrir::services::scheduler::service: db ping failed error=invalid input: db-shell service is disabled
2025-12-06T14:35:08.283364Z  WARN tokio-runtime-worker ThreadId(302) fenrir::services::scheduler::service: db ping failed error=invalid input: db-shell service is disabled
2025-12-06T14:37:08.286603Z  WARN tokio-runtime-worker ThreadId(874) fenrir::services::scheduler::service: db ping failed error=invalid input: db-shell service is disabled
2025-12-06T14:39:08.290062Z  WARN tokio-runtime-worker ThreadId(302) fenrir::services::scheduler::service: db ping failed error=invalid input: db-shell service is disabled
2025-12-06T14:41:08.294345Z  WARN tokio-runtime-worker ThreadId(874) fenrir::services::scheduler::service: db ping failed error=invalid input: db-shell service is disabled
2025-12-06T14:43:08.297289Z  WARN tokio-runtime-worker ThreadId(13) fenrir::services::scheduler::service: db ping failed error=invalid input: db-shell service is disabled
2025-12-06T14:45:08.267836Z  WARN tokio-runtime-worker ThreadId(272) fenrir::services::scheduler::service: db ping failed error=invalid input: db-shell service is disabled
2025-12-06T14:47:08.266691Z  WARN tokio-runtime-worker ThreadId(13) fenrir::services::scheduler::service: db ping failed error=invalid input: db-shell service is disabled
2025-12-06T14:49:08.270803Z  WARN tokio-runtime-worker ThreadId(272) fenrir::services::scheduler::service: db ping failed error=invalid input: db-shell service is disabled
2025-12-06T14:51:08.272076Z  WARN tokio-runtime-worker ThreadId(13) fenrir::services::scheduler::service: db ping failed error=invalid input: db-shell service is disabled
2025-12-06T14:53:08.273126Z  WARN tokio-runtime-worker ThreadId(874) fenrir::services::scheduler::service: db ping failed error=invalid input: db-shell service is disabled
2025-12-06T14:55:08.274718Z  WARN tokio-runtime-worker ThreadId(302) fenrir::services::scheduler::service: db ping failed error=invalid input: db-shell service is disabled
2025-12-06T14:57:08.276013Z  WARN tokio-runtime-worker ThreadId(13) fenrir::services::scheduler::service: db ping failed error=invalid input: db-shell service is disabled
2025-12-06T14:59:08.276769Z  WARN tokio-runtime-worker ThreadId(302) fenrir::services::scheduler::service: db ping failed error=invalid input: db-shell service is disabled
2025-12-06T15:01:08.277133Z  WARN tokio-runtime-worker ThreadId(874) fenrir::services::scheduler::service: db ping failed error=invalid input: db-shell service is disabled
2025-12-06T15:03:08.278294Z  WARN tokio-runtime-worker ThreadId(302) fenrir::services::scheduler::service: db ping failed error=invalid input: db-shell service is disabled
2025-12-06T15:05:08.280598Z  WARN tokio-runtime-worker ThreadId(874) fenrir::services::scheduler::service: db ping failed error=invalid input: db-shell service is disabled
2025-12-06T15:07:08.271737Z  WARN tokio-runtime-worker ThreadId(302) fenrir::services::scheduler::service: db ping failed error=invalid input: db-shell service is disabled
2025-12-06T15:09:08.272847Z  WARN tokio-runtime-worker ThreadId(302) fenrir::services::scheduler::service: db ping failed error=invalid input: db-shell service is disabled
2025-12-06T15:11:08.273841Z  WARN tokio-runtime-worker ThreadId(874) fenrir::services::scheduler::service: db ping failed error=invalid input: db-shell service is disabled
2025-12-06T15:13:08.275560Z  WARN tokio-runtime-worker ThreadId(13) fenrir::services::scheduler::service: db ping failed error=invalid input: db-shell service is disabled
2025-12-06T15:15:08.277486Z  WARN tokio-runtime-worker ThreadId(874) fenrir::services::scheduler::service: db ping failed error=invalid input: db-shell service is disabled
2025-12-06T15:17:08.278649Z  WARN tokio-runtime-worker ThreadId(272) fenrir::services::scheduler::service: db ping failed error=invalid input: db-shell service is disabled
2025-12-06T15:19:08.280031Z  WARN tokio-runtime-worker ThreadId(874) fenrir::services::scheduler::service: db ping failed error=invalid input: db-shell service is disabled
2025-12-06T15:21:08.281491Z  WARN tokio-runtime-worker ThreadId(302) fenrir::services::scheduler::service: db ping failed error=invalid input: db-shell service is disabled
2025-12-06T15:23:08.284379Z  WARN tokio-runtime-worker ThreadId(874) fenrir::services::scheduler::service: db ping failed error=invalid input: db-shell service is disabled
2025-12-06T15:25:08.285785Z  WARN tokio-runtime-worker ThreadId(272) fenrir::services::scheduler::service: db ping failed error=invalid input: db-shell service is disabled
2025-12-06T15:27:08.286063Z  WARN tokio-runtime-worker ThreadId(272) fenrir::services::scheduler::service: db ping failed error=invalid input: db-shell service is disabled
2025-12-06T15:29:08.287575Z  WARN tokio-runtime-worker ThreadId(874) fenrir::services::scheduler::service: db ping failed error=invalid input: db-shell service is disabled
2025-12-06T15:31:08.288553Z  WARN tokio-runtime-worker ThreadId(302) fenrir::services::scheduler::service: db ping failed error=invalid input: db-shell service is disabled
2025-12-06T15:33:08.289763Z  WARN tokio-runtime-worker ThreadId(13) fenrir::services::scheduler::service: db ping failed error=invalid input: db-shell service is disabled
2025-12-06T15:35:08.291881Z  WARN tokio-runtime-worker ThreadId(302) fenrir::services::scheduler::service: db ping failed error=invalid input: db-shell service is disabled
2025-12-06T15:43:29.042289Z  WARN tokio-runtime-worker ThreadId(874) fenrir::services::scheduler::service: db ping failed error=invalid input: db-shell service is disabled
2025-12-06T15:45:29.043106Z  WARN tokio-runtime-worker ThreadId(302) fenrir::services::scheduler::service: db ping failed error=invalid input: db-shell service is disabled
2025-12-06T15:47:29.044599Z  WARN tokio-runtime-worker ThreadId(302) fenrir::services::scheduler::service: db ping failed error=invalid input: db-shell service is disabled
2025-12-06T15:49:29.046168Z  WARN tokio-runtime-worker ThreadId(272) fenrir::services::scheduler::service: db ping failed error=invalid input: db-shell service is disabled
2025-12-06T15:51:29.048136Z  WARN tokio-runtime-worker ThreadId(13) fenrir::services::scheduler::service: db ping failed error=invalid input: db-shell service is disabled
2025-12-06T15:53:29.049832Z  WARN tokio-runtime-worker ThreadId(302) fenrir::services::scheduler::service: db ping failed error=invalid input: db-shell service is disabled
2025-12-06T15:55:29.051407Z  WARN tokio-runtime-worker ThreadId(302) fenrir::services::scheduler::service: db ping failed error=invalid input: db-shell service is disabled
2025-12-06T15:57:28.955812Z  WARN tokio-runtime-worker ThreadId(874) fenrir::services::scheduler::service: db ping failed error=invalid input: db-shell service is disabled
2025-12-06T15:59:28.954043Z  WARN tokio-runtime-worker ThreadId(13) fenrir::services::scheduler::service: db ping failed error=invalid input: db-shell service is disabled
2025-12-06T16:01:28.951856Z  WARN tokio-runtime-worker ThreadId(302) fenrir::services::scheduler::service: db ping failed error=invalid input: db-shell service is disabled
2025-12-06T16:03:28.950391Z  WARN tokio-runtime-worker ThreadId(302) fenrir::services::scheduler::service: db ping failed error=invalid input: db-shell service is disabled
2025-12-06T16:05:28.949204Z  WARN tokio-runtime-worker ThreadId(13) fenrir::services::scheduler::service: db ping failed error=invalid input: db-shell service is disabled
2025-12-06T16:07:28.947829Z  WARN tokio-runtime-worker ThreadId(272) fenrir::services::scheduler::service: db ping failed error=invalid input: db-shell service is disabled
2025-12-06T16:09:28.945598Z  WARN tokio-runtime-worker ThreadId(302) fenrir::services::scheduler::service: db ping failed error=invalid input: db-shell service is disabled
2025-12-06T16:11:28.944103Z  WARN tokio-runtime-worker ThreadId(13) fenrir::services::scheduler::service: db ping failed error=invalid input: db-shell service is disabled
2025-12-06T16:13:28.942717Z  WARN tokio-runtime-worker ThreadId(272) fenrir::services::scheduler::service: db ping failed error=invalid input: db-shell service is disabled
2025-12-06T16:15:28.942066Z  WARN tokio-runtime-worker ThreadId(13) fenrir::services::scheduler::service: db ping failed error=invalid input: db-shell service is disabled
2025-12-06T16:17:28.940741Z  WARN tokio-runtime-worker ThreadId(272) fenrir::services::scheduler::service: db ping failed error=invalid input: db-shell service is disabled
2025-12-06T16:19:28.939803Z  WARN tokio-runtime-worker ThreadId(272) fenrir::services::scheduler::service: db ping failed error=invalid input: db-shell service is disabled
2025-12-06T16:21:28.937652Z  WARN tokio-runtime-worker ThreadId(302) fenrir::services::scheduler::service: db ping failed error=invalid input: db-shell service is disabled
2025-12-06T16:23:28.936089Z  WARN tokio-runtime-worker ThreadId(13) fenrir::services::scheduler::service: db ping failed error=invalid input: db-shell service is disabled
2025-12-06T16:25:28.934796Z  WARN tokio-runtime-worker ThreadId(302) fenrir::services::scheduler::service: db ping failed error=invalid input: db-shell service is disabled
2025-12-06T16:27:28.933501Z  WARN tokio-runtime-worker ThreadId(13) fenrir::services::scheduler::service: db ping failed error=invalid input: db-shell service is disabled
2025-12-06T16:29:28.932479Z  WARN tokio-runtime-worker ThreadId(874) fenrir::services::scheduler::service: db ping failed error=invalid input: db-shell service is disabled
2025-12-06T16:31:28.931354Z  WARN tokio-runtime-worker ThreadId(272) fenrir::services::scheduler::service: db ping failed error=invalid input: db-shell service is disabled
2025-12-06T16:33:29.069915Z  WARN tokio-runtime-worker ThreadId(13) fenrir::services::scheduler::service: db ping failed error=invalid input: db-shell service is disabled
2025-12-06T16:35:29.072235Z  WARN tokio-runtime-worker ThreadId(13) fenrir::services::scheduler::service: db ping failed error=invalid input: db-shell service is disabled
2025-12-06T16:37:29.075268Z  WARN tokio-runtime-worker ThreadId(874) fenrir::services::scheduler::service: db ping failed error=invalid input: db-shell service is disabled
2025-12-06T16:39:29.077183Z  WARN tokio-runtime-worker ThreadId(874) fenrir::services::scheduler::service: db ping failed error=invalid input: db-shell service is disabled
2025-12-06T16:41:29.078968Z  WARN tokio-runtime-worker ThreadId(13) fenrir::services::scheduler::service: db ping failed error=invalid input: db-shell service is disabled
2025-12-06T16:43:29.081248Z  WARN tokio-runtime-worker ThreadId(13) fenrir::services::scheduler::service: db ping failed error=invalid input: db-shell service is disabled
2025-12-06T16:45:29.083743Z  WARN tokio-runtime-worker ThreadId(302) fenrir::services::scheduler::service: db ping failed error=invalid input: db-shell service is disabled
2025-12-06T16:47:29.086633Z  WARN tokio-runtime-worker ThreadId(272) fenrir::services::scheduler::service: db ping failed error=invalid input: db-shell service is disabled
2025-12-06T16:49:29.088770Z  WARN tokio-runtime-worker ThreadId(13) fenrir::services::scheduler::service: db ping failed error=invalid input: db-shell service is disabled
2025-12-06T16:51:29.091037Z  WARN tokio-runtime-worker ThreadId(272) fenrir::services::scheduler::service: db ping failed error=invalid input: db-shell service is disabled
2025-12-06T16:53:29.093235Z  WARN tokio-runtime-worker ThreadId(272) fenrir::services::scheduler::service: db ping failed error=invalid input: db-shell service is disabled
2025-12-06T16:55:29.097493Z  WARN tokio-runtime-worker ThreadId(272) fenrir::services::scheduler::service: db ping failed error=invalid input: db-shell service is disabled
2025-12-06T16:57:29.132835Z  WARN tokio-runtime-worker ThreadId(874) fenrir::services::scheduler::service: db ping failed error=invalid input: db-shell service is disabled
2025-12-06T16:59:29.136301Z  WARN tokio-runtime-worker ThreadId(13) fenrir::services::scheduler::service: db ping failed error=invalid input: db-shell service is disabled
2025-12-06T17:01:29.140638Z  WARN tokio-runtime-worker ThreadId(272) fenrir::services::scheduler::service: db ping failed error=invalid input: db-shell service is disabled
2025-12-06T17:03:29.144204Z  WARN tokio-runtime-worker ThreadId(874) fenrir::services::scheduler::service: db ping failed error=invalid input: db-shell service is disabled
2025-12-06T17:05:29.147226Z  WARN tokio-runtime-worker ThreadId(302) fenrir::services::scheduler::service: db ping failed error=invalid input: db-shell service is disabled
2025-12-06T17:07:29.150268Z  WARN tokio-runtime-worker ThreadId(13) fenrir::services::scheduler::service: db ping failed error=invalid input: db-shell service is disabled
2025-12-06T17:09:29.154103Z  WARN tokio-runtime-worker ThreadId(13) fenrir::services::scheduler::service: db ping failed error=invalid input: db-shell service is disabled
2025-12-06T17:11:29.156750Z  WARN tokio-runtime-worker ThreadId(874) fenrir::services::scheduler::service: db ping failed error=invalid input: db-shell service is disabled
2025-12-06T17:13:29.160027Z  WARN tokio-runtime-worker ThreadId(302) fenrir::services::scheduler::service: db ping failed error=invalid input: db-shell service is disabled
2025-12-06T17:15:29.163722Z  WARN tokio-runtime-worker ThreadId(874) fenrir::services::scheduler::service: db ping failed error=invalid input: db-shell service is disabled
2025-12-06T17:17:29.166280Z  WARN tokio-runtime-worker ThreadId(272) fenrir::services::scheduler::service: db ping failed error=invalid input: db-shell service is disabled
2025-12-06T17:19:29.170189Z  WARN tokio-runtime-worker ThreadId(874) fenrir::services::scheduler::service: db ping failed error=invalid input: db-shell service is disabled
2025-12-06T17:21:29.173441Z  WARN tokio-runtime-worker ThreadId(874) fenrir::services::scheduler::service: db ping failed error=invalid input: db-shell service is disabled
2025-12-06T17:23:29.175971Z  WARN tokio-runtime-worker ThreadId(272) fenrir::services::scheduler::service: db ping failed error=invalid input: db-shell service is disabled
2025-12-06T17:25:29.179294Z  WARN tokio-runtime-worker ThreadId(874) fenrir::services::scheduler::service: db ping failed error=invalid input: db-shell service is disabled
2025-12-06T17:27:29.182881Z  WARN tokio-runtime-worker ThreadId(874) fenrir::services::scheduler::service: db ping failed error=invalid input: db-shell service is disabled
2025-12-06T17:29:29.187087Z  WARN tokio-runtime-worker ThreadId(302) fenrir::services::scheduler::service: db ping failed error=invalid input: db-shell service is disabled
2025-12-06T17:31:29.190374Z  WARN tokio-runtime-worker ThreadId(302) fenrir::services::scheduler::service: db ping failed error=invalid input: db-shell service is disabled
2025-12-06T17:33:29.194031Z  WARN tokio-runtime-worker ThreadId(272) fenrir::services::scheduler::service: db ping failed error=invalid input: db-shell service is disabled
2025-12-06T17:35:29.201245Z  WARN tokio-runtime-worker ThreadId(272) fenrir::services::scheduler::service: db ping failed error=invalid input: db-shell service is disabled
2025-12-06T17:37:29.205214Z  WARN tokio-runtime-worker ThreadId(13) fenrir::services::scheduler::service: db ping failed error=invalid input: db-shell service is disabled
2025-12-06T17:39:29.209116Z  WARN tokio-runtime-worker ThreadId(13) fenrir::services::scheduler::service: db ping failed error=invalid input: db-shell service is disabled
2025-12-06T17:41:29.212711Z  WARN tokio-runtime-worker ThreadId(302) fenrir::services::scheduler::service: db ping failed error=invalid input: db-shell service is disabled
2025-12-06T17:43:29.215563Z  WARN tokio-runtime-worker ThreadId(302) fenrir::services::scheduler::service: db ping failed error=invalid input: db-shell service is disabled
2025-12-06T17:45:29.217922Z  WARN tokio-runtime-worker ThreadId(13) fenrir::services::scheduler::service: db ping failed error=invalid input: db-shell service is disabled
2025-12-06T17:47:29.235183Z  WARN tokio-runtime-worker ThreadId(874) fenrir::services::scheduler::service: db ping failed error=invalid input: db-shell service is disabled
2025-12-06T17:49:29.240877Z  WARN tokio-runtime-worker ThreadId(272) fenrir::services::scheduler::service: db ping failed error=invalid input: db-shell service is disabled
2025-12-06T17:51:29.244861Z  WARN tokio-runtime-worker ThreadId(272) fenrir::services::scheduler::service: db ping failed error=invalid input: db-shell service is disabled
2025-12-06T17:53:29.249121Z  WARN tokio-runtime-worker ThreadId(874) fenrir::services::scheduler::service: db ping failed error=invalid input: db-shell service is disabled
2025-12-06T17:55:29.252868Z  WARN tokio-runtime-worker ThreadId(272) fenrir::services::scheduler::service: db ping failed error=invalid input: db-shell service is disabled
2025-12-06T17:57:29.258280Z  WARN tokio-runtime-worker ThreadId(302) fenrir::services::scheduler::service: db ping failed error=invalid input: db-shell service is disabled
2025-12-06T17:59:29.261070Z  WARN tokio-runtime-worker ThreadId(874) fenrir::services::scheduler::service: db ping failed error=invalid input: db-shell service is disabled
2025-12-06T18:01:29.263552Z  WARN tokio-runtime-worker ThreadId(874) fenrir::services::scheduler::service: db ping failed error=invalid input: db-shell service is disabled
2025-12-06T18:03:29.267085Z  WARN tokio-runtime-worker ThreadId(13) fenrir::services::scheduler::service: db ping failed error=invalid input: db-shell service is disabled
2025-12-06T18:05:29.270880Z  WARN tokio-runtime-worker ThreadId(272) fenrir::services::scheduler::service: db ping failed error=invalid input: db-shell service is disabled
2025-12-06T18:07:29.274245Z  WARN tokio-runtime-worker ThreadId(302) fenrir::services::scheduler::service: db ping failed error=invalid input: db-shell service is disabled
2025-12-06T18:09:29.279232Z  WARN tokio-runtime-worker ThreadId(874) fenrir::services::scheduler::service: db ping failed error=invalid input: db-shell service is disabled
2025-12-06T18:11:29.282316Z  WARN tokio-runtime-worker ThreadId(874) fenrir::services::scheduler::service: db ping failed error=invalid input: db-shell service is disabled
2025-12-06T18:13:29.286452Z  WARN tokio-runtime-worker ThreadId(874) fenrir::services::scheduler::service: db ping failed error=invalid input: db-shell service is disabled
2025-12-06T18:15:29.290693Z  WARN tokio-runtime-worker ThreadId(13) fenrir::services::scheduler::service: db ping failed error=invalid input: db-shell service is disabled
2025-12-06T18:17:29.295798Z  WARN tokio-runtime-worker ThreadId(302) fenrir::services::scheduler::service: db ping failed error=invalid input: db-shell service is disabled
2025-12-06T18:19:29.299157Z  WARN tokio-runtime-worker ThreadId(272) fenrir::services::scheduler::service: db ping failed error=invalid input: db-shell service is disabled
2025-12-06T18:21:29.302826Z  WARN tokio-runtime-worker ThreadId(302) fenrir::services::scheduler::service: db ping failed error=invalid input: db-shell service is disabled
2025-12-06T18:23:29.307337Z  WARN tokio-runtime-worker ThreadId(302) fenrir::services::scheduler::service: db ping failed error=invalid input: db-shell service is disabled
2025-12-06T18:25:29.300786Z  WARN tokio-runtime-worker ThreadId(302) fenrir::services::scheduler::service: db ping failed error=invalid input: db-shell service is disabled
2025-12-06T18:27:29.304470Z  WARN tokio-runtime-worker ThreadId(13) fenrir::services::scheduler::service: db ping failed error=invalid input: db-shell service is disabled
2025-12-06T18:29:29.308448Z  WARN tokio-runtime-worker ThreadId(302) fenrir::services::scheduler::service: db ping failed error=invalid input: db-shell service is disabled
2025-12-06T18:31:29.311588Z  WARN tokio-runtime-worker ThreadId(874) fenrir::services::scheduler::service: db ping failed error=invalid input: db-shell service is disabled
2025-12-06T18:33:29.316006Z  WARN tokio-runtime-worker ThreadId(874) fenrir::services::scheduler::service: db ping failed error=invalid input: db-shell service is disabled
2025-12-06T18:35:29.319786Z  WARN tokio-runtime-worker ThreadId(272) fenrir::services::scheduler::service: db ping failed error=invalid input: db-shell service is disabled
2025-12-06T18:37:29.324143Z  WARN tokio-runtime-worker ThreadId(13) fenrir::services::scheduler::service: db ping failed error=invalid input: db-shell service is disabled
2025-12-06T18:39:29.327294Z  WARN tokio-runtime-worker ThreadId(874) fenrir::services::scheduler::service: db ping failed error=invalid input: db-shell service is disabled
2025-12-06T18:41:29.330904Z  WARN tokio-runtime-worker ThreadId(272) fenrir::services::scheduler::service: db ping failed error=invalid input: db-shell service is disabled
2025-12-06T18:43:29.335830Z  WARN tokio-runtime-worker ThreadId(874) fenrir::services::scheduler::service: db ping failed error=invalid input: db-shell service is disabled
2025-12-06T18:45:29.340011Z  WARN tokio-runtime-worker ThreadId(272) fenrir::services::scheduler::service: db ping failed error=invalid input: db-shell service is disabled
2025-12-06T18:47:29.345900Z  WARN tokio-runtime-worker ThreadId(13) fenrir::services::scheduler::service: db ping failed error=invalid input: db-shell service is disabled
2025-12-06T18:49:29.349086Z  WARN tokio-runtime-worker ThreadId(302) fenrir::services::scheduler::service: db ping failed error=invalid input: db-shell service is disabled
2025-12-06T18:51:29.353444Z  WARN tokio-runtime-worker ThreadId(272) fenrir::services::scheduler::service: db ping failed error=invalid input: db-shell service is disabled
2025-12-06T18:53:29.356340Z  WARN tokio-runtime-worker ThreadId(13) fenrir::services::scheduler::service: db ping failed error=invalid input: db-shell service is disabled
2025-12-06T18:55:29.363598Z  WARN tokio-runtime-worker ThreadId(272) fenrir::services::scheduler::service: db ping failed error=invalid input: db-shell service is disabled
2025-12-06T18:57:29.367488Z  WARN tokio-runtime-worker ThreadId(13) fenrir::services::scheduler::service: db ping failed error=invalid input: db-shell service is disabled
2025-12-06T18:59:29.311919Z  WARN tokio-runtime-worker ThreadId(272) fenrir::services::scheduler::service: db ping failed error=invalid input: db-shell service is disabled
2025-12-06T19:01:29.316134Z  WARN tokio-runtime-worker ThreadId(302) fenrir::services::scheduler::service: db ping failed error=invalid input: db-shell service is disabled
2025-12-06T19:03:29.318051Z  WARN tokio-runtime-worker ThreadId(13) fenrir::services::scheduler::service: db ping failed error=invalid input: db-shell service is disabled
2025-12-06T19:05:29.321090Z  WARN tokio-runtime-worker ThreadId(302) fenrir::services::scheduler::service: db ping failed error=invalid input: db-shell service is disabled
2025-12-06T19:07:29.325294Z  WARN tokio-runtime-worker ThreadId(13) fenrir::services::scheduler::service: db ping failed error=invalid input: db-shell service is disabled
2025-12-06T19:09:29.327851Z  WARN tokio-runtime-worker ThreadId(302) fenrir::services::scheduler::service: db ping failed error=invalid input: db-shell service is disabled
2025-12-06T19:11:29.330627Z  WARN tokio-runtime-worker ThreadId(874) fenrir::services::scheduler::service: db ping failed error=invalid input: db-shell service is disabled
2025-12-06T19:13:29.332272Z  WARN tokio-runtime-worker ThreadId(874) fenrir::services::scheduler::service: db ping failed error=invalid input: db-shell service is disabled
2025-12-06T19:15:29.335104Z  WARN tokio-runtime-worker ThreadId(302) fenrir::services::scheduler::service: db ping failed error=invalid input: db-shell service is disabled
2025-12-06T19:17:29.375309Z  WARN tokio-runtime-worker ThreadId(272) fenrir::services::scheduler::service: db ping failed error=invalid input: db-shell service is disabled
2025-12-06T19:19:29.382803Z  WARN tokio-runtime-worker ThreadId(272) fenrir::services::scheduler::service: db ping failed error=invalid input: db-shell service is disabled
2025-12-06T19:21:29.384681Z  WARN tokio-runtime-worker ThreadId(13) fenrir::services::scheduler::service: db ping failed error=invalid input: db-shell service is disabled
2025-12-06T19:23:29.387904Z  WARN tokio-runtime-worker ThreadId(302) fenrir::services::scheduler::service: db ping failed error=invalid input: db-shell service is disabled
2025-12-06T19:25:29.390769Z  WARN tokio-runtime-worker ThreadId(302) fenrir::services::scheduler::service: db ping failed error=invalid input: db-shell service is disabled
2025-12-06T19:27:29.393264Z  WARN tokio-runtime-worker ThreadId(874) fenrir::services::scheduler::service: db ping failed error=invalid input: db-shell service is disabled
2025-12-06T19:29:29.396338Z  WARN tokio-runtime-worker ThreadId(13) fenrir::services::scheduler::service: db ping failed error=invalid input: db-shell service is disabled
2025-12-06T19:31:29.398820Z  WARN tokio-runtime-worker ThreadId(874) fenrir::services::scheduler::service: db ping failed error=invalid input: db-shell service is disabled
2025-12-06T19:33:29.401697Z  WARN tokio-runtime-worker ThreadId(13) fenrir::services::scheduler::service: db ping failed error=invalid input: db-shell service is disabled
2025-12-06T19:35:29.404605Z  WARN tokio-runtime-worker ThreadId(272) fenrir::services::scheduler::service: db ping failed error=invalid input: db-shell service is disabled
2025-12-06T19:37:29.407973Z  WARN tokio-runtime-worker ThreadId(272) fenrir::services::scheduler::service: db ping failed error=invalid input: db-shell service is disabled
2025-12-06T19:39:29.405378Z  WARN tokio-runtime-worker ThreadId(874) fenrir::services::scheduler::service: db ping failed error=invalid input: db-shell service is disabled
2025-12-06T19:41:29.405975Z  WARN tokio-runtime-worker ThreadId(272) fenrir::services::scheduler::service: db ping failed error=invalid input: db-shell service is disabled
2025-12-06T19:43:29.408337Z  WARN tokio-runtime-worker ThreadId(302) fenrir::services::scheduler::service: db ping failed error=invalid input: db-shell service is disabled
2025-12-06T19:45:29.410268Z  WARN tokio-runtime-worker ThreadId(13) fenrir::services::scheduler::service: db ping failed error=invalid input: db-shell service is disabled
2025-12-06T19:47:29.412062Z  WARN tokio-runtime-worker ThreadId(874) fenrir::services::scheduler::service: db ping failed error=invalid input: db-shell service is disabled
2025-12-06T19:49:29.413651Z  WARN tokio-runtime-worker ThreadId(13) fenrir::services::scheduler::service: db ping failed error=invalid input: db-shell service is disabled
2025-12-06T19:51:29.415724Z  WARN tokio-runtime-worker ThreadId(302) fenrir::services::scheduler::service: db ping failed error=invalid input: db-shell service is disabled
2025-12-06T19:53:29.417315Z  WARN tokio-runtime-worker ThreadId(302) fenrir::services::scheduler::service: db ping failed error=invalid input: db-shell service is disabled
2025-12-06T19:55:29.420258Z  WARN tokio-runtime-worker ThreadId(874) fenrir::services::scheduler::service: db ping failed error=invalid input: db-shell service is disabled
2025-12-06T19:57:29.422407Z  WARN tokio-runtime-worker ThreadId(13) fenrir::services::scheduler::service: db ping failed error=invalid input: db-shell service is disabled
2025-12-06T19:59:29.425735Z  WARN tokio-runtime-worker ThreadId(874) fenrir::services::scheduler::service: db ping failed error=invalid input: db-shell service is disabled
2025-12-06T20:01:29.428705Z  WARN tokio-runtime-worker ThreadId(272) fenrir::services::scheduler::service: db ping failed error=invalid input: db-shell service is disabled
2025-12-06T20:03:29.440654Z  WARN tokio-runtime-worker ThreadId(272) fenrir::services::scheduler::service: db ping failed error=invalid input: db-shell service is disabled
2025-12-06T20:05:29.444032Z  WARN tokio-runtime-worker ThreadId(272) fenrir::services::scheduler::service: db ping failed error=invalid input: db-shell service is disabled
2025-12-06T20:07:29.446806Z  WARN tokio-runtime-worker ThreadId(874) fenrir::services::scheduler::service: db ping failed error=invalid input: db-shell service is disabled
2025-12-06T20:09:29.449636Z  WARN tokio-runtime-worker ThreadId(13) fenrir::services::scheduler::service: db ping failed error=invalid input: db-shell service is disabled
2025-12-06T20:11:29.453784Z  WARN tokio-runtime-worker ThreadId(13) fenrir::services::scheduler::service: db ping failed error=invalid input: db-shell service is disabled
2025-12-06T20:13:29.456014Z  WARN tokio-runtime-worker ThreadId(874) fenrir::services::scheduler::service: db ping failed error=invalid input: db-shell service is disabled
2025-12-06T20:15:29.459342Z  WARN tokio-runtime-worker ThreadId(13) fenrir::services::scheduler::service: db ping failed error=invalid input: db-shell service is disabled
2025-12-06T20:17:29.462453Z  WARN tokio-runtime-worker ThreadId(874) fenrir::services::scheduler::service: db ping failed error=invalid input: db-shell service is disabled
2025-12-06T20:49:29.810285Z  WARN tokio-runtime-worker ThreadId(13) fenrir::services::scheduler::service: db ping failed error=invalid input: db-shell service is disabled
2025-12-06T22:01:57.288885Z  WARN tokio-runtime-worker ThreadId(13) fenrir::services::scheduler::service: db ping failed error=invalid input: db-shell service is disabled
2025-12-06T23:35:56.635158Z  WARN tokio-runtime-worker ThreadId(874) fenrir::services::scheduler::service: db ping failed error=invalid input: db-shell service is disabled
2025-12-07T00:37:59.948554Z  WARN tokio-runtime-worker ThreadId(302) fenrir::services::scheduler::service: db ping failed error=invalid input: db-shell service is disabled
2025-12-07T01:25:01.661669Z  WARN tokio-runtime-worker ThreadId(13) fenrir::services::scheduler::service: db ping failed error=invalid input: db-shell service is disabled
2025-12-07T02:42:04.438066Z  WARN tokio-runtime-worker ThreadId(272) fenrir::services::scheduler::service: db ping failed error=invalid input: db-shell service is disabled
2025-12-07T05:13:30.288672Z  WARN tokio-runtime-worker ThreadId(13) fenrir::services::scheduler::service: db ping failed error=invalid input: db-shell service is disabled
2025-12-07T07:30:37.572014Z  WARN tokio-runtime-worker ThreadId(13) fenrir::services::scheduler::service: db ping failed error=invalid input: db-shell service is disabled
2025-12-07T07:33:20.186091Z  WARN tokio-runtime-worker ThreadId(13) fenrir::services::scheduler::service: db ping failed error=invalid input: db-shell service is disabled
2025-12-07T07:35:20.191884Z  WARN tokio-runtime-worker ThreadId(272) fenrir::services::scheduler::service: db ping failed error=invalid input: db-shell service is disabled
2025-12-07T07:37:20.196988Z  WARN tokio-runtime-worker ThreadId(272) fenrir::services::scheduler::service: db ping failed error=invalid input: db-shell service is disabled
2025-12-07T07:39:20.206109Z  WARN tokio-runtime-worker ThreadId(302) fenrir::services::scheduler::service: db ping failed error=invalid input: db-shell service is disabled
2025-12-07T07:41:20.212404Z  WARN tokio-runtime-worker ThreadId(302) fenrir::services::scheduler::service: db ping failed error=invalid input: db-shell service is disabled
2025-12-07T07:43:20.220485Z  WARN tokio-runtime-worker ThreadId(272) fenrir::services::scheduler::service: db ping failed error=invalid input: db-shell service is disabled
2025-12-07T07:45:20.225793Z  WARN tokio-runtime-worker ThreadId(272) fenrir::services::scheduler::service: db ping failed error=invalid input: db-shell service is disabled
2025-12-07T07:47:20.230991Z  WARN tokio-runtime-worker ThreadId(302) fenrir::services::scheduler::service: db ping failed error=invalid input: db-shell service is disabled
2025-12-07T07:53:58.291330Z  WARN tokio-runtime-worker ThreadId(874) fenrir::infra::modules::storage: Skipping hidden module entry path=/Users/jfurocket/Documents/personal/modules/.fenrir-backups name=".fenrir-backups"
2025-12-07T07:53:58.292647Z  WARN tokio-runtime-worker ThreadId(874) fenrir::infra::modules::storage: Skipping hidden module entry path=/Users/jfurocket/Documents/personal/modules/.cache name=".cache"
2025-12-07T07:53:59.345134Z  WARN tokio-runtime-worker ThreadId(13) fenrir::infra::modules::storage: Skipping hidden module entry path=/Users/jfurocket/Documents/personal/modules/.fenrir-backups name=".fenrir-backups"
2025-12-07T07:53:59.660003Z  WARN tokio-runtime-worker ThreadId(272) fenrir::infra::modules::storage: Skipping hidden module entry path=/Users/jfurocket/Documents/personal/modules/.fenrir-backups name=".fenrir-backups"
2025-12-07T07:53:59.660422Z  WARN tokio-runtime-worker ThreadId(272) fenrir::infra::modules::storage: Skipping hidden module entry path=/Users/jfurocket/Documents/personal/modules/.cache name=".cache"
2025-12-07T07:54:00.267668Z  WARN tokio-runtime-worker ThreadId(272) fenrir::services::scheduler::service: db ping failed error=invalid input: db-shell service is disabled
2025-12-07T07:56:00.269827Z  WARN tokio-runtime-worker ThreadId(302) fenrir::services::scheduler::service: db ping failed error=invalid input: db-shell service is disabled
2025-12-07T07:58:00.272603Z  WARN tokio-runtime-worker ThreadId(272) fenrir::services::scheduler::service: db ping failed error=invalid input: db-shell service is disabled
2025-12-07T08:00:00.275537Z  WARN tokio-runtime-worker ThreadId(272) fenrir::services::scheduler::service: db ping failed error=invalid input: db-shell service is disabled
2025-12-07T08:02:00.277895Z  WARN tokio-runtime-worker ThreadId(272) fenrir::services::scheduler::service: db ping failed error=invalid input: db-shell service is disabled
2025-12-07T08:04:00.280446Z  WARN tokio-runtime-worker ThreadId(13) fenrir::services::scheduler::service: db ping failed error=invalid input: db-shell service is disabled
2025-12-07T08:06:00.283061Z  WARN tokio-runtime-worker ThreadId(272) fenrir::services::scheduler::service: db ping failed error=invalid input: db-shell service is disabled
2025-12-07T08:08:00.285861Z  WARN tokio-runtime-worker ThreadId(874) fenrir::services::scheduler::service: db ping failed error=invalid input: db-shell service is disabled
2025-12-07T08:10:00.288414Z  WARN tokio-runtime-worker ThreadId(13) fenrir::services::scheduler::service: db ping failed error=invalid input: db-shell service is disabled
2025-12-07T08:12:00.290272Z  WARN tokio-runtime-worker ThreadId(13) fenrir::services::scheduler::service: db ping failed error=invalid input: db-shell service is disabled
2025-12-07T08:14:00.291499Z  WARN tokio-runtime-worker ThreadId(13) fenrir::services::scheduler::service: db ping failed error=invalid input: db-shell service is disabled
2025-12-07T08:16:00.294755Z  WARN tokio-runtime-worker ThreadId(13) fenrir::services::scheduler::service: db ping failed error=invalid input: db-shell service is disabled
2025-12-07T08:18:00.297410Z  WARN tokio-runtime-worker ThreadId(272) fenrir::services::scheduler::service: db ping failed error=invalid input: db-shell service is disabled
2025-12-07T08:20:00.298818Z  WARN tokio-runtime-worker ThreadId(874) fenrir::services::scheduler::service: db ping failed error=invalid input: db-shell service is disabled
2025-12-07T08:22:00.300400Z  WARN tokio-runtime-worker ThreadId(13) fenrir::services::scheduler::service: db ping failed error=invalid input: db-shell service is disabled
2025-12-07T08:24:00.302492Z  WARN tokio-runtime-worker ThreadId(13) fenrir::services::scheduler::service: db ping failed error=invalid input: db-shell service is disabled
2025-12-07T08:26:00.293504Z  WARN tokio-runtime-worker ThreadId(302) fenrir::services::scheduler::service: db ping failed error=invalid input: db-shell service is disabled
2025-12-07T08:28:00.294694Z  WARN tokio-runtime-worker ThreadId(272) fenrir::services::scheduler::service: db ping failed error=invalid input: db-shell service is disabled
2025-12-07T08:30:00.296245Z  WARN tokio-runtime-worker ThreadId(272) fenrir::services::scheduler::service: db ping failed error=invalid input: db-shell service is disabled
2025-12-07T08:32:00.298389Z  WARN tokio-runtime-worker ThreadId(272) fenrir::services::scheduler::service: db ping failed error=invalid input: db-shell service is disabled
2025-12-07T08:34:00.300089Z  WARN tokio-runtime-worker ThreadId(302) fenrir::services::scheduler::service: db ping failed error=invalid input: db-shell service is disabled
2025-12-07T08:36:00.302545Z  WARN tokio-runtime-worker ThreadId(302) fenrir::services::scheduler::service: db ping failed error=invalid input: db-shell service is disabled
2025-12-07T08:38:00.304222Z  WARN tokio-runtime-worker ThreadId(272) fenrir::services::scheduler::service: db ping failed error=invalid input: db-shell service is disabled
2025-12-07T08:40:00.306232Z  WARN tokio-runtime-worker ThreadId(874) fenrir::services::scheduler::service: db ping failed error=invalid input: db-shell service is disabled
2025-12-07T08:42:00.308129Z  WARN tokio-runtime-worker ThreadId(13) fenrir::services::scheduler::service: db ping failed error=invalid input: db-shell service is disabled
2025-12-07T08:44:00.310479Z  WARN tokio-runtime-worker ThreadId(874) fenrir::services::scheduler::service: db ping failed error=invalid input: db-shell service is disabled
2025-12-07T08:46:00.312792Z  WARN tokio-runtime-worker ThreadId(302) fenrir::services::scheduler::service: db ping failed error=invalid input: db-shell service is disabled
2025-12-07T08:48:00.314467Z  WARN tokio-runtime-worker ThreadId(302) fenrir::services::scheduler::service: db ping failed error=invalid input: db-shell service is disabled
2025-12-07T08:50:00.316057Z  WARN tokio-runtime-worker ThreadId(874) fenrir::services::scheduler::service: db ping failed error=invalid input: db-shell service is disabled
2025-12-07T08:52:00.343911Z  WARN tokio-runtime-worker ThreadId(302) fenrir::services::scheduler::service: db ping failed error=invalid input: db-shell service is disabled
2025-12-07T08:54:00.346174Z  WARN tokio-runtime-worker ThreadId(272) fenrir::services::scheduler::service: db ping failed error=invalid input: db-shell service is disabled
2025-12-07T08:56:00.348764Z  WARN tokio-runtime-worker ThreadId(272) fenrir::services::scheduler::service: db ping failed error=invalid input: db-shell service is disabled
2025-12-07T08:58:00.351912Z  WARN tokio-runtime-worker ThreadId(13) fenrir::services::scheduler::service: db ping failed error=invalid input: db-shell service is disabled
2025-12-07T09:00:00.354057Z  WARN tokio-runtime-worker ThreadId(302) fenrir::services::scheduler::service: db ping failed error=invalid input: db-shell service is disabled
2025-12-07T09:02:00.356742Z  WARN tokio-runtime-worker ThreadId(874) fenrir::services::scheduler::service: db ping failed error=invalid input: db-shell service is disabled
2025-12-07T09:04:00.359890Z  WARN tokio-runtime-worker ThreadId(302) fenrir::services::scheduler::service: db ping failed error=invalid input: db-shell service is disabled
2025-12-07T09:06:00.362481Z  WARN tokio-runtime-worker ThreadId(13) fenrir::services::scheduler::service: db ping failed error=invalid input: db-shell service is disabled
2025-12-07T09:08:00.365303Z  WARN tokio-runtime-worker ThreadId(13) fenrir::services::scheduler::service: db ping failed error=invalid input: db-shell service is disabled
2025-12-07T09:10:00.368262Z  WARN tokio-runtime-worker ThreadId(272) fenrir::services::scheduler::service: db ping failed error=invalid input: db-shell service is disabled
2025-12-07T09:12:00.344717Z  WARN tokio-runtime-worker ThreadId(302) fenrir::services::scheduler::service: db ping failed error=invalid input: db-shell service is disabled
2025-12-07T09:29:51.938799Z  WARN tokio-runtime-worker ThreadId(272) fenrir::services::scheduler::service: db ping failed error=invalid input: db-shell service is disabled
2025-12-07T09:31:51.940282Z  WARN tokio-runtime-worker ThreadId(874) fenrir::services::scheduler::service: db ping failed error=invalid input: db-shell service is disabled
2025-12-07T09:33:51.941396Z  WARN tokio-runtime-worker ThreadId(13) fenrir::services::scheduler::service: db ping failed error=invalid input: db-shell service is disabled
2025-12-07T09:46:25.085275Z  WARN tokio-runtime-worker ThreadId(13) fenrir::services::scheduler::service: db ping failed error=invalid input: db-shell service is disabled
2025-12-07T09:48:25.087668Z  WARN tokio-runtime-worker ThreadId(272) fenrir::services::scheduler::service: db ping failed error=invalid input: db-shell service is disabled
2025-12-07T09:50:25.089084Z  WARN tokio-runtime-worker ThreadId(302) fenrir::services::scheduler::service: db ping failed error=invalid input: db-shell service is disabled
2025-12-07T09:52:25.091167Z  WARN tokio-runtime-worker ThreadId(874) fenrir::services::scheduler::service: db ping failed error=invalid input: db-shell service is disabled
2025-12-07T09:54:25.094223Z  WARN tokio-runtime-worker ThreadId(302) fenrir::services::scheduler::service: db ping failed error=invalid input: db-shell service is disabled
2025-12-07T09:56:25.096871Z  WARN tokio-runtime-worker ThreadId(272) fenrir::services::scheduler::service: db ping failed error=invalid input: db-shell service is disabled
2025-12-07T09:58:25.099621Z  WARN tokio-runtime-worker ThreadId(272) fenrir::services::scheduler::service: db ping failed error=invalid input: db-shell service is disabled
2025-12-07T10:00:25.101269Z  WARN tokio-runtime-worker ThreadId(874) fenrir::services::scheduler::service: db ping failed error=invalid input: db-shell service is disabled
2025-12-07T10:01:43.995515Z  WARN tokio-runtime-worker ThreadId(302) fenrir::infra::modules::storage: Skipping hidden module entry path=/Users/jfurocket/Documents/personal/modules/.fenrir-backups name=".fenrir-backups"
2025-12-07T10:01:43.997339Z  WARN tokio-runtime-worker ThreadId(302) fenrir::infra::modules::storage: Skipping hidden module entry path=/Users/jfurocket/Documents/personal/modules/.cache name=".cache"
2025-12-07T10:01:48.804809Z  WARN tokio-runtime-worker ThreadId(272) fenrir::infra::modules::storage: Skipping hidden module entry path=/Users/jfurocket/Documents/personal/modules/.fenrir-backups name=".fenrir-backups"
2025-12-07T10:01:48.805217Z  WARN tokio-runtime-worker ThreadId(272) fenrir::infra::modules::storage: Skipping hidden module entry path=/Users/jfurocket/Documents/personal/modules/.cache name=".cache"
2025-12-07T10:02:25.103006Z  WARN tokio-runtime-worker ThreadId(302) fenrir::services::scheduler::service: db ping failed error=invalid input: db-shell service is disabled
2025-12-07T10:04:25.107409Z  WARN tokio-runtime-worker ThreadId(302) fenrir::services::scheduler::service: db ping failed error=invalid input: db-shell service is disabled
2025-12-07T10:06:25.109125Z  WARN tokio-runtime-worker ThreadId(272) fenrir::services::scheduler::service: db ping failed error=invalid input: db-shell service is disabled
2025-12-07T10:08:25.112176Z  WARN tokio-runtime-worker ThreadId(272) fenrir::services::scheduler::service: db ping failed error=invalid input: db-shell service is disabled
2025-12-07T10:10:25.113860Z  WARN tokio-runtime-worker ThreadId(937) fenrir::services::scheduler::service: db ping failed error=invalid input: db-shell service is disabled
2025-12-07T10:12:25.117128Z  WARN tokio-runtime-worker ThreadId(937) fenrir::services::scheduler::service: db ping failed error=invalid input: db-shell service is disabled
2025-12-07T10:14:25.120839Z  WARN tokio-runtime-worker ThreadId(13) fenrir::services::scheduler::service: db ping failed error=invalid input: db-shell service is disabled
2025-12-07T10:16:25.122785Z  WARN tokio-runtime-worker ThreadId(272) fenrir::services::scheduler::service: db ping failed error=invalid input: db-shell service is disabled
2025-12-07T10:18:25.133877Z  WARN tokio-runtime-worker ThreadId(937) fenrir::services::scheduler::service: db ping failed error=invalid input: db-shell service is disabled
2025-12-07T10:20:25.135835Z  WARN tokio-runtime-worker ThreadId(937) fenrir::services::scheduler::service: db ping failed error=invalid input: db-shell service is disabled
2025-12-07T10:22:25.138739Z  WARN tokio-runtime-worker ThreadId(272) fenrir::services::scheduler::service: db ping failed error=invalid input: db-shell service is disabled
2025-12-07T10:24:25.140978Z  WARN tokio-runtime-worker ThreadId(937) fenrir::services::scheduler::service: db ping failed error=invalid input: db-shell service is disabled
2025-12-07T10:26:25.144415Z  WARN tokio-runtime-worker ThreadId(13) fenrir::services::scheduler::service: db ping failed error=invalid input: db-shell service is disabled
2025-12-07T10:55:02.621128Z  WARN tokio-runtime-worker ThreadId(937) fenrir::services::scheduler::service: db ping failed error=invalid input: db-shell service is disabled
2025-12-07T10:57:02.625791Z  WARN tokio-runtime-worker ThreadId(302) fenrir::services::scheduler::service: db ping failed error=invalid input: db-shell service is disabled
2025-12-07T10:59:02.629056Z  WARN tokio-runtime-worker ThreadId(302) fenrir::services::scheduler::service: db ping failed error=invalid input: db-shell service is disabled
2025-12-07T11:01:02.634280Z  WARN tokio-runtime-worker ThreadId(937) fenrir::services::scheduler::service: db ping failed error=invalid input: db-shell service is disabled
2025-12-07T11:03:02.637323Z  WARN tokio-runtime-worker ThreadId(302) fenrir::services::scheduler::service: db ping failed error=invalid input: db-shell service is disabled
2025-12-07T11:05:02.641048Z  WARN tokio-runtime-worker ThreadId(13) fenrir::services::scheduler::service: db ping failed error=invalid input: db-shell service is disabled
2025-12-07T11:07:02.644270Z  WARN tokio-runtime-worker ThreadId(13) fenrir::services::scheduler::service: db ping failed error=invalid input: db-shell service is disabled
2025-12-07T11:09:02.648056Z  WARN tokio-runtime-worker ThreadId(302) fenrir::services::scheduler::service: db ping failed error=invalid input: db-shell service is disabled
2025-12-07T11:11:02.650598Z  WARN tokio-runtime-worker ThreadId(13) fenrir::services::scheduler::service: db ping failed error=invalid input: db-shell service is disabled
2025-12-07T11:13:02.654469Z  WARN tokio-runtime-worker ThreadId(13) fenrir::services::scheduler::service: db ping failed error=invalid input: db-shell service is disabled
2025-12-07T11:15:02.657731Z  WARN tokio-runtime-worker ThreadId(13) fenrir::services::scheduler::service: db ping failed error=invalid input: db-shell service is disabled
2025-12-07T11:17:02.660176Z  WARN tokio-runtime-worker ThreadId(302) fenrir::services::scheduler::service: db ping failed error=invalid input: db-shell service is disabled
2025-12-07T11:19:02.663794Z  WARN tokio-runtime-worker ThreadId(302) fenrir::services::scheduler::service: db ping failed error=invalid input: db-shell service is disabled
2025-12-07T11:21:02.666774Z  WARN tokio-runtime-worker ThreadId(937) fenrir::services::scheduler::service: db ping failed error=invalid input: db-shell service is disabled
2025-12-07T11:23:02.671517Z  WARN tokio-runtime-worker ThreadId(13) fenrir::services::scheduler::service: db ping failed error=invalid input: db-shell service is disabled
2025-12-07T11:25:02.674600Z  WARN tokio-runtime-worker ThreadId(13) fenrir::services::scheduler::service: db ping failed error=invalid input: db-shell service is disabled
2025-12-07T11:27:02.678383Z  WARN tokio-runtime-worker ThreadId(272) fenrir::services::scheduler::service: db ping failed error=invalid input: db-shell service is disabled
2025-12-07T11:29:02.681726Z  WARN tokio-runtime-worker ThreadId(937) fenrir::services::scheduler::service: db ping failed error=invalid input: db-shell service is disabled
2025-12-07T11:31:02.684341Z  WARN tokio-runtime-worker ThreadId(272) fenrir::services::scheduler::service: db ping failed error=invalid input: db-shell service is disabled
2025-12-07T11:33:02.687061Z  WARN tokio-runtime-worker ThreadId(937) fenrir::services::scheduler::service: db ping failed error=invalid input: db-shell service is disabled
2025-12-07T11:35:02.690307Z  WARN tokio-runtime-worker ThreadId(302) fenrir::services::scheduler::service: db ping failed error=invalid input: db-shell service is disabled
2025-12-07T11:37:02.693120Z  WARN tokio-runtime-worker ThreadId(13) fenrir::services::scheduler::service: db ping failed error=invalid input: db-shell service is disabled
2025-12-07T11:39:02.695615Z  WARN tokio-runtime-worker ThreadId(272) fenrir::services::scheduler::service: db ping failed error=invalid input: db-shell service is disabled
2025-12-07T11:41:02.698691Z  WARN tokio-runtime-worker ThreadId(13) fenrir::services::scheduler::service: db ping failed error=invalid input: db-shell service is disabled
2025-12-07T11:43:02.702804Z  WARN tokio-runtime-worker ThreadId(13) fenrir::services::scheduler::service: db ping failed error=invalid input: db-shell service is disabled
2025-12-07T11:45:02.706410Z  WARN tokio-runtime-worker ThreadId(937) fenrir::services::scheduler::service: db ping failed error=invalid input: db-shell service is disabled
2025-12-07T11:47:02.708918Z  WARN tokio-runtime-worker ThreadId(302) fenrir::services::scheduler::service: db ping failed error=invalid input: db-shell service is disabled
2025-12-07T12:04:03.290798Z  WARN tokio-runtime-worker ThreadId(272) fenrir::services::scheduler::service: db ping failed error=invalid input: db-shell service is disabled
2025-12-07T12:51:06.451779Z  WARN tokio-runtime-worker ThreadId(272) fenrir::services::scheduler::service: db ping failed error=invalid input: db-shell service is disabled
2025-12-07T13:35:18.032299Z  WARN tokio-runtime-worker ThreadId(937) fenrir::services::scheduler::service: db ping failed error=invalid input: db-shell service is disabled
2025-12-07T14:00:57.786302Z  WARN tokio-runtime-worker ThreadId(272) fenrir::services::scheduler::service: db ping failed error=invalid input: db-shell service is disabled
2025-12-07T14:02:57.787090Z  WARN tokio-runtime-worker ThreadId(937) fenrir::services::scheduler::service: db ping failed error=invalid input: db-shell service is disabled
2025-12-07T14:04:57.787166Z  WARN tokio-runtime-worker ThreadId(302) fenrir::services::scheduler::service: db ping failed error=invalid input: db-shell service is disabled
2025-12-07T14:06:57.787524Z  WARN tokio-runtime-worker ThreadId(937) fenrir::services::scheduler::service: db ping failed error=invalid input: db-shell service is disabled
2025-12-07T14:08:57.795719Z  WARN tokio-runtime-worker ThreadId(272) fenrir::services::scheduler::service: db ping failed error=invalid input: db-shell service is disabled
2025-12-07T14:10:57.826906Z  WARN tokio-runtime-worker ThreadId(13) fenrir::services::scheduler::service: db ping failed error=invalid input: db-shell service is disabled
2025-12-07T14:12:57.827891Z  WARN tokio-runtime-worker ThreadId(302) fenrir::services::scheduler::service: db ping failed error=invalid input: db-shell service is disabled
2025-12-07T14:14:57.829811Z  WARN tokio-runtime-worker ThreadId(937) fenrir::services::scheduler::service: db ping failed error=invalid input: db-shell service is disabled
2025-12-07T14:16:57.830995Z  WARN tokio-runtime-worker ThreadId(272) fenrir::services::scheduler::service: db ping failed error=invalid input: db-shell service is disabled
2025-12-07T14:18:57.833154Z  WARN tokio-runtime-worker ThreadId(937) fenrir::services::scheduler::service: db ping failed error=invalid input: db-shell service is disabled
2025-12-07T14:20:57.834499Z  WARN tokio-runtime-worker ThreadId(302) fenrir::services::scheduler::service: db ping failed error=invalid input: db-shell service is disabled
2025-12-07T14:22:57.836377Z  WARN tokio-runtime-worker ThreadId(13) fenrir::services::scheduler::service: db ping failed error=invalid input: db-shell service is disabled
2025-12-07T14:24:57.837172Z  WARN tokio-runtime-worker ThreadId(302) fenrir::services::scheduler::service: db ping failed error=invalid input: db-shell service is disabled
2025-12-07T14:26:57.839284Z  WARN tokio-runtime-worker ThreadId(272) fenrir::services::scheduler::service: db ping failed error=invalid input: db-shell service is disabled
2025-12-07T14:28:57.841172Z  WARN tokio-runtime-worker ThreadId(937) fenrir::services::scheduler::service: db ping failed error=invalid input: db-shell service is disabled
2025-12-07T14:30:57.871688Z  WARN tokio-runtime-worker ThreadId(937) fenrir::services::scheduler::service: db ping failed error=invalid input: db-shell service is disabled
2025-12-07T14:32:57.873381Z  WARN tokio-runtime-worker ThreadId(302) fenrir::services::scheduler::service: db ping failed error=invalid input: db-shell service is disabled
2025-12-07T14:34:57.875272Z  WARN tokio-runtime-worker ThreadId(13) fenrir::services::scheduler::service: db ping failed error=invalid input: db-shell service is disabled
2025-12-07T14:36:57.880163Z  WARN tokio-runtime-worker ThreadId(272) fenrir::services::scheduler::service: db ping failed error=invalid input: db-shell service is disabled
2025-12-07T14:38:57.882574Z  WARN tokio-runtime-worker ThreadId(272) fenrir::services::scheduler::service: db ping failed error=invalid input: db-shell service is disabled
2025-12-07T14:40:57.884940Z  WARN tokio-runtime-worker ThreadId(302) fenrir::services::scheduler::service: db ping failed error=invalid input: db-shell service is disabled
2025-12-07T14:42:57.887406Z  WARN tokio-runtime-worker ThreadId(937) fenrir::services::scheduler::service: db ping failed error=invalid input: db-shell service is disabled
2025-12-07T14:44:57.889468Z  WARN tokio-runtime-worker ThreadId(13) fenrir::services::scheduler::service: db ping failed error=invalid input: db-shell service is disabled
2025-12-07T14:46:57.891647Z  WARN tokio-runtime-worker ThreadId(272) fenrir::services::scheduler::service: db ping failed error=invalid input: db-shell service is disabled
2025-12-07T14:48:57.895163Z  WARN tokio-runtime-worker ThreadId(937) fenrir::services::scheduler::service: db ping failed error=invalid input: db-shell service is disabled
2025-12-07T14:50:57.899232Z  WARN tokio-runtime-worker ThreadId(13) fenrir::services::scheduler::service: db ping failed error=invalid input: db-shell service is disabled
2025-12-07T14:52:57.892212Z  WARN tokio-runtime-worker ThreadId(302) fenrir::services::scheduler::service: db ping failed error=invalid input: db-shell service is disabled
2025-12-07T14:54:57.869610Z  WARN tokio-runtime-worker ThreadId(302) fenrir::services::scheduler::service: db ping failed error=invalid input: db-shell service is disabled
2025-12-07T14:56:57.869895Z  WARN tokio-runtime-worker ThreadId(272) fenrir::services::scheduler::service: db ping failed error=invalid input: db-shell service is disabled
2025-12-07T14:58:57.869859Z  WARN tokio-runtime-worker ThreadId(13) fenrir::services::scheduler::service: db ping failed error=invalid input: db-shell service is disabled
2025-12-07T15:00:57.872259Z  WARN tokio-runtime-worker ThreadId(272) fenrir::services::scheduler::service: db ping failed error=invalid input: db-shell service is disabled
2025-12-07T15:02:57.873767Z  WARN tokio-runtime-worker ThreadId(302) fenrir::services::scheduler::service: db ping failed error=invalid input: db-shell service is disabled
2025-12-07T15:04:57.875327Z  WARN tokio-runtime-worker ThreadId(272) fenrir::services::scheduler::service: db ping failed error=invalid input: db-shell service is disabled
2025-12-07T15:06:57.877145Z  WARN tokio-runtime-worker ThreadId(302) fenrir::services::scheduler::service: db ping failed error=invalid input: db-shell service is disabled
2025-12-07T15:08:57.877857Z  WARN tokio-runtime-worker ThreadId(272) fenrir::services::scheduler::service: db ping failed error=invalid input: db-shell service is disabled
2025-12-07T15:10:57.879414Z  WARN tokio-runtime-worker ThreadId(13) fenrir::services::scheduler::service: db ping failed error=invalid input: db-shell service is disabled
2025-12-07T15:12:57.880120Z  WARN tokio-runtime-worker ThreadId(272) fenrir::services::scheduler::service: db ping failed error=invalid input: db-shell service is disabled
2025-12-07T15:14:57.881893Z  WARN tokio-runtime-worker ThreadId(13) fenrir::services::scheduler::service: db ping failed error=invalid input: db-shell service is disabled
2025-12-07T15:16:57.890353Z  WARN tokio-runtime-worker ThreadId(302) fenrir::services::scheduler::service: db ping failed error=invalid input: db-shell service is disabled
2025-12-07T15:18:57.892183Z  WARN tokio-runtime-worker ThreadId(302) fenrir::services::scheduler::service: db ping failed error=invalid input: db-shell service is disabled
2025-12-07T15:20:57.894376Z  WARN tokio-runtime-worker ThreadId(937) fenrir::services::scheduler::service: db ping failed error=invalid input: db-shell service is disabled
2025-12-07T15:23:01.118137Z  WARN tokio-runtime-worker ThreadId(302) fenrir::services::scheduler::service: db ping failed error=invalid input: db-shell service is disabled
2025-12-07T16:07:36.291244Z  WARN tokio-runtime-worker ThreadId(937) fenrir::services::scheduler::service: db ping failed error=invalid input: db-shell service is disabled
2025-12-07T16:10:42.838792Z  WARN tokio-runtime-worker ThreadId(13) fenrir::infra::modules::storage: Skipping hidden module entry path=/Users/jfurocket/Documents/personal/modules/.fenrir-backups name=".fenrir-backups"
2025-12-07T16:10:42.841078Z  WARN tokio-runtime-worker ThreadId(13) fenrir::infra::modules::storage: Skipping hidden module entry path=/Users/jfurocket/Documents/personal/modules/.cache name=".cache"
2025-12-07T16:11:53.656858Z  WARN tokio-runtime-worker ThreadId(302) fenrir::services::scheduler::service: db ping failed error=invalid input: db-shell service is disabled
2025-12-07T16:13:53.656880Z  WARN tokio-runtime-worker ThreadId(302) fenrir::services::scheduler::service: db ping failed error=invalid input: db-shell service is disabled
2025-12-07T16:15:53.656882Z  WARN tokio-runtime-worker ThreadId(13) fenrir::services::scheduler::service: db ping failed error=invalid input: db-shell service is disabled
2025-12-07T16:17:53.657196Z  WARN tokio-runtime-worker ThreadId(272) fenrir::services::scheduler::service: db ping failed error=invalid input: db-shell service is disabled
2025-12-07T16:19:53.720153Z  WARN tokio-runtime-worker ThreadId(937) fenrir::services::scheduler::service: db ping failed error=invalid input: db-shell service is disabled
2025-12-07T16:21:53.721492Z  WARN tokio-runtime-worker ThreadId(302) fenrir::services::scheduler::service: db ping failed error=invalid input: db-shell service is disabled
2025-12-07T16:23:53.724858Z  WARN tokio-runtime-worker ThreadId(272) fenrir::services::scheduler::service: db ping failed error=invalid input: db-shell service is disabled
2025-12-07T16:25:53.727575Z  WARN tokio-runtime-worker ThreadId(272) fenrir::services::scheduler::service: db ping failed error=invalid input: db-shell service is disabled
2025-12-07T16:27:53.729317Z  WARN tokio-runtime-worker ThreadId(302) fenrir::services::scheduler::service: db ping failed error=invalid input: db-shell service is disabled
2025-12-07T16:29:53.730474Z  WARN tokio-runtime-worker ThreadId(13) fenrir::services::scheduler::service: db ping failed error=invalid input: db-shell service is disabled
2025-12-07T16:31:53.731690Z  WARN tokio-runtime-worker ThreadId(272) fenrir::services::scheduler::service: db ping failed error=invalid input: db-shell service is disabled
2025-12-07T16:33:53.732734Z  WARN tokio-runtime-worker ThreadId(937) fenrir::services::scheduler::service: db ping failed error=invalid input: db-shell service is disabled
2025-12-07T16:35:53.734870Z  WARN tokio-runtime-worker ThreadId(13) fenrir::services::scheduler::service: db ping failed error=invalid input: db-shell service is disabled
2025-12-07T16:37:53.736463Z  WARN tokio-runtime-worker ThreadId(937) fenrir::services::scheduler::service: db ping failed error=invalid input: db-shell service is disabled
2025-12-07T16:39:53.739026Z  WARN tokio-runtime-worker ThreadId(302) fenrir::services::scheduler::service: db ping failed error=invalid input: db-shell service is disabled
2025-12-07T16:41:53.783345Z  WARN tokio-runtime-worker ThreadId(13) fenrir::services::scheduler::service: db ping failed error=invalid input: db-shell service is disabled
2025-12-07T16:54:17.754022Z  WARN tokio-runtime-worker ThreadId(272) fenrir::services::scheduler::service: db ping failed error=invalid input: db-shell service is disabled
2025-12-07T16:56:17.757894Z  WARN tokio-runtime-worker ThreadId(937) fenrir::services::scheduler::service: db ping failed error=invalid input: db-shell service is disabled
2025-12-07T16:58:17.761932Z  WARN tokio-runtime-worker ThreadId(937) fenrir::services::scheduler::service: db ping failed error=invalid input: db-shell service is disabled
2025-12-07T17:00:17.766046Z  WARN tokio-runtime-worker ThreadId(302) fenrir::services::scheduler::service: db ping failed error=invalid input: db-shell service is disabled
2025-12-07T17:02:17.769967Z  WARN tokio-runtime-worker ThreadId(302) fenrir::services::scheduler::service: db ping failed error=invalid input: db-shell service is disabled
2025-12-07T17:04:17.773697Z  WARN tokio-runtime-worker ThreadId(302) fenrir::services::scheduler::service: db ping failed error=invalid input: db-shell service is disabled
2025-12-07T17:06:17.777981Z  WARN tokio-runtime-worker ThreadId(13) fenrir::services::scheduler::service: db ping failed error=invalid input: db-shell service is disabled
2025-12-07T17:08:17.781715Z  WARN tokio-runtime-worker ThreadId(13) fenrir::services::scheduler::service: db ping failed error=invalid input: db-shell service is disabled
2025-12-07T17:10:17.785766Z  WARN tokio-runtime-worker ThreadId(13) fenrir::services::scheduler::service: db ping failed error=invalid input: db-shell service is disabled
2025-12-07T17:12:17.789338Z  WARN tokio-runtime-worker ThreadId(302) fenrir::services::scheduler::service: db ping failed error=invalid input: db-shell service is disabled
2025-12-07T17:14:17.794316Z  WARN tokio-runtime-worker ThreadId(937) fenrir::services::scheduler::service: db ping failed error=invalid input: db-shell service is disabled
2025-12-07T17:16:17.798773Z  WARN tokio-runtime-worker ThreadId(937) fenrir::services::scheduler::service: db ping failed error=invalid input: db-shell service is disabled
2025-12-07T17:18:17.801717Z  WARN tokio-runtime-worker ThreadId(272) fenrir::services::scheduler::service: db ping failed error=invalid input: db-shell service is disabled
2025-12-07T17:20:17.804862Z  WARN tokio-runtime-worker ThreadId(13) fenrir::services::scheduler::service: db ping failed error=invalid input: db-shell service is disabled
2025-12-07T17:22:17.809749Z  WARN tokio-runtime-worker ThreadId(272) fenrir::services::scheduler::service: db ping failed error=invalid input: db-shell service is disabled
2025-12-07T17:24:17.813012Z  WARN tokio-runtime-worker ThreadId(13) fenrir::services::scheduler::service: db ping failed error=invalid input: db-shell service is disabled
2025-12-07T17:26:17.817540Z  WARN tokio-runtime-worker ThreadId(302) fenrir::services::scheduler::service: db ping failed error=invalid input: db-shell service is disabled
2025-12-07T17:28:17.819768Z  WARN tokio-runtime-worker ThreadId(937) fenrir::services::scheduler::service: db ping failed error=invalid input: db-shell service is disabled
2025-12-07T17:30:17.844270Z  WARN tokio-runtime-worker ThreadId(937) fenrir::services::scheduler::service: db ping failed error=invalid input: db-shell service is disabled
2025-12-07T17:32:17.847584Z  WARN tokio-runtime-worker ThreadId(13) fenrir::services::scheduler::service: db ping failed error=invalid input: db-shell service is disabled
2025-12-07T17:34:17.851114Z  WARN tokio-runtime-worker ThreadId(272) fenrir::services::scheduler::service: db ping failed error=invalid input: db-shell service is disabled
2025-12-07T17:36:17.854216Z  WARN tokio-runtime-worker ThreadId(937) fenrir::services::scheduler::service: db ping failed error=invalid input: db-shell service is disabled
2025-12-07T17:38:17.858173Z  WARN tokio-runtime-worker ThreadId(302) fenrir::services::scheduler::service: db ping failed error=invalid input: db-shell service is disabled
2025-12-07T17:40:17.862178Z  WARN tokio-runtime-worker ThreadId(302) fenrir::services::scheduler::service: db ping failed error=invalid input: db-shell service is disabled
2025-12-07T17:42:17.865367Z  WARN tokio-runtime-worker ThreadId(937) fenrir::services::scheduler::service: db ping failed error=invalid input: db-shell service is disabled
2025-12-07T17:44:17.869025Z  WARN tokio-runtime-worker ThreadId(272) fenrir::services::scheduler::service: db ping failed error=invalid input: db-shell service is disabled
2025-12-07T17:46:17.872423Z  WARN tokio-runtime-worker ThreadId(302) fenrir::services::scheduler::service: db ping failed error=invalid input: db-shell service is disabled
2025-12-07T17:48:17.876206Z  WARN tokio-runtime-worker ThreadId(272) fenrir::services::scheduler::service: db ping failed error=invalid input: db-shell service is disabled
2025-12-07T17:50:17.880242Z  WARN tokio-runtime-worker ThreadId(272) fenrir::services::scheduler::service: db ping failed error=invalid input: db-shell service is disabled
2025-12-07T17:52:17.884646Z  WARN tokio-runtime-worker ThreadId(13) fenrir::services::scheduler::service: db ping failed error=invalid input: db-shell service is disabled
2025-12-07T17:54:17.887995Z  WARN tokio-runtime-worker ThreadId(13) fenrir::services::scheduler::service: db ping failed error=invalid input: db-shell service is disabled
2025-12-07T17:56:17.892512Z  WARN tokio-runtime-worker ThreadId(937) fenrir::services::scheduler::service: db ping failed error=invalid input: db-shell service is disabled
2025-12-07T17:58:17.898126Z  WARN tokio-runtime-worker ThreadId(302) fenrir::services::scheduler::service: db ping failed error=invalid input: db-shell service is disabled
2025-12-07T18:00:17.902830Z  WARN tokio-runtime-worker ThreadId(272) fenrir::services::scheduler::service: db ping failed error=invalid input: db-shell service is disabled
2025-12-07T18:02:17.852806Z  WARN tokio-runtime-worker ThreadId(302) fenrir::services::scheduler::service: db ping failed error=invalid input: db-shell service is disabled
2025-12-07T18:04:17.854619Z  WARN tokio-runtime-worker ThreadId(272) fenrir::services::scheduler::service: db ping failed error=invalid input: db-shell service is disabled
2025-12-07T18:06:17.857704Z  WARN tokio-runtime-worker ThreadId(302) fenrir::services::scheduler::service: db ping failed error=invalid input: db-shell service is disabled
2025-12-07T18:08:17.860845Z  WARN tokio-runtime-worker ThreadId(937) fenrir::services::scheduler::service: db ping failed error=invalid input: db-shell service is disabled
2025-12-07T18:10:17.862678Z  WARN tokio-runtime-worker ThreadId(272) fenrir::services::scheduler::service: db ping failed error=invalid input: db-shell service is disabled
2025-12-07T18:12:17.865328Z  WARN tokio-runtime-worker ThreadId(937) fenrir::services::scheduler::service: db ping failed error=invalid input: db-shell service is disabled
2025-12-07T18:14:17.868154Z  WARN tokio-runtime-worker ThreadId(272) fenrir::services::scheduler::service: db ping failed error=invalid input: db-shell service is disabled
2025-12-07T18:16:17.870029Z  WARN tokio-runtime-worker ThreadId(302) fenrir::services::scheduler::service: db ping failed error=invalid input: db-shell service is disabled
2025-12-07T18:18:17.872506Z  WARN tokio-runtime-worker ThreadId(272) fenrir::services::scheduler::service: db ping failed error=invalid input: db-shell service is disabled
2025-12-07T18:20:17.875129Z  WARN tokio-runtime-worker ThreadId(13) fenrir::services::scheduler::service: db ping failed error=invalid input: db-shell service is disabled
2025-12-07T18:22:17.878448Z  WARN tokio-runtime-worker ThreadId(937) fenrir::services::scheduler::service: db ping failed error=invalid input: db-shell service is disabled
2025-12-07T18:24:17.881870Z  WARN tokio-runtime-worker ThreadId(937) fenrir::services::scheduler::service: db ping failed error=invalid input: db-shell service is disabled
2025-12-07T18:26:17.885020Z  WARN tokio-runtime-worker ThreadId(302) fenrir::services::scheduler::service: db ping failed error=invalid input: db-shell service is disabled
2025-12-07T18:28:17.886974Z  WARN tokio-runtime-worker ThreadId(302) fenrir::services::scheduler::service: db ping failed error=invalid input: db-shell service is disabled
2025-12-07T18:30:17.889488Z  WARN tokio-runtime-worker ThreadId(302) fenrir::services::scheduler::service: db ping failed error=invalid input: db-shell service is disabled
2025-12-07T18:32:17.890543Z  WARN tokio-runtime-worker ThreadId(302) fenrir::services::scheduler::service: db ping failed error=invalid input: db-shell service is disabled
2025-12-07T18:34:17.892859Z  WARN tokio-runtime-worker ThreadId(302) fenrir::services::scheduler::service: db ping failed error=invalid input: db-shell service is disabled
2025-12-07T18:36:17.896460Z  WARN tokio-runtime-worker ThreadId(13) fenrir::services::scheduler::service: db ping failed error=invalid input: db-shell service is disabled
2025-12-07T18:38:17.899221Z  WARN tokio-runtime-worker ThreadId(272) fenrir::services::scheduler::service: db ping failed error=invalid input: db-shell service is disabled
2025-12-07T18:40:17.928884Z  WARN tokio-runtime-worker ThreadId(13) fenrir::services::scheduler::service: db ping failed error=invalid input: db-shell service is disabled
2025-12-07T18:42:17.933287Z  WARN tokio-runtime-worker ThreadId(272) fenrir::services::scheduler::service: db ping failed error=invalid input: db-shell service is disabled
2025-12-07T18:44:17.936415Z  WARN tokio-runtime-worker ThreadId(272) fenrir::services::scheduler::service: db ping failed error=invalid input: db-shell service is disabled
2025-12-07T18:46:17.940784Z  WARN tokio-runtime-worker ThreadId(937) fenrir::services::scheduler::service: db ping failed error=invalid input: db-shell service is disabled
2025-12-07T18:48:17.945331Z  WARN tokio-runtime-worker ThreadId(13) fenrir::services::scheduler::service: db ping failed error=invalid input: db-shell service is disabled
2025-12-07T18:50:17.947283Z  WARN tokio-runtime-worker ThreadId(302) fenrir::services::scheduler::service: db ping failed error=invalid input: db-shell service is disabled
2025-12-07T18:52:17.949309Z  WARN tokio-runtime-worker ThreadId(937) fenrir::services::scheduler::service: db ping failed error=invalid input: db-shell service is disabled
2025-12-07T18:54:17.951804Z  WARN tokio-runtime-worker ThreadId(13) fenrir::services::scheduler::service: db ping failed error=invalid input: db-shell service is disabled
2025-12-07T18:56:17.954890Z  WARN tokio-runtime-worker ThreadId(937) fenrir::services::scheduler::service: db ping failed error=invalid input: db-shell service is disabled
2025-12-07T18:58:17.957750Z  WARN tokio-runtime-worker ThreadId(272) fenrir::services::scheduler::service: db ping failed error=invalid input: db-shell service is disabled
2025-12-07T19:00:17.958866Z  WARN tokio-runtime-worker ThreadId(937) fenrir::services::scheduler::service: db ping failed error=invalid input: db-shell service is disabled
2025-12-07T19:02:17.920255Z  WARN tokio-runtime-worker ThreadId(272) fenrir::services::scheduler::service: db ping failed error=invalid input: db-shell service is disabled
2025-12-07T19:04:17.922470Z  WARN tokio-runtime-worker ThreadId(13) fenrir::services::scheduler::service: db ping failed error=invalid input: db-shell service is disabled
2025-12-07T19:06:17.924108Z  WARN tokio-runtime-worker ThreadId(13) fenrir::services::scheduler::service: db ping failed error=invalid input: db-shell service is disabled
2025-12-07T19:08:17.925419Z  WARN tokio-runtime-worker ThreadId(272) fenrir::services::scheduler::service: db ping failed error=invalid input: db-shell service is disabled
2025-12-07T19:10:17.927254Z  WARN tokio-runtime-worker ThreadId(937) fenrir::services::scheduler::service: db ping failed error=invalid input: db-shell service is disabled
2025-12-07T19:12:17.929403Z  WARN tokio-runtime-worker ThreadId(13) fenrir::services::scheduler::service: db ping failed error=invalid input: db-shell service is disabled
2025-12-07T19:14:17.930642Z  WARN tokio-runtime-worker ThreadId(937) fenrir::services::scheduler::service: db ping failed error=invalid input: db-shell service is disabled
2025-12-07T19:16:17.932480Z  WARN tokio-runtime-worker ThreadId(13) fenrir::services::scheduler::service: db ping failed error=invalid input: db-shell service is disabled
2025-12-07T19:18:17.934905Z  WARN tokio-runtime-worker ThreadId(13) fenrir::services::scheduler::service: db ping failed error=invalid input: db-shell service is disabled
2025-12-07T19:20:17.937252Z  WARN tokio-runtime-worker ThreadId(302) fenrir::services::scheduler::service: db ping failed error=invalid input: db-shell service is disabled
2025-12-07T19:22:17.937957Z  WARN tokio-runtime-worker ThreadId(937) fenrir::services::scheduler::service: db ping failed error=invalid input: db-shell service is disabled
2025-12-07T19:24:17.939988Z  WARN tokio-runtime-worker ThreadId(937) fenrir::services::scheduler::service: db ping failed error=invalid input: db-shell service is disabled
2025-12-07T19:26:17.965038Z  WARN tokio-runtime-worker ThreadId(937) fenrir::services::scheduler::service: db ping failed error=invalid input: db-shell service is disabled
2025-12-07T19:28:17.966797Z  WARN tokio-runtime-worker ThreadId(13) fenrir::services::scheduler::service: db ping failed error=invalid input: db-shell service is disabled
2025-12-07T19:30:17.970144Z  WARN tokio-runtime-worker ThreadId(13) fenrir::services::scheduler::service: db ping failed error=invalid input: db-shell service is disabled
2025-12-07T19:32:17.973290Z  WARN tokio-runtime-worker ThreadId(13) fenrir::services::scheduler::service: db ping failed error=invalid input: db-shell service is disabled
2025-12-07T19:34:17.976942Z  WARN tokio-runtime-worker ThreadId(302) fenrir::services::scheduler::service: db ping failed error=invalid input: db-shell service is disabled
2025-12-07T19:36:17.978769Z  WARN tokio-runtime-worker ThreadId(937) fenrir::services::scheduler::service: db ping failed error=invalid input: db-shell service is disabled
2025-12-07T19:38:17.982053Z  WARN tokio-runtime-worker ThreadId(272) fenrir::services::scheduler::service: db ping failed error=invalid input: db-shell service is disabled
2025-12-07T19:40:17.985356Z  WARN tokio-runtime-worker ThreadId(937) fenrir::services::scheduler::service: db ping failed error=invalid input: db-shell service is disabled
2025-12-07T19:42:17.988307Z  WARN tokio-runtime-worker ThreadId(272) fenrir::services::scheduler::service: db ping failed error=invalid input: db-shell service is disabled
2025-12-07T19:44:17.991529Z  WARN tokio-runtime-worker ThreadId(13) fenrir::services::scheduler::service: db ping failed error=invalid input: db-shell service is disabled
2025-12-07T19:46:17.993327Z  WARN tokio-runtime-worker ThreadId(13) fenrir::services::scheduler::service: db ping failed error=invalid input: db-shell service is disabled
2025-12-07T19:48:17.995937Z  WARN tokio-runtime-worker ThreadId(272) fenrir::services::scheduler::service: db ping failed error=invalid input: db-shell service is disabled
2025-12-07T19:50:17.998077Z  WARN tokio-runtime-worker ThreadId(302) fenrir::services::scheduler::service: db ping failed error=invalid input: db-shell service is disabled
2025-12-07T19:52:18.000348Z  WARN tokio-runtime-worker ThreadId(302) fenrir::services::scheduler::service: db ping failed error=invalid input: db-shell service is disabled
2025-12-07T19:54:18.002774Z  WARN tokio-runtime-worker ThreadId(13) fenrir::services::scheduler::service: db ping failed error=invalid input: db-shell service is disabled
2025-12-07T19:56:18.004324Z  WARN tokio-runtime-worker ThreadId(302) fenrir::services::scheduler::service: db ping failed error=invalid input: db-shell service is disabled
2025-12-07T19:58:18.006289Z  WARN tokio-runtime-worker ThreadId(272) fenrir::services::scheduler::service: db ping failed error=invalid input: db-shell service is disabled
2025-12-07T20:00:18.008849Z  WARN tokio-runtime-worker ThreadId(272) fenrir::services::scheduler::service: db ping failed error=invalid input: db-shell service is disabled
2025-12-07T20:02:18.011407Z  WARN tokio-runtime-worker ThreadId(272) fenrir::services::scheduler::service: db ping failed error=invalid input: db-shell service is disabled
2025-12-07T20:04:18.014036Z  WARN tokio-runtime-worker ThreadId(302) fenrir::services::scheduler::service: db ping failed error=invalid input: db-shell service is disabled
2025-12-07T20:06:18.018115Z  WARN tokio-runtime-worker ThreadId(272) fenrir::services::scheduler::service: db ping failed error=invalid input: db-shell service is disabled
2025-12-07T20:08:18.019838Z  WARN tokio-runtime-worker ThreadId(302) fenrir::services::scheduler::service: db ping failed error=invalid input: db-shell service is disabled
2025-12-07T20:10:18.023342Z  WARN tokio-runtime-worker ThreadId(13) fenrir::services::scheduler::service: db ping failed error=invalid input: db-shell service is disabled
2025-12-07T20:12:18.004423Z  WARN tokio-runtime-worker ThreadId(272) fenrir::services::scheduler::service: db ping failed error=invalid input: db-shell service is disabled
2025-12-07T20:14:18.006175Z  WARN tokio-runtime-worker ThreadId(272) fenrir::services::scheduler::service: db ping failed error=invalid input: db-shell service is disabled
2025-12-07T20:16:18.007809Z  WARN tokio-runtime-worker ThreadId(937) fenrir::services::scheduler::service: db ping failed error=invalid input: db-shell service is disabled
2025-12-07T20:18:18.009057Z  WARN tokio-runtime-worker ThreadId(937) fenrir::services::scheduler::service: db ping failed error=invalid input: db-shell service is disabled
2025-12-07T20:20:18.010356Z  WARN tokio-runtime-worker ThreadId(937) fenrir::services::scheduler::service: db ping failed error=invalid input: db-shell service is disabled
2025-12-07T20:22:18.010931Z  WARN tokio-runtime-worker ThreadId(13) fenrir::services::scheduler::service: db ping failed error=invalid input: db-shell service is disabled
2025-12-07T20:24:18.012453Z  WARN tokio-runtime-worker ThreadId(272) fenrir::services::scheduler::service: db ping failed error=invalid input: db-shell service is disabled
2025-12-07T20:26:18.013706Z  WARN tokio-runtime-worker ThreadId(937) fenrir::services::scheduler::service: db ping failed error=invalid input: db-shell service is disabled
2025-12-07T20:28:18.015793Z  WARN tokio-runtime-worker ThreadId(13) fenrir::services::scheduler::service: db ping failed error=invalid input: db-shell service is disabled
2025-12-07T20:30:18.016699Z  WARN tokio-runtime-worker ThreadId(272) fenrir::services::scheduler::service: db ping failed error=invalid input: db-shell service is disabled
2025-12-07T20:32:18.018297Z  WARN tokio-runtime-worker ThreadId(272) fenrir::services::scheduler::service: db ping failed error=invalid input: db-shell service is disabled
2025-12-07T20:34:18.028816Z  WARN tokio-runtime-worker ThreadId(937) fenrir::services::scheduler::service: db ping failed error=invalid input: db-shell service is disabled
2025-12-07T20:36:18.030563Z  WARN tokio-runtime-worker ThreadId(302) fenrir::services::scheduler::service: db ping failed error=invalid input: db-shell service is disabled
2025-12-07T20:38:18.033070Z  WARN tokio-runtime-worker ThreadId(937) fenrir::services::scheduler::service: db ping failed error=invalid input: db-shell service is disabled
2025-12-07T20:40:18.034649Z  WARN tokio-runtime-worker ThreadId(302) fenrir::services::scheduler::service: db ping failed error=invalid input: db-shell service is disabled
2025-12-07T20:42:18.036879Z  WARN tokio-runtime-worker ThreadId(13) fenrir::services::scheduler::service: db ping failed error=invalid input: db-shell service is disabled
2025-12-07T20:44:18.038161Z  WARN tokio-runtime-worker ThreadId(937) fenrir::services::scheduler::service: db ping failed error=invalid input: db-shell service is disabled
2025-12-07T20:46:18.040288Z  WARN tokio-runtime-worker ThreadId(13) fenrir::services::scheduler::service: db ping failed error=invalid input: db-shell service is disabled
2025-12-07T20:48:18.042644Z  WARN tokio-runtime-worker ThreadId(302) fenrir::services::scheduler::service: db ping failed error=invalid input: db-shell service is disabled
2025-12-07T20:50:18.046294Z  WARN tokio-runtime-worker ThreadId(272) fenrir::services::scheduler::service: db ping failed error=invalid input: db-shell service is disabled
2025-12-07T21:07:18.901618Z  WARN tokio-runtime-worker ThreadId(272) fenrir::services::scheduler::service: db ping failed error=invalid input: db-shell service is disabled
2025-12-07T22:09:20.726221Z  WARN tokio-runtime-worker ThreadId(302) fenrir::services::scheduler::service: db ping failed error=invalid input: db-shell service is disabled
2025-12-07T23:08:21.162137Z  WARN tokio-runtime-worker ThreadId(302) fenrir::services::scheduler::service: db ping failed error=invalid input: db-shell service is disabled
2025-12-08T00:09:20.961017Z  WARN tokio-runtime-worker ThreadId(13) fenrir::services::scheduler::service: db ping failed error=invalid input: db-shell service is disabled
2025-12-08T01:43:04.618088Z  WARN tokio-runtime-worker ThreadId(272) fenrir::services::scheduler::service: db ping failed error=invalid input: db-shell service is disabled
2025-12-08T02:30:51.830844Z  WARN tokio-runtime-worker ThreadId(272) fenrir::services::scheduler::service: db ping failed error=invalid input: db-shell service is disabled
2025-12-08T03:32:55.490180Z  WARN tokio-runtime-worker ThreadId(13) fenrir::services::scheduler::service: db ping failed error=invalid input: db-shell service is disabled
2025-12-08T04:34:38.387405Z  WARN tokio-runtime-worker ThreadId(13) fenrir::services::scheduler::service: db ping failed error=invalid input: db-shell service is disabled
2025-12-08T05:49:04.362187Z  WARN tokio-runtime-worker ThreadId(13) fenrir::services::scheduler::service: db ping failed error=invalid input: db-shell service is disabled
2025-12-08T07:05:22.600059Z  WARN tokio-runtime-worker ThreadId(937) fenrir::services::scheduler::service: db ping failed error=invalid input: db-shell service is disabled
2025-12-08T07:44:25.067830Z  WARN tokio-runtime-worker ThreadId(272) fenrir::services::scheduler::service: db ping failed error=invalid input: db-shell service is disabled
2025-12-08T07:46:25.068688Z  WARN tokio-runtime-worker ThreadId(937) fenrir::services::scheduler::service: db ping failed error=invalid input: db-shell service is disabled
2025-12-08T07:48:25.069660Z  WARN tokio-runtime-worker ThreadId(272) fenrir::services::scheduler::service: db ping failed error=invalid input: db-shell service is disabled
2025-12-08T07:50:25.070937Z  WARN tokio-runtime-worker ThreadId(302) fenrir::services::scheduler::service: db ping failed error=invalid input: db-shell service is disabled
2025-12-08T07:52:25.072417Z  WARN tokio-runtime-worker ThreadId(13) fenrir::services::scheduler::service: db ping failed error=invalid input: db-shell service is disabled
2025-12-08T07:54:25.074606Z  WARN tokio-runtime-worker ThreadId(302) fenrir::services::scheduler::service: db ping failed error=invalid input: db-shell service is disabled
2025-12-08T07:56:25.075734Z  WARN tokio-runtime-worker ThreadId(13) fenrir::services::scheduler::service: db ping failed error=invalid input: db-shell service is disabled
2025-12-08T07:58:25.078540Z  WARN tokio-runtime-worker ThreadId(272) fenrir::services::scheduler::service: db ping failed error=invalid input: db-shell service is disabled
2025-12-08T08:00:25.080834Z  WARN tokio-runtime-worker ThreadId(13) fenrir::services::scheduler::service: db ping failed error=invalid input: db-shell service is disabled
2025-12-08T08:02:25.082790Z  WARN tokio-runtime-worker ThreadId(272) fenrir::services::scheduler::service: db ping failed error=invalid input: db-shell service is disabled
2025-12-08T08:12:18.361392Z  WARN tokio-runtime-worker ThreadId(302) fenrir::services::scheduler::service: db ping failed error=invalid input: db-shell service is disabled
2025-12-08T08:14:18.362847Z  WARN tokio-runtime-worker ThreadId(302) fenrir::services::scheduler::service: db ping failed error=invalid input: db-shell service is disabled
2025-12-08T08:16:18.364169Z  WARN tokio-runtime-worker ThreadId(302) fenrir::services::scheduler::service: db ping failed error=invalid input: db-shell service is disabled
2025-12-08T08:18:18.365726Z  WARN tokio-runtime-worker ThreadId(302) fenrir::services::scheduler::service: db ping failed error=invalid input: db-shell service is disabled
2025-12-08T08:20:18.368063Z  WARN tokio-runtime-worker ThreadId(302) fenrir::services::scheduler::service: db ping failed error=invalid input: db-shell service is disabled
2025-12-08T08:22:18.369741Z  WARN tokio-runtime-worker ThreadId(937) fenrir::services::scheduler::service: db ping failed error=invalid input: db-shell service is disabled
2025-12-08T08:24:18.371911Z  WARN tokio-runtime-worker ThreadId(13) fenrir::services::scheduler::service: db ping failed error=invalid input: db-shell service is disabled
2025-12-08T08:26:18.373401Z  WARN tokio-runtime-worker ThreadId(937) fenrir::services::scheduler::service: db ping failed error=invalid input: db-shell service is disabled
2025-12-08T08:28:18.374492Z  WARN tokio-runtime-worker ThreadId(937) fenrir::services::scheduler::service: db ping failed error=invalid input: db-shell service is disabled
2025-12-08T08:30:18.376079Z  WARN tokio-runtime-worker ThreadId(302) fenrir::services::scheduler::service: db ping failed error=invalid input: db-shell service is disabled
2025-12-08T08:32:18.377662Z  WARN tokio-runtime-worker ThreadId(13) fenrir::services::scheduler::service: db ping failed error=invalid input: db-shell service is disabled
2025-12-08T08:34:18.380662Z  WARN tokio-runtime-worker ThreadId(272) fenrir::services::scheduler::service: db ping failed error=invalid input: db-shell service is disabled
2025-12-08T08:36:18.382306Z  WARN tokio-runtime-worker ThreadId(937) fenrir::services::scheduler::service: db ping failed error=invalid input: db-shell service is disabled
2025-12-08T08:38:18.383098Z  WARN tokio-runtime-worker ThreadId(272) fenrir::services::scheduler::service: db ping failed error=invalid input: db-shell service is disabled
2025-12-08T09:01:22.557233Z  WARN tokio-runtime-worker ThreadId(302) fenrir::services::scheduler::service: db ping failed error=invalid input: db-shell service is disabled
2025-12-08T09:09:09.290644Z  WARN tokio-runtime-worker ThreadId(13) fenrir::services::scheduler::service: db ping failed error=invalid input: db-shell service is disabled
2025-12-08T09:11:09.293755Z  WARN tokio-runtime-worker ThreadId(302) fenrir::services::scheduler::service: db ping failed error=invalid input: db-shell service is disabled
2025-12-08T09:13:09.295918Z  WARN tokio-runtime-worker ThreadId(302) fenrir::services::scheduler::service: db ping failed error=invalid input: db-shell service is disabled
2025-12-08T09:15:09.299235Z  WARN tokio-runtime-worker ThreadId(13) fenrir::services::scheduler::service: db ping failed error=invalid input: db-shell service is disabled
2025-12-08T09:17:09.302306Z  WARN tokio-runtime-worker ThreadId(302) fenrir::services::scheduler::service: db ping failed error=invalid input: db-shell service is disabled
2025-12-08T09:19:09.304088Z  WARN tokio-runtime-worker ThreadId(13) fenrir::services::scheduler::service: db ping failed error=invalid input: db-shell service is disabled
2025-12-08T09:21:09.306112Z  WARN tokio-runtime-worker ThreadId(272) fenrir::services::scheduler::service: db ping failed error=invalid input: db-shell service is disabled
2025-12-08T09:23:09.308255Z  WARN tokio-runtime-worker ThreadId(272) fenrir::services::scheduler::service: db ping failed error=invalid input: db-shell service is disabled
2025-12-08T09:25:09.310929Z  WARN tokio-runtime-worker ThreadId(272) fenrir::services::scheduler::service: db ping failed error=invalid input: db-shell service is disabled
2025-12-08T09:27:09.312969Z  WARN tokio-runtime-worker ThreadId(937) fenrir::services::scheduler::service: db ping failed error=invalid input: db-shell service is disabled
2025-12-08T09:29:09.315741Z  WARN tokio-runtime-worker ThreadId(302) fenrir::services::scheduler::service: db ping failed error=invalid input: db-shell service is disabled
2025-12-08T09:31:09.318214Z  WARN tokio-runtime-worker ThreadId(937) fenrir::services::scheduler::service: db ping failed error=invalid input: db-shell service is disabled
2025-12-08T09:33:09.322672Z  WARN tokio-runtime-worker ThreadId(937) fenrir::services::scheduler::service: db ping failed error=invalid input: db-shell service is disabled
2025-12-08T09:35:09.326077Z  WARN tokio-runtime-worker ThreadId(302) fenrir::services::scheduler::service: db ping failed error=invalid input: db-shell service is disabled
2025-12-08T09:37:09.330332Z  WARN tokio-runtime-worker ThreadId(272) fenrir::services::scheduler::service: db ping failed error=invalid input: db-shell service is disabled
2025-12-08T09:39:09.334057Z  WARN tokio-runtime-worker ThreadId(272) fenrir::services::scheduler::service: db ping failed error=invalid input: db-shell service is disabled
2025-12-08T09:41:09.336717Z  WARN tokio-runtime-worker ThreadId(272) fenrir::services::scheduler::service: db ping failed error=invalid input: db-shell service is disabled
2025-12-08T09:43:09.340695Z  WARN tokio-runtime-worker ThreadId(13) fenrir::services::scheduler::service: db ping failed error=invalid input: db-shell service is disabled
2025-12-08T09:45:09.344955Z  WARN tokio-runtime-worker ThreadId(13) fenrir::services::scheduler::service: db ping failed error=invalid input: db-shell service is disabled
2025-12-08T09:47:09.349005Z  WARN tokio-runtime-worker ThreadId(937) fenrir::services::scheduler::service: db ping failed error=invalid input: db-shell service is disabled
2025-12-08T09:49:09.352157Z  WARN tokio-runtime-worker ThreadId(937) fenrir::services::scheduler::service: db ping failed error=invalid input: db-shell service is disabled
2025-12-08T09:51:09.354734Z  WARN tokio-runtime-worker ThreadId(937) fenrir::services::scheduler::service: db ping failed error=invalid input: db-shell service is disabled
2025-12-08T09:53:09.375189Z  WARN tokio-runtime-worker ThreadId(272) fenrir::services::scheduler::service: db ping failed error=invalid input: db-shell service is disabled
2025-12-08T09:55:09.377961Z  WARN tokio-runtime-worker ThreadId(937) fenrir::services::scheduler::service: db ping failed error=invalid input: db-shell service is disabled
2025-12-08T09:57:09.380480Z  WARN tokio-runtime-worker ThreadId(272) fenrir::services::scheduler::service: db ping failed error=invalid input: db-shell service is disabled
2025-12-08T09:59:09.384090Z  WARN tokio-runtime-worker ThreadId(13) fenrir::services::scheduler::service: db ping failed error=invalid input: db-shell service is disabled
2025-12-08T10:01:09.386370Z  WARN tokio-runtime-worker ThreadId(13) fenrir::services::scheduler::service: db ping failed error=invalid input: db-shell service is disabled
2025-12-08T10:03:09.389521Z  WARN tokio-runtime-worker ThreadId(13) fenrir::services::scheduler::service: db ping failed error=invalid input: db-shell service is disabled
2025-12-08T10:05:09.393256Z  WARN tokio-runtime-worker ThreadId(302) fenrir::services::scheduler::service: db ping failed error=invalid input: db-shell service is disabled
2025-12-08T10:07:09.396993Z  WARN tokio-runtime-worker ThreadId(272) fenrir::services::scheduler::service: db ping failed error=invalid input: db-shell service is disabled
2025-12-08T10:09:09.399550Z  WARN tokio-runtime-worker ThreadId(272) fenrir::services::scheduler::service: db ping failed error=invalid input: db-shell service is disabled
2025-12-08T10:11:09.402383Z  WARN tokio-runtime-worker ThreadId(13) fenrir::services::scheduler::service: db ping failed error=invalid input: db-shell service is disabled
2025-12-08T10:13:09.404370Z  WARN tokio-runtime-worker ThreadId(937) fenrir::services::scheduler::service: db ping failed error=invalid input: db-shell service is disabled
2025-12-08T10:41:02.356354Z  WARN tokio-runtime-worker ThreadId(272) fenrir::services::scheduler::service: db ping failed error=invalid input: db-shell service is disabled
2025-12-08T11:13:59.381524Z  WARN tokio-runtime-worker ThreadId(272) fenrir::services::scheduler::service: db ping failed error=invalid input: db-shell service is disabled
2025-12-08T11:15:59.387703Z  WARN tokio-runtime-worker ThreadId(937) fenrir::services::scheduler::service: db ping failed error=invalid input: db-shell service is disabled
2025-12-08T11:17:59.389574Z  WARN tokio-runtime-worker ThreadId(937) fenrir::services::scheduler::service: db ping failed error=invalid input: db-shell service is disabled
2025-12-08T11:19:59.392691Z  WARN tokio-runtime-worker ThreadId(302) fenrir::services::scheduler::service: db ping failed error=invalid input: db-shell service is disabled
2025-12-08T11:21:59.395366Z  WARN tokio-runtime-worker ThreadId(937) fenrir::services::scheduler::service: db ping failed error=invalid input: db-shell service is disabled
2025-12-08T11:23:59.398298Z  WARN tokio-runtime-worker ThreadId(302) fenrir::services::scheduler::service: db ping failed error=invalid input: db-shell service is disabled
2025-12-08T11:25:59.400867Z  WARN tokio-runtime-worker ThreadId(937) fenrir::services::scheduler::service: db ping failed error=invalid input: db-shell service is disabled
2025-12-08T11:27:59.403834Z  WARN tokio-runtime-worker ThreadId(302) fenrir::services::scheduler::service: db ping failed error=invalid input: db-shell service is disabled
2025-12-08T11:29:59.408313Z  WARN tokio-runtime-worker ThreadId(272) fenrir::services::scheduler::service: db ping failed error=invalid input: db-shell service is disabled
2025-12-08T11:31:59.411731Z  WARN tokio-runtime-worker ThreadId(302) fenrir::services::scheduler::service: db ping failed error=invalid input: db-shell service is disabled
2025-12-08T11:33:59.414525Z  WARN tokio-runtime-worker ThreadId(937) fenrir::services::scheduler::service: db ping failed error=invalid input: db-shell service is disabled
2025-12-08T11:35:59.417519Z  WARN tokio-runtime-worker ThreadId(937) fenrir::services::scheduler::service: db ping failed error=invalid input: db-shell service is disabled
2025-12-08T11:37:59.421064Z  WARN tokio-runtime-worker ThreadId(302) fenrir::services::scheduler::service: db ping failed error=invalid input: db-shell service is disabled
2025-12-08T11:39:59.424114Z  WARN tokio-runtime-worker ThreadId(937) fenrir::services::scheduler::service: db ping failed error=invalid input: db-shell service is disabled
2025-12-08T11:41:59.427050Z  WARN tokio-runtime-worker ThreadId(937) fenrir::services::scheduler::service: db ping failed error=invalid input: db-shell service is disabled
2025-12-08T11:43:59.430242Z  WARN tokio-runtime-worker ThreadId(937) fenrir::services::scheduler::service: db ping failed error=invalid input: db-shell service is disabled
2025-12-08T11:45:59.432828Z  WARN tokio-runtime-worker ThreadId(302) fenrir::services::scheduler::service: db ping failed error=invalid input: db-shell service is disabled
2025-12-08T11:47:59.435801Z  WARN tokio-runtime-worker ThreadId(13) fenrir::services::scheduler::service: db ping failed error=invalid input: db-shell service is disabled
2025-12-08T11:49:59.438075Z  WARN tokio-runtime-worker ThreadId(937) fenrir::services::scheduler::service: db ping failed error=invalid input: db-shell service is disabled
2025-12-08T12:07:01.118279Z  WARN tokio-runtime-worker ThreadId(272) fenrir::services::scheduler::service: db ping failed error=invalid input: db-shell service is disabled
2025-12-08T12:18:31.851032Z  WARN tokio-runtime-worker ThreadId(13) fenrir::services::scheduler::service: db ping failed error=invalid input: db-shell service is disabled
2025-12-08T12:20:31.853305Z  WARN tokio-runtime-worker ThreadId(302) fenrir::services::scheduler::service: db ping failed error=invalid input: db-shell service is disabled
2025-12-08T12:22:31.855252Z  WARN tokio-runtime-worker ThreadId(272) fenrir::services::scheduler::service: db ping failed error=invalid input: db-shell service is disabled
2025-12-08T12:24:31.858682Z  WARN tokio-runtime-worker ThreadId(13) fenrir::services::scheduler::service: db ping failed error=invalid input: db-shell service is disabled
2025-12-08T12:26:31.862245Z  WARN tokio-runtime-worker ThreadId(13) fenrir::services::scheduler::service: db ping failed error=invalid input: db-shell service is disabled
2025-12-08T12:28:31.865111Z  WARN tokio-runtime-worker ThreadId(937) fenrir::services::scheduler::service: db ping failed error=invalid input: db-shell service is disabled
2025-12-08T12:30:31.867226Z  WARN tokio-runtime-worker ThreadId(937) fenrir::services::scheduler::service: db ping failed error=invalid input: db-shell service is disabled
2025-12-08T12:32:31.869460Z  WARN tokio-runtime-worker ThreadId(937) fenrir::services::scheduler::service: db ping failed error=invalid input: db-shell service is disabled
2025-12-08T12:34:31.871118Z  WARN tokio-runtime-worker ThreadId(13) fenrir::services::scheduler::service: db ping failed error=invalid input: db-shell service is disabled
2025-12-08T12:36:31.874643Z  WARN tokio-runtime-worker ThreadId(302) fenrir::services::scheduler::service: db ping failed error=invalid input: db-shell service is disabled
2025-12-08T12:38:31.877771Z  WARN tokio-runtime-worker ThreadId(272) fenrir::services::scheduler::service: db ping failed error=invalid input: db-shell service is disabled
2025-12-08T12:40:31.879900Z  WARN tokio-runtime-worker ThreadId(937) fenrir::services::scheduler::service: db ping failed error=invalid input: db-shell service is disabled
2025-12-08T12:42:31.882869Z  WARN tokio-runtime-worker ThreadId(13) fenrir::services::scheduler::service: db ping failed error=invalid input: db-shell service is disabled
2025-12-08T12:44:31.885256Z  WARN tokio-runtime-worker ThreadId(937) fenrir::services::scheduler::service: db ping failed error=invalid input: db-shell service is disabled
2025-12-08T12:46:31.887527Z  WARN tokio-runtime-worker ThreadId(937) fenrir::services::scheduler::service: db ping failed error=invalid input: db-shell service is disabled
2025-12-08T12:48:31.891650Z  WARN tokio-runtime-worker ThreadId(302) fenrir::services::scheduler::service: db ping failed error=invalid input: db-shell service is disabled
2025-12-08T12:50:31.896205Z  WARN tokio-runtime-worker ThreadId(13) fenrir::services::scheduler::service: db ping failed error=invalid input: db-shell service is disabled
2025-12-08T12:52:31.899760Z  WARN tokio-runtime-worker ThreadId(272) fenrir::services::scheduler::service: db ping failed error=invalid input: db-shell service is disabled
2025-12-08T12:54:31.902724Z  WARN tokio-runtime-worker ThreadId(272) fenrir::services::scheduler::service: db ping failed error=invalid input: db-shell service is disabled
2025-12-08T12:56:31.905405Z  WARN tokio-runtime-worker ThreadId(937) fenrir::services::scheduler::service: db ping failed error=invalid input: db-shell service is disabled
2025-12-08T12:58:31.854511Z  WARN tokio-runtime-worker ThreadId(272) fenrir::services::scheduler::service: db ping failed error=invalid input: db-shell service is disabled
2025-12-08T13:00:31.855665Z  WARN tokio-runtime-worker ThreadId(302) fenrir::services::scheduler::service: db ping failed error=invalid input: db-shell service is disabled
2025-12-08T13:02:31.857096Z  WARN tokio-runtime-worker ThreadId(13) fenrir::services::scheduler::service: db ping failed error=invalid input: db-shell service is disabled
2025-12-08T13:04:31.858506Z  WARN tokio-runtime-worker ThreadId(937) fenrir::services::scheduler::service: db ping failed error=invalid input: db-shell service is disabled
2025-12-08T13:06:31.860180Z  WARN tokio-runtime-worker ThreadId(937) fenrir::services::scheduler::service: db ping failed error=invalid input: db-shell service is disabled
2025-12-08T13:08:31.861003Z  WARN tokio-runtime-worker ThreadId(937) fenrir::services::scheduler::service: db ping failed error=invalid input: db-shell service is disabled
2025-12-08T13:10:31.863917Z  WARN tokio-runtime-worker ThreadId(937) fenrir::services::scheduler::service: db ping failed error=invalid input: db-shell service is disabled
2025-12-08T13:12:31.866239Z  WARN tokio-runtime-worker ThreadId(272) fenrir::services::scheduler::service: db ping failed error=invalid input: db-shell service is disabled
2025-12-08T13:14:31.867704Z  WARN tokio-runtime-worker ThreadId(302) fenrir::services::scheduler::service: db ping failed error=invalid input: db-shell service is disabled
2025-12-08T13:16:31.869385Z  WARN tokio-runtime-worker ThreadId(13) fenrir::services::scheduler::service: db ping failed error=invalid input: db-shell service is disabled
2025-12-08T13:18:31.871115Z  WARN tokio-runtime-worker ThreadId(272) fenrir::services::scheduler::service: db ping failed error=invalid input: db-shell service is disabled
2025-12-08T13:20:31.872925Z  WARN tokio-runtime-worker ThreadId(272) fenrir::services::scheduler::service: db ping failed error=invalid input: db-shell service is disabled
2025-12-08T13:22:31.874351Z  WARN tokio-runtime-worker ThreadId(13) fenrir::services::scheduler::service: db ping failed error=invalid input: db-shell service is disabled
2025-12-08T13:24:31.875299Z  WARN tokio-runtime-worker ThreadId(272) fenrir::services::scheduler::service: db ping failed error=invalid input: db-shell service is disabled
2025-12-08T13:26:31.877104Z  WARN tokio-runtime-worker ThreadId(302) fenrir::services::scheduler::service: db ping failed error=invalid input: db-shell service is disabled
2025-12-08T13:28:31.877878Z  WARN tokio-runtime-worker ThreadId(13) fenrir::services::scheduler::service: db ping failed error=invalid input: db-shell service is disabled
2025-12-08T13:30:31.879822Z  WARN tokio-runtime-worker ThreadId(302) fenrir::services::scheduler::service: db ping failed error=invalid input: db-shell service is disabled
2025-12-08T13:32:31.881621Z  WARN tokio-runtime-worker ThreadId(302) fenrir::services::scheduler::service: db ping failed error=invalid input: db-shell service is disabled
2025-12-08T13:34:31.907436Z  WARN tokio-runtime-worker ThreadId(937) fenrir::services::scheduler::service: db ping failed error=invalid input: db-shell service is disabled
2025-12-08T13:36:31.935497Z  WARN tokio-runtime-worker ThreadId(937) fenrir::services::scheduler::service: db ping failed error=invalid input: db-shell service is disabled
2025-12-08T13:38:31.939776Z  WARN tokio-runtime-worker ThreadId(272) fenrir::services::scheduler::service: db ping failed error=invalid input: db-shell service is disabled
2025-12-08T13:40:31.941671Z  WARN tokio-runtime-worker ThreadId(302) fenrir::services::scheduler::service: db ping failed error=invalid input: db-shell service is disabled
2025-12-08T13:42:31.945704Z  WARN tokio-runtime-worker ThreadId(272) fenrir::services::scheduler::service: db ping failed error=invalid input: db-shell service is disabled
2025-12-08T13:44:31.949036Z  WARN tokio-runtime-worker ThreadId(272) fenrir::services::scheduler::service: db ping failed error=invalid input: db-shell service is disabled
2025-12-08T13:46:31.950582Z  WARN tokio-runtime-worker ThreadId(302) fenrir::services::scheduler::service: db ping failed error=invalid input: db-shell service is disabled
2025-12-08T13:48:31.954818Z  WARN tokio-runtime-worker ThreadId(272) fenrir::services::scheduler::service: db ping failed error=invalid input: db-shell service is disabled
2025-12-08T13:50:31.958950Z  WARN tokio-runtime-worker ThreadId(302) fenrir::services::scheduler::service: db ping failed error=invalid input: db-shell service is disabled
2025-12-08T13:52:31.962078Z  WARN tokio-runtime-worker ThreadId(272) fenrir::services::scheduler::service: db ping failed error=invalid input: db-shell service is disabled
2025-12-08T13:54:31.966518Z  WARN tokio-runtime-worker ThreadId(13) fenrir::services::scheduler::service: db ping failed error=invalid input: db-shell service is disabled
2025-12-08T13:56:31.967704Z  WARN tokio-runtime-worker ThreadId(13) fenrir::services::scheduler::service: db ping failed error=invalid input: db-shell service is disabled
2025-12-08T13:58:31.978455Z  WARN tokio-runtime-worker ThreadId(302) fenrir::services::scheduler::service: db ping failed error=invalid input: db-shell service is disabled
2025-12-08T14:00:31.991784Z  WARN tokio-runtime-worker ThreadId(937) fenrir::services::scheduler::service: db ping failed error=invalid input: db-shell service is disabled
2025-12-08T14:02:31.995635Z  WARN tokio-runtime-worker ThreadId(272) fenrir::services::scheduler::service: db ping failed error=invalid input: db-shell service is disabled
2025-12-08T14:04:31.997848Z  WARN tokio-runtime-worker ThreadId(13) fenrir::services::scheduler::service: db ping failed error=invalid input: db-shell service is disabled
2025-12-08T14:06:32.001044Z  WARN tokio-runtime-worker ThreadId(272) fenrir::services::scheduler::service: db ping failed error=invalid input: db-shell service is disabled
2025-12-08T14:08:32.004285Z  WARN tokio-runtime-worker ThreadId(937) fenrir::services::scheduler::service: db ping failed error=invalid input: db-shell service is disabled
2025-12-08T14:10:32.007883Z  WARN tokio-runtime-worker ThreadId(302) fenrir::services::scheduler::service: db ping failed error=invalid input: db-shell service is disabled
2025-12-08T14:12:32.011805Z  WARN tokio-runtime-worker ThreadId(937) fenrir::services::scheduler::service: db ping failed error=invalid input: db-shell service is disabled
2025-12-08T14:14:32.014982Z  WARN tokio-runtime-worker ThreadId(302) fenrir::services::scheduler::service: db ping failed error=invalid input: db-shell service is disabled
2025-12-08T14:16:32.018246Z  WARN tokio-runtime-worker ThreadId(302) fenrir::services::scheduler::service: db ping failed error=invalid input: db-shell service is disabled
2025-12-08T14:18:32.022746Z  WARN tokio-runtime-worker ThreadId(937) fenrir::services::scheduler::service: db ping failed error=invalid input: db-shell service is disabled
2025-12-08T14:20:32.025516Z  WARN tokio-runtime-worker ThreadId(302) fenrir::services::scheduler::service: db ping failed error=invalid input: db-shell service is disabled
2025-12-08T14:22:32.012877Z  WARN tokio-runtime-worker ThreadId(272) fenrir::services::scheduler::service: db ping failed error=invalid input: db-shell service is disabled
2025-12-08T14:24:32.016926Z  WARN tokio-runtime-worker ThreadId(302) fenrir::services::scheduler::service: db ping failed error=invalid input: db-shell service is disabled
2025-12-08T14:26:32.021456Z  WARN tokio-runtime-worker ThreadId(13) fenrir::services::scheduler::service: db ping failed error=invalid input: db-shell service is disabled
2025-12-08T14:28:32.026667Z  WARN tokio-runtime-worker ThreadId(937) fenrir::services::scheduler::service: db ping failed error=invalid input: db-shell service is disabled
2025-12-08T14:45:30.740270Z  WARN tokio-runtime-worker ThreadId(302) fenrir::services::scheduler::service: db ping failed error=invalid input: db-shell service is disabled
2025-12-08T14:47:30.742127Z  WARN tokio-runtime-worker ThreadId(302) fenrir::services::scheduler::service: db ping failed error=invalid input: db-shell service is disabled
2025-12-08T14:49:30.743916Z  WARN tokio-runtime-worker ThreadId(272) fenrir::services::scheduler::service: db ping failed error=invalid input: db-shell service is disabled
2025-12-08T14:51:30.746211Z  WARN tokio-runtime-worker ThreadId(302) fenrir::services::scheduler::service: db ping failed error=invalid input: db-shell service is disabled
2025-12-08T14:53:30.749273Z  WARN tokio-runtime-worker ThreadId(13) fenrir::services::scheduler::service: db ping failed error=invalid input: db-shell service is disabled
2025-12-08T14:55:30.752251Z  WARN tokio-runtime-worker ThreadId(302) fenrir::services::scheduler::service: db ping failed error=invalid input: db-shell service is disabled
2025-12-08T14:57:30.754618Z  WARN tokio-runtime-worker ThreadId(937) fenrir::services::scheduler::service: db ping failed error=invalid input: db-shell service is disabled
2025-12-08T14:59:30.757277Z  WARN tokio-runtime-worker ThreadId(937) fenrir::services::scheduler::service: db ping failed error=invalid input: db-shell service is disabled
2025-12-08T15:01:30.759307Z  WARN tokio-runtime-worker ThreadId(272) fenrir::services::scheduler::service: db ping failed error=invalid input: db-shell service is disabled
2025-12-08T15:03:30.762416Z  WARN tokio-runtime-worker ThreadId(937) fenrir::services::scheduler::service: db ping failed error=invalid input: db-shell service is disabled
2025-12-08T15:05:30.777563Z  WARN tokio-runtime-worker ThreadId(302) fenrir::services::scheduler::service: db ping failed error=invalid input: db-shell service is disabled
2025-12-08T15:07:30.780403Z  WARN tokio-runtime-worker ThreadId(937) fenrir::services::scheduler::service: db ping failed error=invalid input: db-shell service is disabled
2025-12-08T15:09:30.782847Z  WARN tokio-runtime-worker ThreadId(272) fenrir::services::scheduler::service: db ping failed error=invalid input: db-shell service is disabled
2025-12-08T15:11:30.785492Z  WARN tokio-runtime-worker ThreadId(302) fenrir::services::scheduler::service: db ping failed error=invalid input: db-shell service is disabled
2025-12-08T15:13:30.789001Z  WARN tokio-runtime-worker ThreadId(272) fenrir::services::scheduler::service: db ping failed error=invalid input: db-shell service is disabled
2025-12-08T15:15:30.791216Z  WARN tokio-runtime-worker ThreadId(13) fenrir::services::scheduler::service: db ping failed error=invalid input: db-shell service is disabled
2025-12-08T15:17:30.794219Z  WARN tokio-runtime-worker ThreadId(302) fenrir::services::scheduler::service: db ping failed error=invalid input: db-shell service is disabled
2025-12-08T15:19:30.797234Z  WARN tokio-runtime-worker ThreadId(302) fenrir::services::scheduler::service: db ping failed error=invalid input: db-shell service is disabled
2025-12-08T15:21:30.800212Z  WARN tokio-runtime-worker ThreadId(272) fenrir::services::scheduler::service: db ping failed error=invalid input: db-shell service is disabled
2025-12-08T15:39:46.205853Z  WARN tokio-runtime-worker ThreadId(937) fenrir::services::scheduler::service: db ping failed error=invalid input: db-shell service is disabled
2025-12-08T15:41:46.207857Z  WARN tokio-runtime-worker ThreadId(13) fenrir::services::scheduler::service: db ping failed error=invalid input: db-shell service is disabled
2025-12-08T15:43:46.209446Z  WARN tokio-runtime-worker ThreadId(13) fenrir::services::scheduler::service: db ping failed error=invalid input: db-shell service is disabled
2025-12-08T15:45:46.211048Z  WARN tokio-runtime-worker ThreadId(937) fenrir::services::scheduler::service: db ping failed error=invalid input: db-shell service is disabled
2025-12-08T15:47:46.213743Z  WARN tokio-runtime-worker ThreadId(272) fenrir::services::scheduler::service: db ping failed error=invalid input: db-shell service is disabled
2025-12-08T15:49:46.215725Z  WARN tokio-runtime-worker ThreadId(302) fenrir::services::scheduler::service: db ping failed error=invalid input: db-shell service is disabled
2025-12-08T15:51:46.198717Z  WARN tokio-runtime-worker ThreadId(937) fenrir::services::scheduler::service: db ping failed error=invalid input: db-shell service is disabled
2025-12-08T15:53:46.200875Z  WARN tokio-runtime-worker ThreadId(272) fenrir::services::scheduler::service: db ping failed error=invalid input: db-shell service is disabled
2025-12-08T15:55:46.202831Z  WARN tokio-runtime-worker ThreadId(937) fenrir::services::scheduler::service: db ping failed error=invalid input: db-shell service is disabled
2025-12-08T15:57:46.204701Z  WARN tokio-runtime-worker ThreadId(13) fenrir::services::scheduler::service: db ping failed error=invalid input: db-shell service is disabled
2025-12-08T15:59:46.206881Z  WARN tokio-runtime-worker ThreadId(302) fenrir::services::scheduler::service: db ping failed error=invalid input: db-shell service is disabled
2025-12-08T16:01:46.208250Z  WARN tokio-runtime-worker ThreadId(302) fenrir::services::scheduler::service: db ping failed error=invalid input: db-shell service is disabled
2025-12-08T16:03:46.210910Z  WARN tokio-runtime-worker ThreadId(937) fenrir::services::scheduler::service: db ping failed error=invalid input: db-shell service is disabled
2025-12-08T16:05:46.212677Z  WARN tokio-runtime-worker ThreadId(13) fenrir::services::scheduler::service: db ping failed error=invalid input: db-shell service is disabled
2025-12-08T16:07:46.214160Z  WARN tokio-runtime-worker ThreadId(272) fenrir::services::scheduler::service: db ping failed error=invalid input: db-shell service is disabled
2025-12-08T16:09:46.215592Z  WARN tokio-runtime-worker ThreadId(13) fenrir::services::scheduler::service: db ping failed error=invalid input: db-shell service is disabled
2025-12-08T16:11:46.216810Z  WARN tokio-runtime-worker ThreadId(302) fenrir::services::scheduler::service: db ping failed error=invalid input: db-shell service is disabled
2025-12-08T16:13:46.214391Z  WARN tokio-runtime-worker ThreadId(302) fenrir::services::scheduler::service: db ping failed error=invalid input: db-shell service is disabled
2025-12-08T16:15:46.216978Z  WARN tokio-runtime-worker ThreadId(937) fenrir::services::scheduler::service: db ping failed error=invalid input: db-shell service is disabled
2025-12-08T16:17:46.218526Z  WARN tokio-runtime-worker ThreadId(13) fenrir::services::scheduler::service: db ping failed error=invalid input: db-shell service is disabled
2025-12-08T16:19:46.220714Z  WARN tokio-runtime-worker ThreadId(302) fenrir::services::scheduler::service: db ping failed error=invalid input: db-shell service is disabled
2025-12-08T16:40:25.038533Z  WARN tokio-runtime-worker ThreadId(302) fenrir::services::scheduler::service: db ping failed error=invalid input: db-shell service is disabled
2025-12-08T16:42:25.037759Z  WARN tokio-runtime-worker ThreadId(937) fenrir::services::scheduler::service: db ping failed error=invalid input: db-shell service is disabled
2025-12-08T16:44:25.038405Z  WARN tokio-runtime-worker ThreadId(272) fenrir::services::scheduler::service: db ping failed error=invalid input: db-shell service is disabled
2025-12-08T16:46:25.040293Z  WARN tokio-runtime-worker ThreadId(13) fenrir::services::scheduler::service: db ping failed error=invalid input: db-shell service is disabled
2025-12-08T16:48:25.040802Z  WARN tokio-runtime-worker ThreadId(13) fenrir::services::scheduler::service: db ping failed error=invalid input: db-shell service is disabled
2025-12-08T16:50:25.041594Z  WARN tokio-runtime-worker ThreadId(302) fenrir::services::scheduler::service: db ping failed error=invalid input: db-shell service is disabled
2025-12-08T16:52:25.042722Z  WARN tokio-runtime-worker ThreadId(272) fenrir::services::scheduler::service: db ping failed error=invalid input: db-shell service is disabled
2025-12-08T16:54:25.044490Z  WARN tokio-runtime-worker ThreadId(272) fenrir::services::scheduler::service: db ping failed error=invalid input: db-shell service is disabled
2025-12-08T16:56:25.045883Z  WARN tokio-runtime-worker ThreadId(937) fenrir::services::scheduler::service: db ping failed error=invalid input: db-shell service is disabled
2025-12-08T16:58:25.044372Z  WARN tokio-runtime-worker ThreadId(937) fenrir::services::scheduler::service: db ping failed error=invalid input: db-shell service is disabled
2025-12-08T17:00:25.045242Z  WARN tokio-runtime-worker ThreadId(13) fenrir::services::scheduler::service: db ping failed error=invalid input: db-shell service is disabled
2025-12-08T17:02:25.047147Z  WARN tokio-runtime-worker ThreadId(302) fenrir::services::scheduler::service: db ping failed error=invalid input: db-shell service is disabled
2025-12-08T17:04:25.049695Z  WARN tokio-runtime-worker ThreadId(937) fenrir::services::scheduler::service: db ping failed error=invalid input: db-shell service is disabled
2025-12-08T17:06:25.049620Z  WARN tokio-runtime-worker ThreadId(302) fenrir::services::scheduler::service: db ping failed error=invalid input: db-shell service is disabled
2025-12-08T17:08:25.049929Z  WARN tokio-runtime-worker ThreadId(937) fenrir::services::scheduler::service: db ping failed error=invalid input: db-shell service is disabled
2025-12-08T17:10:25.051475Z  WARN tokio-runtime-worker ThreadId(13) fenrir::services::scheduler::service: db ping failed error=invalid input: db-shell service is disabled
2025-12-08T17:12:25.052586Z  WARN tokio-runtime-worker ThreadId(13) fenrir::services::scheduler::service: db ping failed error=invalid input: db-shell service is disabled
2025-12-08T17:14:25.053424Z  WARN tokio-runtime-worker ThreadId(13) fenrir::services::scheduler::service: db ping failed error=invalid input: db-shell service is disabled
2025-12-08T17:16:25.054661Z  WARN tokio-runtime-worker ThreadId(937) fenrir::services::scheduler::service: db ping failed error=invalid input: db-shell service is disabled
2025-12-08T17:18:25.056246Z  WARN tokio-runtime-worker ThreadId(13) fenrir::services::scheduler::service: db ping failed error=invalid input: db-shell service is disabled
2025-12-08T17:20:25.057172Z  WARN tokio-runtime-worker ThreadId(272) fenrir::services::scheduler::service: db ping failed error=invalid input: db-shell service is disabled
2025-12-08T17:22:25.078981Z  WARN tokio-runtime-worker ThreadId(302) fenrir::services::scheduler::service: db ping failed error=invalid input: db-shell service is disabled
2025-12-08T17:24:25.080412Z  WARN tokio-runtime-worker ThreadId(302) fenrir::services::scheduler::service: db ping failed error=invalid input: db-shell service is disabled
2025-12-08T17:26:25.081215Z  WARN tokio-runtime-worker ThreadId(937) fenrir::services::scheduler::service: db ping failed error=invalid input: db-shell service is disabled
2025-12-08T17:28:25.081864Z  WARN tokio-runtime-worker ThreadId(272) fenrir::services::scheduler::service: db ping failed error=invalid input: db-shell service is disabled
2025-12-08T17:30:25.082866Z  WARN tokio-runtime-worker ThreadId(937) fenrir::services::scheduler::service: db ping failed error=invalid input: db-shell service is disabled
2025-12-08T17:32:25.084560Z  WARN tokio-runtime-worker ThreadId(272) fenrir::services::scheduler::service: db ping failed error=invalid input: db-shell service is disabled
2025-12-08T17:34:25.087139Z  WARN tokio-runtime-worker ThreadId(937) fenrir::services::scheduler::service: db ping failed error=invalid input: db-shell service is disabled
2025-12-08T17:36:25.089248Z  WARN tokio-runtime-worker ThreadId(13) fenrir::services::scheduler::service: db ping failed error=invalid input: db-shell service is disabled
2025-12-08T17:38:25.090889Z  WARN tokio-runtime-worker ThreadId(272) fenrir::services::scheduler::service: db ping failed error=invalid input: db-shell service is disabled
2025-12-08T17:40:25.091529Z  WARN tokio-runtime-worker ThreadId(937) fenrir::services::scheduler::service: db ping failed error=invalid input: db-shell service is disabled
2025-12-08T17:42:25.093380Z  WARN tokio-runtime-worker ThreadId(937) fenrir::services::scheduler::service: db ping failed error=invalid input: db-shell service is disabled
2025-12-08T17:44:25.094592Z  WARN tokio-runtime-worker ThreadId(937) fenrir::services::scheduler::service: db ping failed error=invalid input: db-shell service is disabled
2025-12-08T17:46:25.111106Z  WARN tokio-runtime-worker ThreadId(937) fenrir::services::scheduler::service: db ping failed error=invalid input: db-shell service is disabled
2025-12-08T17:48:25.112720Z  WARN tokio-runtime-worker ThreadId(13) fenrir::services::scheduler::service: db ping failed error=invalid input: db-shell service is disabled
2025-12-08T17:50:25.115612Z  WARN tokio-runtime-worker ThreadId(272) fenrir::services::scheduler::service: db ping failed error=invalid input: db-shell service is disabled
2025-12-08T17:52:25.118325Z  WARN tokio-runtime-worker ThreadId(937) fenrir::services::scheduler::service: db ping failed error=invalid input: db-shell service is disabled
2025-12-08T17:54:25.120505Z  WARN tokio-runtime-worker ThreadId(272) fenrir::services::scheduler::service: db ping failed error=invalid input: db-shell service is disabled
2025-12-08T17:56:25.123140Z  WARN tokio-runtime-worker ThreadId(937) fenrir::services::scheduler::service: db ping failed error=invalid input: db-shell service is disabled
2025-12-08T17:58:25.125106Z  WARN tokio-runtime-worker ThreadId(937) fenrir::services::scheduler::service: db ping failed error=invalid input: db-shell service is disabled
2025-12-08T18:00:25.127496Z  WARN tokio-runtime-worker ThreadId(13) fenrir::services::scheduler::service: db ping failed error=invalid input: db-shell service is disabled
2025-12-08T18:02:25.130143Z  WARN tokio-runtime-worker ThreadId(937) fenrir::services::scheduler::service: db ping failed error=invalid input: db-shell service is disabled
2025-12-08T18:04:25.135222Z  WARN tokio-runtime-worker ThreadId(302) fenrir::services::scheduler::service: db ping failed error=invalid input: db-shell service is disabled
2025-12-08T18:06:25.137045Z  WARN tokio-runtime-worker ThreadId(13) fenrir::services::scheduler::service: db ping failed error=invalid input: db-shell service is disabled
2025-12-08T18:08:25.105630Z  WARN tokio-runtime-worker ThreadId(302) fenrir::services::scheduler::service: db ping failed error=invalid input: db-shell service is disabled
2025-12-08T18:10:25.105988Z  WARN tokio-runtime-worker ThreadId(272) fenrir::services::scheduler::service: db ping failed error=invalid input: db-shell service is disabled
2025-12-08T18:12:25.107545Z  WARN tokio-runtime-worker ThreadId(272) fenrir::services::scheduler::service: db ping failed error=invalid input: db-shell service is disabled
2025-12-08T18:14:25.107904Z  WARN tokio-runtime-worker ThreadId(13) fenrir::services::scheduler::service: db ping failed error=invalid input: db-shell service is disabled
2025-12-08T18:16:25.109692Z  WARN tokio-runtime-worker ThreadId(302) fenrir::services::scheduler::service: db ping failed error=invalid input: db-shell service is disabled
2025-12-08T18:25:49.490066Z  WARN tokio-runtime-worker ThreadId(13) fenrir::infra::modules::storage: Skipping hidden module entry path=/Users/jfurocket/Documents/personal/modules/.fenrir-backups name=".fenrir-backups"
2025-12-08T18:25:49.491232Z  WARN tokio-runtime-worker ThreadId(13) fenrir::infra::modules::storage: Skipping hidden module entry path=/Users/jfurocket/Documents/personal/modules/.cache name=".cache"
2025-12-08T18:25:50.774708Z  WARN tokio-runtime-worker ThreadId(937) fenrir::infra::modules::storage: Skipping hidden module entry path=/Users/jfurocket/Documents/personal/modules/.fenrir-backups name=".fenrir-backups"
2025-12-08T18:25:50.775448Z  WARN tokio-runtime-worker ThreadId(13) fenrir::infra::modules::storage: Skipping hidden module entry path=/Users/jfurocket/Documents/personal/modules/.cache name=".cache"
2025-12-08T18:26:22.486049Z  WARN tokio-runtime-worker ThreadId(13) fenrir::services::scheduler::service: db ping failed error=invalid input: db-shell service is disabled
2025-12-08T18:28:22.489392Z  WARN tokio-runtime-worker ThreadId(13) fenrir::services::scheduler::service: db ping failed error=invalid input: db-shell service is disabled
2025-12-08T18:30:22.490917Z  WARN tokio-runtime-worker ThreadId(13) fenrir::services::scheduler::service: db ping failed error=invalid input: db-shell service is disabled
2025-12-08T18:32:22.493173Z  WARN tokio-runtime-worker ThreadId(13) fenrir::services::scheduler::service: db ping failed error=invalid input: db-shell service is disabled
2025-12-08T18:34:22.494511Z  WARN tokio-runtime-worker ThreadId(302) fenrir::services::scheduler::service: db ping failed error=invalid input: db-shell service is disabled
2025-12-08T18:36:22.496739Z  WARN tokio-runtime-worker ThreadId(937) fenrir::services::scheduler::service: db ping failed error=invalid input: db-shell service is disabled
2025-12-08T18:38:22.498140Z  WARN tokio-runtime-worker ThreadId(302) fenrir::services::scheduler::service: db ping failed error=invalid input: db-shell service is disabled
2025-12-08T18:40:22.499085Z  WARN tokio-runtime-worker ThreadId(937) fenrir::services::scheduler::service: db ping failed error=invalid input: db-shell service is disabled
2025-12-08T18:42:22.502840Z  WARN tokio-runtime-worker ThreadId(272) fenrir::services::scheduler::service: db ping failed error=invalid input: db-shell service is disabled
2025-12-08T18:44:22.504695Z  WARN tokio-runtime-worker ThreadId(13) fenrir::services::scheduler::service: db ping failed error=invalid input: db-shell service is disabled
2025-12-08T18:46:22.507904Z  WARN tokio-runtime-worker ThreadId(272) fenrir::services::scheduler::service: db ping failed error=invalid input: db-shell service is disabled
2025-12-08T18:48:22.511330Z  WARN tokio-runtime-worker ThreadId(272) fenrir::services::scheduler::service: db ping failed error=invalid input: db-shell service is disabled
2025-12-08T18:50:22.513505Z  WARN tokio-runtime-worker ThreadId(272) fenrir::services::scheduler::service: db ping failed error=invalid input: db-shell service is disabled
2025-12-08T18:52:22.514275Z  WARN tokio-runtime-worker ThreadId(302) fenrir::services::scheduler::service: db ping failed error=invalid input: db-shell service is disabled
2025-12-08T18:54:22.517074Z  WARN tokio-runtime-worker ThreadId(272) fenrir::services::scheduler::service: db ping failed error=invalid input: db-shell service is disabled
2025-12-08T18:56:22.518223Z  WARN tokio-runtime-worker ThreadId(13) fenrir::services::scheduler::service: db ping failed error=invalid input: db-shell service is disabled
2025-12-08T18:58:22.520565Z  WARN tokio-runtime-worker ThreadId(937) fenrir::services::scheduler::service: db ping failed error=invalid input: db-shell service is disabled
2025-12-08T19:00:22.522618Z  WARN tokio-runtime-worker ThreadId(13) fenrir::services::scheduler::service: db ping failed error=invalid input: db-shell service is disabled
2025-12-08T19:02:22.540949Z  WARN tokio-runtime-worker ThreadId(302) fenrir::services::scheduler::service: db ping failed error=invalid input: db-shell service is disabled
2025-12-08T19:04:22.542830Z  WARN tokio-runtime-worker ThreadId(13) fenrir::services::scheduler::service: db ping failed error=invalid input: db-shell service is disabled
2025-12-08T19:06:22.545751Z  WARN tokio-runtime-worker ThreadId(13) fenrir::services::scheduler::service: db ping failed error=invalid input: db-shell service is disabled
2025-12-08T19:08:22.550162Z  WARN tokio-runtime-worker ThreadId(272) fenrir::services::scheduler::service: db ping failed error=invalid input: db-shell service is disabled
2025-12-08T19:10:22.553265Z  WARN tokio-runtime-worker ThreadId(272) fenrir::services::scheduler::service: db ping failed error=invalid input: db-shell service is disabled
2025-12-08T19:12:22.555869Z  WARN tokio-runtime-worker ThreadId(272) fenrir::services::scheduler::service: db ping failed error=invalid input: db-shell service is disabled
2025-12-08T19:14:22.558250Z  WARN tokio-runtime-worker ThreadId(302) fenrir::services::scheduler::service: db ping failed error=invalid input: db-shell service is disabled
2025-12-08T19:16:22.560003Z  WARN tokio-runtime-worker ThreadId(937) fenrir::services::scheduler::service: db ping failed error=invalid input: db-shell service is disabled
2025-12-08T19:18:22.562804Z  WARN tokio-runtime-worker ThreadId(302) fenrir::services::scheduler::service: db ping failed error=invalid input: db-shell service is disabled
2025-12-08T19:20:22.565392Z  WARN tokio-runtime-worker ThreadId(13) fenrir::services::scheduler::service: db ping failed error=invalid input: db-shell service is disabled
2025-12-08T19:22:22.568826Z  WARN tokio-runtime-worker ThreadId(13) fenrir::services::scheduler::service: db ping failed error=invalid input: db-shell service is disabled
2025-12-08T19:24:22.609075Z  WARN tokio-runtime-worker ThreadId(302) fenrir::services::scheduler::service: db ping failed error=invalid input: db-shell service is disabled
2025-12-08T19:26:22.612602Z  WARN tokio-runtime-worker ThreadId(302) fenrir::services::scheduler::service: db ping failed error=invalid input: db-shell service is disabled
2025-12-08T19:28:22.615910Z  WARN tokio-runtime-worker ThreadId(937) fenrir::services::scheduler::service: db ping failed error=invalid input: db-shell service is disabled
2025-12-08T19:30:22.619200Z  WARN tokio-runtime-worker ThreadId(13) fenrir::services::scheduler::service: db ping failed error=invalid input: db-shell service is disabled
2025-12-08T19:32:22.622325Z  WARN tokio-runtime-worker ThreadId(302) fenrir::services::scheduler::service: db ping failed error=invalid input: db-shell service is disabled
2025-12-08T19:34:22.624817Z  WARN tokio-runtime-worker ThreadId(13) fenrir::services::scheduler::service: db ping failed error=invalid input: db-shell service is disabled
2025-12-08T19:36:22.627567Z  WARN tokio-runtime-worker ThreadId(13) fenrir::services::scheduler::service: db ping failed error=invalid input: db-shell service is disabled
2025-12-08T19:38:22.630587Z  WARN tokio-runtime-worker ThreadId(13) fenrir::services::scheduler::service: db ping failed error=invalid input: db-shell service is disabled
2025-12-08T19:40:22.634016Z  WARN tokio-runtime-worker ThreadId(302) fenrir::services::scheduler::service: db ping failed error=invalid input: db-shell service is disabled
2025-12-08T19:42:22.637498Z  WARN tokio-runtime-worker ThreadId(302) fenrir::services::scheduler::service: db ping failed error=invalid input: db-shell service is disabled
2025-12-08T19:44:22.641258Z  WARN tokio-runtime-worker ThreadId(272) fenrir::services::scheduler::service: db ping failed error=invalid input: db-shell service is disabled
2025-12-08T19:46:22.644274Z  WARN tokio-runtime-worker ThreadId(13) fenrir::services::scheduler::service: db ping failed error=invalid input: db-shell service is disabled
2025-12-08T19:48:22.649973Z  WARN tokio-runtime-worker ThreadId(272) fenrir::services::scheduler::service: db ping failed error=invalid input: db-shell service is disabled
2025-12-08T19:50:22.654149Z  WARN tokio-runtime-worker ThreadId(13) fenrir::services::scheduler::service: db ping failed error=invalid input: db-shell service is disabled
2025-12-08T19:52:22.657688Z  WARN tokio-runtime-worker ThreadId(302) fenrir::services::scheduler::service: db ping failed error=invalid input: db-shell service is disabled
2025-12-08T19:54:22.663288Z  WARN tokio-runtime-worker ThreadId(272) fenrir::services::scheduler::service: db ping failed error=invalid input: db-shell service is disabled
2025-12-08T19:56:22.667228Z  WARN tokio-runtime-worker ThreadId(272) fenrir::services::scheduler::service: db ping failed error=invalid input: db-shell service is disabled
2025-12-08T19:58:22.671289Z  WARN tokio-runtime-worker ThreadId(13) fenrir::services::scheduler::service: db ping failed error=invalid input: db-shell service is disabled
2025-12-08T20:00:22.675578Z  WARN tokio-runtime-worker ThreadId(302) fenrir::services::scheduler::service: db ping failed error=invalid input: db-shell service is disabled
2025-12-08T20:02:22.679439Z  WARN tokio-runtime-worker ThreadId(937) fenrir::services::scheduler::service: db ping failed error=invalid input: db-shell service is disabled
2025-12-08T20:04:22.683122Z  WARN tokio-runtime-worker ThreadId(272) fenrir::services::scheduler::service: db ping failed error=invalid input: db-shell service is disabled
2025-12-08T20:06:22.685557Z  WARN tokio-runtime-worker ThreadId(272) fenrir::services::scheduler::service: db ping failed error=invalid input: db-shell service is disabled
2025-12-08T20:08:22.689130Z  WARN tokio-runtime-worker ThreadId(937) fenrir::services::scheduler::service: db ping failed error=invalid input: db-shell service is disabled
2025-12-08T20:10:22.686804Z  WARN tokio-runtime-worker ThreadId(272) fenrir::services::scheduler::service: db ping failed error=invalid input: db-shell service is disabled
2025-12-08T20:12:22.688764Z  WARN tokio-runtime-worker ThreadId(302) fenrir::services::scheduler::service: db ping failed error=invalid input: db-shell service is disabled
2025-12-08T20:14:22.691730Z  WARN tokio-runtime-worker ThreadId(302) fenrir::services::scheduler::service: db ping failed error=invalid input: db-shell service is disabled
2025-12-08T20:16:22.695139Z  WARN tokio-runtime-worker ThreadId(937) fenrir::services::scheduler::service: db ping failed error=invalid input: db-shell service is disabled
2025-12-08T20:18:22.699370Z  WARN tokio-runtime-worker ThreadId(272) fenrir::services::scheduler::service: db ping failed error=invalid input: db-shell service is disabled
2025-12-08T20:20:22.703024Z  WARN tokio-runtime-worker ThreadId(302) fenrir::services::scheduler::service: db ping failed error=invalid input: db-shell service is disabled
2025-12-08T20:22:22.706929Z  WARN tokio-runtime-worker ThreadId(13) fenrir::services::scheduler::service: db ping failed error=invalid input: db-shell service is disabled
2025-12-08T20:24:22.710735Z  WARN tokio-runtime-worker ThreadId(302) fenrir::services::scheduler::service: db ping failed error=invalid input: db-shell service is disabled
2025-12-08T20:26:22.714493Z  WARN tokio-runtime-worker ThreadId(302) fenrir::services::scheduler::service: db ping failed error=invalid input: db-shell service is disabled
2025-12-08T20:28:22.717646Z  WARN tokio-runtime-worker ThreadId(272) fenrir::services::scheduler::service: db ping failed error=invalid input: db-shell service is disabled
2025-12-08T20:30:22.720768Z  WARN tokio-runtime-worker ThreadId(272) fenrir::services::scheduler::service: db ping failed error=invalid input: db-shell service is disabled
2025-12-08T20:32:22.697231Z  WARN tokio-runtime-worker ThreadId(272) fenrir::services::scheduler::service: db ping failed error=invalid input: db-shell service is disabled
2025-12-08T20:34:22.698267Z  WARN tokio-runtime-worker ThreadId(937) fenrir::services::scheduler::service: db ping failed error=invalid input: db-shell service is disabled
2025-12-08T20:36:22.700947Z  WARN tokio-runtime-worker ThreadId(937) fenrir::services::scheduler::service: db ping failed error=invalid input: db-shell service is disabled
2025-12-08T20:38:22.703430Z  WARN tokio-runtime-worker ThreadId(302) fenrir::services::scheduler::service: db ping failed error=invalid input: db-shell service is disabled
2025-12-08T20:40:22.706417Z  WARN tokio-runtime-worker ThreadId(272) fenrir::services::scheduler::service: db ping failed error=invalid input: db-shell service is disabled
2025-12-08T20:42:22.709437Z  WARN tokio-runtime-worker ThreadId(302) fenrir::services::scheduler::service: db ping failed error=invalid input: db-shell service is disabled
2025-12-08T20:44:22.712640Z  WARN tokio-runtime-worker ThreadId(302) fenrir::services::scheduler::service: db ping failed error=invalid input: db-shell service is disabled
2025-12-08T20:46:22.715187Z  WARN tokio-runtime-worker ThreadId(272) fenrir::services::scheduler::service: db ping failed error=invalid input: db-shell service is disabled
2025-12-08T20:48:22.717133Z  WARN tokio-runtime-worker ThreadId(13) fenrir::services::scheduler::service: db ping failed error=invalid input: db-shell service is disabled
2025-12-08T20:50:22.720389Z  WARN tokio-runtime-worker ThreadId(272) fenrir::services::scheduler::service: db ping failed error=invalid input: db-shell service is disabled
2025-12-08T20:52:22.723385Z  WARN tokio-runtime-worker ThreadId(13) fenrir::services::scheduler::service: db ping failed error=invalid input: db-shell service is disabled
2025-12-08T20:54:22.725327Z  WARN tokio-runtime-worker ThreadId(13) fenrir::services::scheduler::service: db ping failed error=invalid input: db-shell service is disabled
2025-12-08T20:56:22.728665Z  WARN tokio-runtime-worker ThreadId(272) fenrir::services::scheduler::service: db ping failed error=invalid input: db-shell service is disabled
2025-12-08T20:58:22.731558Z  WARN tokio-runtime-worker ThreadId(937) fenrir::services::scheduler::service: db ping failed error=invalid input: db-shell service is disabled
2025-12-08T21:00:22.733505Z  WARN tokio-runtime-worker ThreadId(302) fenrir::services::scheduler::service: db ping failed error=invalid input: db-shell service is disabled
2025-12-08T21:02:22.735971Z  WARN tokio-runtime-worker ThreadId(937) fenrir::services::scheduler::service: db ping failed error=invalid input: db-shell service is disabled
2025-12-08T21:04:22.738777Z  WARN tokio-runtime-worker ThreadId(13) fenrir::services::scheduler::service: db ping failed error=invalid input: db-shell service is disabled
2025-12-08T21:21:23.838088Z  WARN tokio-runtime-worker ThreadId(937) fenrir::services::scheduler::service: db ping failed error=invalid input: db-shell service is disabled
2025-12-08T22:23:26.214073Z  WARN tokio-runtime-worker ThreadId(13) fenrir::services::scheduler::service: db ping failed error=invalid input: db-shell service is disabled
2025-12-08T23:37:42.644259Z  WARN tokio-runtime-worker ThreadId(302) fenrir::services::scheduler::service: db ping failed error=invalid input: db-shell service is disabled
2025-12-09T00:24:45.710152Z  WARN tokio-runtime-worker ThreadId(937) fenrir::services::scheduler::service: db ping failed error=invalid input: db-shell service is disabled
2025-12-09T01:26:47.972963Z  WARN tokio-runtime-worker ThreadId(272) fenrir::services::scheduler::service: db ping failed error=invalid input: db-shell service is disabled
2025-12-09T02:39:05.030734Z  WARN tokio-runtime-worker ThreadId(302) fenrir::services::scheduler::service: db ping failed error=invalid input: db-shell service is disabled
2025-12-09T03:45:50.525640Z  WARN tokio-runtime-worker ThreadId(13) fenrir::services::scheduler::service: db ping failed error=invalid input: db-shell service is disabled
2025-12-09T04:17:52.047067Z  WARN tokio-runtime-worker ThreadId(937) fenrir::services::scheduler::service: db ping failed error=invalid input: db-shell service is disabled
2025-12-09T05:16:14.556082Z  WARN tokio-runtime-worker ThreadId(937) fenrir::services::scheduler::service: db ping failed error=invalid input: db-shell service is disabled
2025-12-09T06:00:40.218005Z  WARN tokio-runtime-worker ThreadId(272) fenrir::services::scheduler::service: db ping failed error=invalid input: db-shell service is disabled
2025-12-09T06:47:43.110411Z  WARN tokio-runtime-worker ThreadId(272) fenrir::services::scheduler::service: db ping failed error=invalid input: db-shell service is disabled
2025-12-09T07:48:15.885810Z  WARN tokio-runtime-worker ThreadId(13) fenrir::services::scheduler::service: db ping failed error=invalid input: db-shell service is disabled
2025-12-09T08:45:26.207517Z  WARN tokio-runtime-worker ThreadId(302) fenrir::services::scheduler::service: db ping failed error=invalid input: db-shell service is disabled
2025-12-09T09:03:36.459936Z  WARN tokio-runtime-worker ThreadId(272) fenrir::services::scheduler::service: db ping failed error=invalid input: db-shell service is disabled
2025-12-09T09:05:36.463186Z  WARN tokio-runtime-worker ThreadId(13) fenrir::services::scheduler::service: db ping failed error=invalid input: db-shell service is disabled
2025-12-09T09:07:36.466262Z  WARN tokio-runtime-worker ThreadId(13) fenrir::services::scheduler::service: db ping failed error=invalid input: db-shell service is disabled
2025-12-09T09:09:36.469028Z  WARN tokio-runtime-worker ThreadId(302) fenrir::services::scheduler::service: db ping failed error=invalid input: db-shell service is disabled
2025-12-09T09:11:36.471958Z  WARN tokio-runtime-worker ThreadId(937) fenrir::services::scheduler::service: db ping failed error=invalid input: db-shell service is disabled
2025-12-09T09:13:36.475163Z  WARN tokio-runtime-worker ThreadId(13) fenrir::services::scheduler::service: db ping failed error=invalid input: db-shell service is disabled
2025-12-09T09:37:52.627415Z  WARN tokio-runtime-worker ThreadId(302) fenrir::services::scheduler::service: db ping failed error=invalid input: db-shell service is disabled
2025-12-09T09:56:04.742741Z  WARN tokio-runtime-worker ThreadId(302) fenrir::services::scheduler::service: db ping failed error=invalid input: db-shell service is disabled
2025-12-09T09:58:04.746853Z  WARN tokio-runtime-worker ThreadId(302) fenrir::services::scheduler::service: db ping failed error=invalid input: db-shell service is disabled
2025-12-09T10:00:04.749359Z  WARN tokio-runtime-worker ThreadId(13) fenrir::services::scheduler::service: db ping failed error=invalid input: db-shell service is disabled
2025-12-09T10:02:04.752595Z  WARN tokio-runtime-worker ThreadId(302) fenrir::services::scheduler::service: db ping failed error=invalid input: db-shell service is disabled
2025-12-09T10:04:04.754458Z  WARN tokio-runtime-worker ThreadId(302) fenrir::services::scheduler::service: db ping failed error=invalid input: db-shell service is disabled
2025-12-09T10:06:04.757313Z  WARN tokio-runtime-worker ThreadId(937) fenrir::services::scheduler::service: db ping failed error=invalid input: db-shell service is disabled
2025-12-09T10:08:04.759422Z  WARN tokio-runtime-worker ThreadId(937) fenrir::services::scheduler::service: db ping failed error=invalid input: db-shell service is disabled
2025-12-09T10:10:04.762600Z  WARN tokio-runtime-worker ThreadId(937) fenrir::services::scheduler::service: db ping failed error=invalid input: db-shell service is disabled
2025-12-09T10:12:04.764952Z  WARN tokio-runtime-worker ThreadId(272) fenrir::services::scheduler::service: db ping failed error=invalid input: db-shell service is disabled
2025-12-09T10:14:04.766628Z  WARN tokio-runtime-worker ThreadId(302) fenrir::services::scheduler::service: db ping failed error=invalid input: db-shell service is disabled
2025-12-09T10:16:04.769553Z  WARN tokio-runtime-worker ThreadId(13) fenrir::services::scheduler::service: db ping failed error=invalid input: db-shell service is disabled
2025-12-09T10:18:04.771629Z  WARN tokio-runtime-worker ThreadId(13) fenrir::services::scheduler::service: db ping failed error=invalid input: db-shell service is disabled
2025-12-09T10:20:04.774140Z  WARN tokio-runtime-worker ThreadId(937) fenrir::services::scheduler::service: db ping failed error=invalid input: db-shell service is disabled
2025-12-09T10:22:04.777158Z  WARN tokio-runtime-worker ThreadId(13) fenrir::services::scheduler::service: db ping failed error=invalid input: db-shell service is disabled
2025-12-09T10:24:04.779727Z  WARN tokio-runtime-worker ThreadId(272) fenrir::services::scheduler::service: db ping failed error=invalid input: db-shell service is disabled
2025-12-09T10:26:04.783009Z  WARN tokio-runtime-worker ThreadId(302) fenrir::services::scheduler::service: db ping failed error=invalid input: db-shell service is disabled
2025-12-09T10:28:04.777545Z  WARN tokio-runtime-worker ThreadId(272) fenrir::services::scheduler::service: db ping failed error=invalid input: db-shell service is disabled
2025-12-09T10:30:04.779558Z  WARN tokio-runtime-worker ThreadId(13) fenrir::services::scheduler::service: db ping failed error=invalid input: db-shell service is disabled
2025-12-09T10:32:04.782218Z  WARN tokio-runtime-worker ThreadId(13) fenrir::services::scheduler::service: db ping failed error=invalid input: db-shell service is disabled
2025-12-09T10:34:04.783890Z  WARN tokio-runtime-worker ThreadId(937) fenrir::services::scheduler::service: db ping failed error=invalid input: db-shell service is disabled
2025-12-09T10:36:04.786248Z  WARN tokio-runtime-worker ThreadId(937) fenrir::services::scheduler::service: db ping failed error=invalid input: db-shell service is disabled
2025-12-09T10:38:04.790909Z  WARN tokio-runtime-worker ThreadId(272) fenrir::services::scheduler::service: db ping failed error=invalid input: db-shell service is disabled
2025-12-09T10:40:04.794350Z  WARN tokio-runtime-worker ThreadId(937) fenrir::services::scheduler::service: db ping failed error=invalid input: db-shell service is disabled
2025-12-09T10:42:04.796596Z  WARN tokio-runtime-worker ThreadId(13) fenrir::services::scheduler::service: db ping failed error=invalid input: db-shell service is disabled
2025-12-09T10:44:04.798922Z  WARN tokio-runtime-worker ThreadId(272) fenrir::services::scheduler::service: db ping failed error=invalid input: db-shell service is disabled
2025-12-09T10:46:04.801404Z  WARN tokio-runtime-worker ThreadId(937) fenrir::services::scheduler::service: db ping failed error=invalid input: db-shell service is disabled
2025-12-09T10:48:04.803533Z  WARN tokio-runtime-worker ThreadId(13) fenrir::services::scheduler::service: db ping failed error=invalid input: db-shell service is disabled
2025-12-09T10:50:04.806863Z  WARN tokio-runtime-worker ThreadId(272) fenrir::services::scheduler::service: db ping failed error=invalid input: db-shell service is disabled
2025-12-09T10:52:04.807785Z  WARN tokio-runtime-worker ThreadId(937) fenrir::services::scheduler::service: db ping failed error=invalid input: db-shell service is disabled
2025-12-09T10:54:04.810719Z  WARN tokio-runtime-worker ThreadId(302) fenrir::services::scheduler::service: db ping failed error=invalid input: db-shell service is disabled
2025-12-09T10:56:04.813756Z  WARN tokio-runtime-worker ThreadId(272) fenrir::services::scheduler::service: db ping failed error=invalid input: db-shell service is disabled
2025-12-09T10:58:04.817840Z  WARN tokio-runtime-worker ThreadId(937) fenrir::services::scheduler::service: db ping failed error=invalid input: db-shell service is disabled
2025-12-09T11:00:04.820156Z  WARN tokio-runtime-worker ThreadId(302) fenrir::services::scheduler::service: db ping failed error=invalid input: db-shell service is disabled
2025-12-09T11:02:04.823805Z  WARN tokio-runtime-worker ThreadId(272) fenrir::services::scheduler::service: db ping failed error=invalid input: db-shell service is disabled
2025-12-09T11:04:04.827538Z  WARN tokio-runtime-worker ThreadId(13) fenrir::services::scheduler::service: db ping failed error=invalid input: db-shell service is disabled
2025-12-09T11:06:04.828797Z  WARN tokio-runtime-worker ThreadId(937) fenrir::services::scheduler::service: db ping failed error=invalid input: db-shell service is disabled
2025-12-09T11:08:04.831010Z  WARN tokio-runtime-worker ThreadId(302) fenrir::services::scheduler::service: db ping failed error=invalid input: db-shell service is disabled
2025-12-09T11:10:04.834300Z  WARN tokio-runtime-worker ThreadId(302) fenrir::services::scheduler::service: db ping failed error=invalid input: db-shell service is disabled
2025-12-09T11:12:04.836683Z  WARN tokio-runtime-worker ThreadId(272) fenrir::services::scheduler::service: db ping failed error=invalid input: db-shell service is disabled
2025-12-09T11:14:04.840214Z  WARN tokio-runtime-worker ThreadId(302) fenrir::services::scheduler::service: db ping failed error=invalid input: db-shell service is disabled
2025-12-09T11:16:04.843491Z  WARN tokio-runtime-worker ThreadId(937) fenrir::services::scheduler::service: db ping failed error=invalid input: db-shell service is disabled
2025-12-09T11:18:04.847658Z  WARN tokio-runtime-worker ThreadId(13) fenrir::services::scheduler::service: db ping failed error=invalid input: db-shell service is disabled
2025-12-09T11:20:04.851079Z  WARN tokio-runtime-worker ThreadId(937) fenrir::services::scheduler::service: db ping failed error=invalid input: db-shell service is disabled
2025-12-09T11:22:04.807306Z  WARN tokio-runtime-worker ThreadId(272) fenrir::services::scheduler::service: db ping failed error=invalid input: db-shell service is disabled
2025-12-09T11:24:04.808281Z  WARN tokio-runtime-worker ThreadId(272) fenrir::services::scheduler::service: db ping failed error=invalid input: db-shell service is disabled
2025-12-09T11:26:04.810482Z  WARN tokio-runtime-worker ThreadId(272) fenrir::services::scheduler::service: db ping failed error=invalid input: db-shell service is disabled
2025-12-09T11:28:04.812760Z  WARN tokio-runtime-worker ThreadId(492) fenrir::services::scheduler::service: db ping failed error=invalid input: db-shell service is disabled
2025-12-09T11:30:04.814069Z  WARN tokio-runtime-worker ThreadId(492) fenrir::services::scheduler::service: db ping failed error=invalid input: db-shell service is disabled
2025-12-09T11:32:04.816555Z  WARN tokio-runtime-worker ThreadId(302) fenrir::services::scheduler::service: db ping failed error=invalid input: db-shell service is disabled
2025-12-09T11:34:04.818748Z  WARN tokio-runtime-worker ThreadId(272) fenrir::services::scheduler::service: db ping failed error=invalid input: db-shell service is disabled
2025-12-09T11:36:04.819758Z  WARN tokio-runtime-worker ThreadId(13) fenrir::services::scheduler::service: db ping failed error=invalid input: db-shell service is disabled
2025-12-09T11:38:04.821189Z  WARN tokio-runtime-worker ThreadId(492) fenrir::services::scheduler::service: db ping failed error=invalid input: db-shell service is disabled
2025-12-09T11:40:04.822935Z  WARN tokio-runtime-worker ThreadId(272) fenrir::services::scheduler::service: db ping failed error=invalid input: db-shell service is disabled
2025-12-09T11:42:04.821460Z  WARN tokio-runtime-worker ThreadId(492) fenrir::services::scheduler::service: db ping failed error=invalid input: db-shell service is disabled
2025-12-09T11:44:04.807942Z  WARN tokio-runtime-worker ThreadId(13) fenrir::services::scheduler::service: db ping failed error=invalid input: db-shell service is disabled
2025-12-09T11:46:04.809789Z  WARN tokio-runtime-worker ThreadId(272) fenrir::services::scheduler::service: db ping failed error=invalid input: db-shell service is disabled
2025-12-09T11:48:04.811227Z  WARN tokio-runtime-worker ThreadId(272) fenrir::services::scheduler::service: db ping failed error=invalid input: db-shell service is disabled
2025-12-09T11:50:04.813120Z  WARN tokio-runtime-worker ThreadId(492) fenrir::services::scheduler::service: db ping failed error=invalid input: db-shell service is disabled
2025-12-09T11:52:04.812786Z  WARN tokio-runtime-worker ThreadId(272) fenrir::services::scheduler::service: db ping failed error=invalid input: db-shell service is disabled
2025-12-09T11:54:04.812342Z  WARN tokio-runtime-worker ThreadId(492) fenrir::services::scheduler::service: db ping failed error=invalid input: db-shell service is disabled
2025-12-09T11:56:04.812454Z  WARN tokio-runtime-worker ThreadId(13) fenrir::services::scheduler::service: db ping failed error=invalid input: db-shell service is disabled
2025-12-09T11:58:04.812233Z  WARN tokio-runtime-worker ThreadId(302) fenrir::services::scheduler::service: db ping failed error=invalid input: db-shell service is disabled
2025-12-09T12:00:04.813304Z  WARN tokio-runtime-worker ThreadId(492) fenrir::services::scheduler::service: db ping failed error=invalid input: db-shell service is disabled
2025-12-09T12:02:04.813699Z  WARN tokio-runtime-worker ThreadId(492) fenrir::services::scheduler::service: db ping failed error=invalid input: db-shell service is disabled
2025-12-09T12:04:04.814554Z  WARN tokio-runtime-worker ThreadId(302) fenrir::services::scheduler::service: db ping failed error=invalid input: db-shell service is disabled
2025-12-09T12:06:04.815153Z  WARN tokio-runtime-worker ThreadId(302) fenrir::services::scheduler::service: db ping failed error=invalid input: db-shell service is disabled
2025-12-09T12:08:04.814734Z  WARN tokio-runtime-worker ThreadId(13) fenrir::services::scheduler::service: db ping failed error=invalid input: db-shell service is disabled
2025-12-09T12:40:01.174530Z  WARN tokio-runtime-worker ThreadId(492) fenrir::services::scheduler::service: db ping failed error=invalid input: db-shell service is disabled
2025-12-09T12:42:01.181465Z  WARN tokio-runtime-worker ThreadId(492) fenrir::services::scheduler::service: db ping failed error=invalid input: db-shell service is disabled
2025-12-09T12:44:01.184441Z  WARN tokio-runtime-worker ThreadId(272) fenrir::services::scheduler::service: db ping failed error=invalid input: db-shell service is disabled
2025-12-09T12:50:57.269924Z  WARN tokio-runtime-worker ThreadId(492) fenrir::services::scheduler::service: db ping failed error=invalid input: db-shell service is disabled
2025-12-09T12:52:57.270894Z  WARN tokio-runtime-worker ThreadId(272) fenrir::services::scheduler::service: db ping failed error=invalid input: db-shell service is disabled
2025-12-09T12:54:57.274015Z  WARN tokio-runtime-worker ThreadId(492) fenrir::services::scheduler::service: db ping failed error=invalid input: db-shell service is disabled
2025-12-09T13:03:09.460272Z  WARN tokio-runtime-worker ThreadId(272) fenrir::services::scheduler::service: db ping failed error=invalid input: db-shell service is disabled
2025-12-09T13:05:09.461001Z  WARN tokio-runtime-worker ThreadId(272) fenrir::services::scheduler::service: db ping failed error=invalid input: db-shell service is disabled
2025-12-09T13:07:09.462583Z  WARN tokio-runtime-worker ThreadId(302) fenrir::services::scheduler::service: db ping failed error=invalid input: db-shell service is disabled
2025-12-09T13:09:09.545795Z  WARN tokio-runtime-worker ThreadId(492) fenrir::services::scheduler::service: db ping failed error=invalid input: db-shell service is disabled
2025-12-09T13:11:09.545714Z  WARN tokio-runtime-worker ThreadId(13) fenrir::services::scheduler::service: db ping failed error=invalid input: db-shell service is disabled
2025-12-09T13:13:09.545909Z  WARN tokio-runtime-worker ThreadId(302) fenrir::services::scheduler::service: db ping failed error=invalid input: db-shell service is disabled
2025-12-09T13:15:09.611249Z  WARN tokio-runtime-worker ThreadId(13) fenrir::services::scheduler::service: db ping failed error=invalid input: db-shell service is disabled
2025-12-09T13:17:09.614104Z  WARN tokio-runtime-worker ThreadId(13) fenrir::services::scheduler::service: db ping failed error=invalid input: db-shell service is disabled
2025-12-09T13:18:20.213007Z  WARN tokio-runtime-worker ThreadId(492) fenrir::infra::modules::storage: Skipping hidden module entry path=/Users/jfurocket/Documents/personal/modules/.fenrir-backups name=".fenrir-backups"
2025-12-09T13:18:20.214547Z  WARN tokio-runtime-worker ThreadId(492) fenrir::infra::modules::storage: Skipping hidden module entry path=/Users/jfurocket/Documents/personal/modules/.cache name=".cache"
2025-12-09T13:18:22.404743Z  WARN tokio-runtime-worker ThreadId(492) fenrir::infra::modules::storage: Skipping hidden module entry path=/Users/jfurocket/Documents/personal/modules/.fenrir-backups name=".fenrir-backups"
2025-12-09T13:18:22.405225Z  WARN tokio-runtime-worker ThreadId(492) fenrir::infra::modules::storage: Skipping hidden module entry path=/Users/jfurocket/Documents/personal/modules/.cache name=".cache"
2025-12-09T13:19:09.616006Z  WARN tokio-runtime-worker ThreadId(13) fenrir::services::scheduler::service: db ping failed error=invalid input: db-shell service is disabled
2025-12-09T13:21:09.637239Z  WARN tokio-runtime-worker ThreadId(302) fenrir::services::scheduler::service: db ping failed error=invalid input: db-shell service is disabled
2025-12-09T13:22:57.788251Z  INFO tokio-runtime-worker ThreadId(13) fenrir::infra::telemetry::controller: telemetry configuration updated metrics_enabled=true health_enabled=true
2025-12-09T13:22:57.788876Z  INFO tokio-runtime-worker ThreadId(13) fenrir::infra::http::server: HTTP TLS disabled
2025-12-09T13:22:57.789064Z  INFO tokio-runtime-worker ThreadId(13) fenrir::boot::transports: configuration (logging/telemetry/TLS) reloaded
2025-12-09T13:22:57.840706Z  INFO tokio-runtime-worker ThreadId(937) fenrir::infra::telemetry::controller: telemetry configuration updated metrics_enabled=true health_enabled=true
2025-12-09T13:22:57.840751Z  INFO tokio-runtime-worker ThreadId(937) fenrir::infra::http::server: HTTP TLS disabled
2025-12-09T13:22:57.840757Z  INFO tokio-runtime-worker ThreadId(937) fenrir::boot::transports: configuration (logging/telemetry/TLS) reloaded
2025-12-09T13:23:09.640152Z  WARN tokio-runtime-worker ThreadId(937) fenrir::services::scheduler::service: db ping failed error=invalid input: db-shell service is disabled
