2025-11-28T19:13:55.396409Z  INFO main ThreadId(01) fenrir::infra::logging::init: file logging initialized log_path=logs/app.log
2025-11-28T19:13:55.396524Z  INFO main ThreadId(01) fenrir::infra::logging::init: db log file prepared log_path=logs/db.log
2025-11-28T19:13:55.482009Z  INFO main ThreadId(01) fenrir::boot::startup: core services registered in registry
2025-11-28T19:13:55.482734Z  INFO main ThreadId(01) fenrir::boot::startup: scheduler service started
2025-11-28T19:13:55.482858Z  INFO tokio-runtime-worker ThreadId(13) fenrir::services::scheduler::service: scheduler heartbeat loop started
2025-11-28T19:13:55.484431Z  INFO                 main ThreadId(01) fenrir::boot::startup: audit log persistence configured path=/opt/fenrir/development/tmp/runtime/audit/fenrir-audit-history.json capacity=2048 retention_hours=24 persist_seconds=30
2025-11-28T19:13:55.491310Z  INFO                 main ThreadId(01) fenrir::infra::modules::runtime::process: loaded 2 module states from disk
2025-11-28T19:13:55.491362Z  WARN                 main ThreadId(01) fenrir::infra::modules::runtime::process: module was running but process no longer exists module_id=fenrir-api pid=85395
2025-11-28T19:13:55.491370Z  WARN                 main ThreadId(01) fenrir::infra::modules::runtime::process: module was running but process no longer exists module_id=notification-hub pid=85396
2025-11-28T19:13:55.568305Z  INFO                 main ThreadId(01) fenrir::infra::http::server: HTTP control-plane authentication via identity broker
2025-11-28T19:13:55.568383Z  INFO                 main ThreadId(01) fenrir::boot::startup: boot complete app=fenrir version=0.1.4
2025-11-28T19:13:55.572925Z  INFO                 main ThreadId(01) fenrir::boot::bootstrap: bootstrap module ready module=fenrir-api version="latest" status=AlreadyCurrent
2025-11-28T19:13:55.573865Z  WARN                 main ThreadId(01) fenrir::infra::modules::storage: Skipping hidden module entry path=/Users/jfurocket/Documents/personal/modules/.cache name=".cache"
2025-11-28T19:13:55.576072Z  INFO                 main ThreadId(01) fenrir::infra::modules::runtime::process: module process started module_id=fenrir-api pid=35021 port=None
2025-11-28T19:13:55.576499Z  INFO                 main ThreadId(01) fenrir::services::module::runtime: module started successfully module_id=fenrir-api pid=Some(35021) port=None
2025-11-28T19:13:55.577875Z  INFO                 main ThreadId(01) fenrir::infra::modules::runtime::process: module process started module_id=notification-hub pid=35022 port=None
2025-11-28T19:13:55.578038Z  INFO                 main ThreadId(01) fenrir::services::module::runtime: module started successfully module_id=notification-hub pid=Some(35022) port=None
2025-11-28T19:13:55.578112Z  INFO                 main ThreadId(01) fenrir::boot::transports: transport initialisation triggered
2025-11-28T19:13:55.578114Z  INFO tokio-runtime-worker ThreadId(04) fenrir::boot::transports: ssh server task spawned
2025-11-28T19:13:55.578324Z  INFO tokio-runtime-worker ThreadId(04) fenrir::infra::ssh::server: starting SSH server host=127.0.0.1 port=2222
2025-11-28T19:13:55.578694Z  INFO tokio-runtime-worker ThreadId(05) fenrir::infra::http::server: HTTP server task spawned
2025-11-28T19:14:03.627052Z  INFO tokio-runtime-worker ThreadId(13) thrussh::server::encrypted: pty-req: unknown pty code 42
2025-11-28T19:14:06.139090Z  WARN ThreadId(18) fenrir::infra::modules::storage: Skipping hidden module entry path=/Users/jfurocket/Documents/personal/modules/.cache name=".cache"
2025-11-28T19:14:52.038997Z  WARN ThreadId(51) fenrir::infra::modules::storage: Skipping hidden module entry path=/Users/jfurocket/Documents/personal/modules/.cache name=".cache"
2025-11-28T19:14:59.057313Z  WARN ThreadId(83) fenrir::infra::modules::storage: Skipping hidden module entry path=/Users/jfurocket/Documents/personal/modules/.cache name=".cache"
2025-11-28T19:15:12.056269Z  WARN ThreadId(116) fenrir::infra::modules::storage: Skipping hidden module entry path=/Users/jfurocket/Documents/personal/modules/.cache name=".cache"
2025-11-28T19:15:12.059097Z  WARN ThreadId(132) fenrir::infra::modules::storage: Skipping hidden module entry path=/Users/jfurocket/Documents/personal/modules/.cache name=".cache"
2025-11-28T19:15:12.626291Z  WARN ThreadId(148) fenrir::infra::modules::storage: Skipping hidden module entry path=/Users/jfurocket/Documents/personal/modules/.cache name=".cache"
2025-11-28T19:15:13.351577Z  INFO tokio-runtime-worker ThreadId(05) fenrir::infra::modules::runtime::process: module stopped module_id=notification-hub pid=35022
2025-11-28T19:15:13.856543Z  INFO tokio-runtime-worker ThreadId(12) fenrir::infra::modules::runtime::process: module stopped module_id=fenrir-api pid=35021
2025-11-28T19:15:13.859618Z  INFO tokio-runtime-worker ThreadId(12) fenrir::services::module::dev: activating module dev service override module=fenrir-api services=2
2025-11-28T19:15:28.605116Z  WARN ThreadId(165) fenrir::infra::modules::storage: Skipping hidden module entry path=/Users/jfurocket/Documents/personal/modules/.cache name=".cache"
2025-11-28T19:15:28.833489Z  WARN tokio-runtime-worker ThreadId(05) fenrir::infra::modules::storage: Skipping hidden module entry path=/Users/jfurocket/Documents/personal/modules/.cache name=".cache"
2025-11-28T19:15:28.838057Z  INFO tokio-runtime-worker ThreadId(05) fenrir::infra::modules::runtime::process: module process started module_id=fenrir-api pid=35726 port=None
2025-11-28T19:15:28.838602Z  INFO tokio-runtime-worker ThreadId(05) fenrir::services::module::runtime: module started successfully module_id=fenrir-api pid=Some(35726) port=None
2025-11-28T19:15:28.841941Z  INFO tokio-runtime-worker ThreadId(05) fenrir::infra::modules::runtime::process: module process started module_id=notification-hub pid=35727 port=None
2025-11-28T19:15:28.842797Z  INFO tokio-runtime-worker ThreadId(05) fenrir::services::module::runtime: module started successfully module_id=notification-hub pid=Some(35727) port=None
2025-11-28T19:16:10.629280Z  WARN tokio-runtime-worker ThreadId(10) fenrir::services::scheduler::service: db ping failed error=invalid input: db-shell service is disabled
2025-11-28T19:18:10.631476Z  WARN tokio-runtime-worker ThreadId(10) fenrir::services::scheduler::service: db ping failed error=invalid input: db-shell service is disabled
2025-11-28T19:20:10.633234Z  WARN tokio-runtime-worker ThreadId(10) fenrir::services::scheduler::service: db ping failed error=invalid input: db-shell service is disabled
2025-11-28T19:22:10.634661Z  WARN tokio-runtime-worker ThreadId(10) fenrir::services::scheduler::service: db ping failed error=invalid input: db-shell service is disabled
2025-11-28T19:24:10.683710Z  WARN tokio-runtime-worker ThreadId(10) fenrir::services::scheduler::service: db ping failed error=invalid input: db-shell service is disabled
2025-11-28T19:26:10.692323Z  WARN tokio-runtime-worker ThreadId(10) fenrir::services::scheduler::service: db ping failed error=invalid input: db-shell service is disabled
2025-11-28T19:28:10.699586Z  WARN tokio-runtime-worker ThreadId(10) fenrir::services::scheduler::service: db ping failed error=invalid input: db-shell service is disabled
2025-11-28T19:30:10.710086Z  WARN tokio-runtime-worker ThreadId(10) fenrir::services::scheduler::service: db ping failed error=invalid input: db-shell service is disabled
2025-11-28T19:32:10.720136Z  WARN tokio-runtime-worker ThreadId(10) fenrir::services::scheduler::service: db ping failed error=invalid input: db-shell service is disabled
2025-11-28T19:34:10.731136Z  WARN tokio-runtime-worker ThreadId(10) fenrir::services::scheduler::service: db ping failed error=invalid input: db-shell service is disabled
2025-11-28T19:36:10.737251Z  WARN tokio-runtime-worker ThreadId(10) fenrir::services::scheduler::service: db ping failed error=invalid input: db-shell service is disabled
2025-11-28T19:38:10.739670Z  WARN tokio-runtime-worker ThreadId(10) fenrir::services::scheduler::service: db ping failed error=invalid input: db-shell service is disabled
2025-11-28T19:40:10.742269Z  WARN tokio-runtime-worker ThreadId(10) fenrir::services::scheduler::service: db ping failed error=invalid input: db-shell service is disabled
2025-11-28T19:42:10.746737Z  WARN tokio-runtime-worker ThreadId(10) fenrir::services::scheduler::service: db ping failed error=invalid input: db-shell service is disabled
2025-11-28T19:44:10.750712Z  WARN tokio-runtime-worker ThreadId(10) fenrir::services::scheduler::service: db ping failed error=invalid input: db-shell service is disabled
2025-11-28T19:44:47.185628Z  INFO tokio-runtime-worker ThreadId(10) fenrir::infra::telemetry::controller: telemetry configuration updated metrics_enabled=true health_enabled=true
2025-11-28T19:44:47.185676Z  INFO tokio-runtime-worker ThreadId(10) fenrir::infra::http::server: HTTP TLS deaktiviert
2025-11-28T19:44:47.185685Z  INFO tokio-runtime-worker ThreadId(10) fenrir::boot::transports: configuration (logging/telemetry/TLS) reloaded
2025-11-28T19:44:47.189009Z  INFO tokio-runtime-worker ThreadId(10) fenrir::infra::telemetry::controller: telemetry configuration updated metrics_enabled=true health_enabled=true
2025-11-28T19:44:47.189023Z  INFO tokio-runtime-worker ThreadId(10) fenrir::infra::http::server: HTTP TLS deaktiviert
2025-11-28T19:44:47.189027Z  INFO tokio-runtime-worker ThreadId(10) fenrir::boot::transports: configuration (logging/telemetry/TLS) reloaded
2025-11-28T19:46:10.728470Z  WARN tokio-runtime-worker ThreadId(10) fenrir::services::scheduler::service: db ping failed error=invalid input: db-shell service is disabled
2025-11-28T19:48:10.724529Z  WARN tokio-runtime-worker ThreadId(10) fenrir::services::scheduler::service: db ping failed error=invalid input: db-shell service is disabled
2025-11-28T19:50:10.756729Z  WARN tokio-runtime-worker ThreadId(10) fenrir::services::scheduler::service: db ping failed error=invalid input: db-shell service is disabled
2025-11-28T19:51:58.721808Z  INFO tokio-runtime-worker ThreadId(10) thrussh::server::encrypted: pty-req: unknown pty code 42
2025-11-28T19:52:00.619973Z  WARN ThreadId(182) fenrir::infra::modules::storage: Skipping hidden module entry path=/Users/jfurocket/Documents/personal/modules/.cache name=".cache"
2025-11-28T19:52:10.758222Z  WARN tokio-runtime-worker ThreadId(10) fenrir::services::scheduler::service: db ping failed error=invalid input: db-shell service is disabled
2025-11-28T19:54:10.760477Z  WARN tokio-runtime-worker ThreadId(10) fenrir::services::scheduler::service: db ping failed error=invalid input: db-shell service is disabled
2025-11-28T20:11:09.431195Z  WARN tokio-runtime-worker ThreadId(10) fenrir::services::scheduler::service: db ping failed error=invalid input: db-shell service is disabled
2025-11-28T20:13:09.451670Z  WARN tokio-runtime-worker ThreadId(10) fenrir::services::scheduler::service: db ping failed error=invalid input: db-shell service is disabled
2025-11-28T20:15:09.454907Z  WARN tokio-runtime-worker ThreadId(10) fenrir::services::scheduler::service: db ping failed error=invalid input: db-shell service is disabled
2025-11-28T20:17:09.482281Z  WARN tokio-runtime-worker ThreadId(10) fenrir::services::scheduler::service: db ping failed error=invalid input: db-shell service is disabled
2025-11-28T20:19:09.485482Z  WARN tokio-runtime-worker ThreadId(10) fenrir::services::scheduler::service: db ping failed error=invalid input: db-shell service is disabled
2025-11-28T20:21:09.488434Z  WARN tokio-runtime-worker ThreadId(10) fenrir::services::scheduler::service: db ping failed error=invalid input: db-shell service is disabled
2025-11-28T20:23:09.491538Z  WARN tokio-runtime-worker ThreadId(10) fenrir::services::scheduler::service: db ping failed error=invalid input: db-shell service is disabled
2025-11-28T20:25:09.494466Z  WARN tokio-runtime-worker ThreadId(10) fenrir::services::scheduler::service: db ping failed error=invalid input: db-shell service is disabled
2025-11-28T20:42:08.367111Z  WARN tokio-runtime-worker ThreadId(10) fenrir::services::scheduler::service: db ping failed error=invalid input: db-shell service is disabled
2025-11-28T20:54:16.601383Z  WARN tokio-runtime-worker ThreadId(10) fenrir::services::scheduler::service: db ping failed error=invalid input: db-shell service is disabled
2025-11-28T20:56:16.604379Z  WARN tokio-runtime-worker ThreadId(10) fenrir::services::scheduler::service: db ping failed error=invalid input: db-shell service is disabled
2025-11-28T20:58:16.607324Z  WARN tokio-runtime-worker ThreadId(10) fenrir::services::scheduler::service: db ping failed error=invalid input: db-shell service is disabled
2025-11-28T21:00:16.609457Z  WARN tokio-runtime-worker ThreadId(10) fenrir::services::scheduler::service: db ping failed error=invalid input: db-shell service is disabled
2025-11-28T21:02:16.613724Z  WARN tokio-runtime-worker ThreadId(10) fenrir::services::scheduler::service: db ping failed error=invalid input: db-shell service is disabled
2025-11-28T21:04:16.616181Z  WARN tokio-runtime-worker ThreadId(10) fenrir::services::scheduler::service: db ping failed error=invalid input: db-shell service is disabled
2025-11-28T21:06:16.618306Z  WARN tokio-runtime-worker ThreadId(10) fenrir::services::scheduler::service: db ping failed error=invalid input: db-shell service is disabled
2025-11-28T21:08:16.622356Z  WARN tokio-runtime-worker ThreadId(10) fenrir::services::scheduler::service: db ping failed error=invalid input: db-shell service is disabled
2025-11-28T21:10:16.625585Z  WARN tokio-runtime-worker ThreadId(10) fenrir::services::scheduler::service: db ping failed error=invalid input: db-shell service is disabled
2025-11-28T21:12:16.628581Z  WARN tokio-runtime-worker ThreadId(10) fenrir::services::scheduler::service: db ping failed error=invalid input: db-shell service is disabled
2025-11-28T21:14:16.631777Z  WARN tokio-runtime-worker ThreadId(10) fenrir::services::scheduler::service: db ping failed error=invalid input: db-shell service is disabled
2025-11-28T21:19:46.411960Z  WARN tokio-runtime-worker ThreadId(10) fenrir::services::scheduler::service: db ping failed error=invalid input: db-shell service is disabled
2025-11-28T21:21:46.414762Z  WARN tokio-runtime-worker ThreadId(10) fenrir::services::scheduler::service: db ping failed error=invalid input: db-shell service is disabled
2025-11-28T21:23:46.417168Z  WARN tokio-runtime-worker ThreadId(10) fenrir::services::scheduler::service: db ping failed error=invalid input: db-shell service is disabled
2025-11-28T21:25:46.419194Z  WARN tokio-runtime-worker ThreadId(10) fenrir::services::scheduler::service: db ping failed error=invalid input: db-shell service is disabled
2025-11-28T21:27:46.421889Z  WARN tokio-runtime-worker ThreadId(10) fenrir::services::scheduler::service: db ping failed error=invalid input: db-shell service is disabled
2025-11-28T21:29:46.424819Z  WARN tokio-runtime-worker ThreadId(10) fenrir::services::scheduler::service: db ping failed error=invalid input: db-shell service is disabled
2025-11-28T21:31:46.427181Z  WARN tokio-runtime-worker ThreadId(10) fenrir::services::scheduler::service: db ping failed error=invalid input: db-shell service is disabled
2025-11-28T21:33:46.392464Z  WARN tokio-runtime-worker ThreadId(10) fenrir::services::scheduler::service: db ping failed error=invalid input: db-shell service is disabled
2025-11-28T21:35:46.390973Z  WARN tokio-runtime-worker ThreadId(10) fenrir::services::scheduler::service: db ping failed error=invalid input: db-shell service is disabled
2025-11-28T21:37:46.392598Z  WARN tokio-runtime-worker ThreadId(10) fenrir::services::scheduler::service: db ping failed error=invalid input: db-shell service is disabled
2025-11-28T21:39:46.394874Z  WARN tokio-runtime-worker ThreadId(10) fenrir::services::scheduler::service: db ping failed error=invalid input: db-shell service is disabled
2025-11-28T21:41:46.397203Z  WARN tokio-runtime-worker ThreadId(10) fenrir::services::scheduler::service: db ping failed error=invalid input: db-shell service is disabled
2025-11-28T21:43:46.399069Z  WARN tokio-runtime-worker ThreadId(10) fenrir::services::scheduler::service: db ping failed error=invalid input: db-shell service is disabled
2025-11-28T21:45:46.400155Z  WARN tokio-runtime-worker ThreadId(10) fenrir::services::scheduler::service: db ping failed error=invalid input: db-shell service is disabled
2025-11-28T21:47:46.402670Z  WARN tokio-runtime-worker ThreadId(10) fenrir::services::scheduler::service: db ping failed error=invalid input: db-shell service is disabled
2025-11-28T21:49:46.405432Z  WARN tokio-runtime-worker ThreadId(10) fenrir::services::scheduler::service: db ping failed error=invalid input: db-shell service is disabled
2025-11-28T21:51:46.383104Z  WARN tokio-runtime-worker ThreadId(10) fenrir::services::scheduler::service: db ping failed error=invalid input: db-shell service is disabled
2025-11-28T21:53:46.384632Z  WARN tokio-runtime-worker ThreadId(10) fenrir::services::scheduler::service: db ping failed error=invalid input: db-shell service is disabled
2025-11-28T21:55:46.385351Z  WARN tokio-runtime-worker ThreadId(10) fenrir::services::scheduler::service: db ping failed error=invalid input: db-shell service is disabled
2025-11-28T21:57:46.387627Z  WARN tokio-runtime-worker ThreadId(10) fenrir::services::scheduler::service: db ping failed error=invalid input: db-shell service is disabled
2025-11-28T21:59:46.388710Z  WARN tokio-runtime-worker ThreadId(10) fenrir::services::scheduler::service: db ping failed error=invalid input: db-shell service is disabled
2025-11-28T22:01:46.389491Z  WARN tokio-runtime-worker ThreadId(10) fenrir::services::scheduler::service: db ping failed error=invalid input: db-shell service is disabled
2025-11-28T22:03:46.390814Z  WARN tokio-runtime-worker ThreadId(10) fenrir::services::scheduler::service: db ping failed error=invalid input: db-shell service is disabled
2025-11-28T22:05:46.392221Z  WARN tokio-runtime-worker ThreadId(10) fenrir::services::scheduler::service: db ping failed error=invalid input: db-shell service is disabled
2025-11-28T22:07:46.443194Z  WARN tokio-runtime-worker ThreadId(10) fenrir::services::scheduler::service: db ping failed error=invalid input: db-shell service is disabled
2025-11-28T22:09:46.445267Z  WARN tokio-runtime-worker ThreadId(10) fenrir::services::scheduler::service: db ping failed error=invalid input: db-shell service is disabled
2025-11-28T22:11:46.448203Z  WARN tokio-runtime-worker ThreadId(10) fenrir::services::scheduler::service: db ping failed error=invalid input: db-shell service is disabled
2025-11-28T22:13:46.450887Z  WARN tokio-runtime-worker ThreadId(10) fenrir::services::scheduler::service: db ping failed error=invalid input: db-shell service is disabled
2025-11-28T22:15:46.454229Z  WARN tokio-runtime-worker ThreadId(10) fenrir::services::scheduler::service: db ping failed error=invalid input: db-shell service is disabled
2025-11-28T22:17:46.455696Z  WARN tokio-runtime-worker ThreadId(10) fenrir::services::scheduler::service: db ping failed error=invalid input: db-shell service is disabled
2025-11-28T22:19:46.457805Z  WARN tokio-runtime-worker ThreadId(10) fenrir::services::scheduler::service: db ping failed error=invalid input: db-shell service is disabled
2025-11-28T22:21:46.459710Z  WARN tokio-runtime-worker ThreadId(10) fenrir::services::scheduler::service: db ping failed error=invalid input: db-shell service is disabled
2025-11-28T22:23:46.461860Z  WARN tokio-runtime-worker ThreadId(10) fenrir::services::scheduler::service: db ping failed error=invalid input: db-shell service is disabled
2025-11-28T22:25:46.463937Z  WARN tokio-runtime-worker ThreadId(10) fenrir::services::scheduler::service: db ping failed error=invalid input: db-shell service is disabled
2025-11-28T22:27:46.465786Z  WARN tokio-runtime-worker ThreadId(10) fenrir::services::scheduler::service: db ping failed error=invalid input: db-shell service is disabled
2025-11-28T22:29:46.458024Z  WARN tokio-runtime-worker ThreadId(10) fenrir::services::scheduler::service: db ping failed error=invalid input: db-shell service is disabled
2025-11-28T22:31:46.459997Z  WARN tokio-runtime-worker ThreadId(10) fenrir::services::scheduler::service: db ping failed error=invalid input: db-shell service is disabled
2025-11-28T22:33:46.461909Z  WARN tokio-runtime-worker ThreadId(10) fenrir::services::scheduler::service: db ping failed error=invalid input: db-shell service is disabled
2025-11-28T22:35:46.464857Z  WARN tokio-runtime-worker ThreadId(10) fenrir::services::scheduler::service: db ping failed error=invalid input: db-shell service is disabled
2025-11-28T22:37:46.465738Z  WARN tokio-runtime-worker ThreadId(10) fenrir::services::scheduler::service: db ping failed error=invalid input: db-shell service is disabled
2025-11-28T22:39:46.468722Z  WARN tokio-runtime-worker ThreadId(10) fenrir::services::scheduler::service: db ping failed error=invalid input: db-shell service is disabled
2025-11-28T22:42:01.811333Z  WARN tokio-runtime-worker ThreadId(10) fenrir::services::scheduler::service: db ping failed error=invalid input: db-shell service is disabled
2025-11-28T22:44:01.814222Z  WARN tokio-runtime-worker ThreadId(10) fenrir::services::scheduler::service: db ping failed error=invalid input: db-shell service is disabled
2025-11-28T22:46:01.815485Z  WARN tokio-runtime-worker ThreadId(10) fenrir::services::scheduler::service: db ping failed error=invalid input: db-shell service is disabled
2025-11-28T22:48:01.817478Z  WARN tokio-runtime-worker ThreadId(10) fenrir::services::scheduler::service: db ping failed error=invalid input: db-shell service is disabled
2025-11-28T22:50:01.820313Z  WARN tokio-runtime-worker ThreadId(10) fenrir::services::scheduler::service: db ping failed error=invalid input: db-shell service is disabled
2025-11-28T22:52:01.822479Z  WARN tokio-runtime-worker ThreadId(10) fenrir::services::scheduler::service: db ping failed error=invalid input: db-shell service is disabled
2025-11-28T22:54:01.825051Z  WARN tokio-runtime-worker ThreadId(10) fenrir::services::scheduler::service: db ping failed error=invalid input: db-shell service is disabled
2025-11-28T22:56:01.827405Z  WARN tokio-runtime-worker ThreadId(10) fenrir::services::scheduler::service: db ping failed error=invalid input: db-shell service is disabled
2025-11-28T22:58:01.829759Z  WARN tokio-runtime-worker ThreadId(10) fenrir::services::scheduler::service: db ping failed error=invalid input: db-shell service is disabled
2025-11-28T23:00:01.831135Z  WARN tokio-runtime-worker ThreadId(10) fenrir::services::scheduler::service: db ping failed error=invalid input: db-shell service is disabled
2025-11-28T23:02:01.833442Z  WARN tokio-runtime-worker ThreadId(10) fenrir::services::scheduler::service: db ping failed error=invalid input: db-shell service is disabled
2025-11-28T23:04:01.852148Z  WARN tokio-runtime-worker ThreadId(10) fenrir::services::scheduler::service: db ping failed error=invalid input: db-shell service is disabled
2025-11-28T23:06:01.855139Z  WARN tokio-runtime-worker ThreadId(10) fenrir::services::scheduler::service: db ping failed error=invalid input: db-shell service is disabled
2025-11-28T23:08:01.858196Z  WARN tokio-runtime-worker ThreadId(10) fenrir::services::scheduler::service: db ping failed error=invalid input: db-shell service is disabled
2025-11-28T23:16:20.372871Z  WARN tokio-runtime-worker ThreadId(10) fenrir::services::scheduler::service: db ping failed error=invalid input: db-shell service is disabled
2025-11-28T23:48:20.384319Z  WARN tokio-runtime-worker ThreadId(10) fenrir::services::scheduler::service: db ping failed error=invalid input: db-shell service is disabled
2025-11-29T00:25:53.036209Z  WARN tokio-runtime-worker ThreadId(10) fenrir::services::scheduler::service: db ping failed error=invalid input: db-shell service is disabled
2025-11-29T00:57:51.796323Z  WARN tokio-runtime-worker ThreadId(10) fenrir::services::scheduler::service: db ping failed error=invalid input: db-shell service is disabled
2025-11-29T01:10:49.647511Z  WARN tokio-runtime-worker ThreadId(10) fenrir::services::scheduler::service: db ping failed error=invalid input: db-shell service is disabled
2025-11-29T01:27:49.627169Z  WARN tokio-runtime-worker ThreadId(10) fenrir::services::scheduler::service: db ping failed error=invalid input: db-shell service is disabled
2025-11-29T01:29:49.629242Z  WARN tokio-runtime-worker ThreadId(10) fenrir::services::scheduler::service: db ping failed error=invalid input: db-shell service is disabled
2025-11-29T01:31:49.632179Z  WARN tokio-runtime-worker ThreadId(10) fenrir::services::scheduler::service: db ping failed error=invalid input: db-shell service is disabled
2025-11-29T02:11:01.872907Z  WARN tokio-runtime-worker ThreadId(10) fenrir::services::scheduler::service: db ping failed error=invalid input: db-shell service is disabled
2025-11-29T02:13:01.875492Z  WARN tokio-runtime-worker ThreadId(10) fenrir::services::scheduler::service: db ping failed error=invalid input: db-shell service is disabled
2025-11-29T02:15:01.878777Z  WARN tokio-runtime-worker ThreadId(10) fenrir::services::scheduler::service: db ping failed error=invalid input: db-shell service is disabled
2025-11-29T02:23:27.296616Z  WARN tokio-runtime-worker ThreadId(10) fenrir::services::scheduler::service: db ping failed error=invalid input: db-shell service is disabled
2025-11-29T02:25:27.299890Z  WARN tokio-runtime-worker ThreadId(10) fenrir::services::scheduler::service: db ping failed error=invalid input: db-shell service is disabled
2025-11-29T02:27:27.303378Z  WARN tokio-runtime-worker ThreadId(10) fenrir::services::scheduler::service: db ping failed error=invalid input: db-shell service is disabled
2025-11-29T02:29:27.306961Z  WARN tokio-runtime-worker ThreadId(10) fenrir::services::scheduler::service: db ping failed error=invalid input: db-shell service is disabled
2025-11-29T02:31:27.311068Z  WARN tokio-runtime-worker ThreadId(10) fenrir::services::scheduler::service: db ping failed error=invalid input: db-shell service is disabled
2025-11-29T02:33:27.312704Z  WARN tokio-runtime-worker ThreadId(10) fenrir::services::scheduler::service: db ping failed error=invalid input: db-shell service is disabled
2025-11-29T02:35:27.314162Z  WARN tokio-runtime-worker ThreadId(10) fenrir::services::scheduler::service: db ping failed error=invalid input: db-shell service is disabled
2025-11-29T02:37:27.316591Z  WARN tokio-runtime-worker ThreadId(10) fenrir::services::scheduler::service: db ping failed error=invalid input: db-shell service is disabled
2025-11-29T02:39:27.318923Z  WARN tokio-runtime-worker ThreadId(10) fenrir::services::scheduler::service: db ping failed error=invalid input: db-shell service is disabled
2025-11-29T02:41:27.322810Z  WARN tokio-runtime-worker ThreadId(10) fenrir::services::scheduler::service: db ping failed error=invalid input: db-shell service is disabled
2025-11-29T02:43:27.326112Z  WARN tokio-runtime-worker ThreadId(10) fenrir::services::scheduler::service: db ping failed error=invalid input: db-shell service is disabled
2025-11-29T02:45:27.329258Z  WARN tokio-runtime-worker ThreadId(10) fenrir::services::scheduler::service: db ping failed error=invalid input: db-shell service is disabled
2025-11-29T02:47:27.332379Z  WARN tokio-runtime-worker ThreadId(10) fenrir::services::scheduler::service: db ping failed error=invalid input: db-shell service is disabled
2025-11-29T02:49:27.334886Z  WARN tokio-runtime-worker ThreadId(10) fenrir::services::scheduler::service: db ping failed error=invalid input: db-shell service is disabled
2025-11-29T02:51:27.316460Z  WARN tokio-runtime-worker ThreadId(10) fenrir::services::scheduler::service: db ping failed error=invalid input: db-shell service is disabled
2025-11-29T02:53:27.318744Z  WARN tokio-runtime-worker ThreadId(10) fenrir::services::scheduler::service: db ping failed error=invalid input: db-shell service is disabled
2025-11-29T02:55:27.320085Z  WARN tokio-runtime-worker ThreadId(10) fenrir::services::scheduler::service: db ping failed error=invalid input: db-shell service is disabled
2025-11-29T02:57:27.321049Z  WARN tokio-runtime-worker ThreadId(10) fenrir::services::scheduler::service: db ping failed error=invalid input: db-shell service is disabled
2025-11-29T02:59:27.322076Z  WARN tokio-runtime-worker ThreadId(10) fenrir::services::scheduler::service: db ping failed error=invalid input: db-shell service is disabled
2025-11-29T03:01:27.323238Z  WARN tokio-runtime-worker ThreadId(10) fenrir::services::scheduler::service: db ping failed error=invalid input: db-shell service is disabled
2025-11-29T03:03:27.325922Z  WARN tokio-runtime-worker ThreadId(10) fenrir::services::scheduler::service: db ping failed error=invalid input: db-shell service is disabled
2025-11-29T03:05:27.327551Z  WARN tokio-runtime-worker ThreadId(10) fenrir::services::scheduler::service: db ping failed error=invalid input: db-shell service is disabled
2025-11-29T03:07:27.328375Z  WARN tokio-runtime-worker ThreadId(10) fenrir::services::scheduler::service: db ping failed error=invalid input: db-shell service is disabled
2025-11-29T03:09:27.331153Z  WARN tokio-runtime-worker ThreadId(10) fenrir::services::scheduler::service: db ping failed error=invalid input: db-shell service is disabled
2025-11-29T03:11:27.332338Z  WARN tokio-runtime-worker ThreadId(10) fenrir::services::scheduler::service: db ping failed error=invalid input: db-shell service is disabled
2025-11-29T03:13:27.335132Z  WARN tokio-runtime-worker ThreadId(10) fenrir::services::scheduler::service: db ping failed error=invalid input: db-shell service is disabled
2025-11-29T03:15:27.337756Z  WARN tokio-runtime-worker ThreadId(10) fenrir::services::scheduler::service: db ping failed error=invalid input: db-shell service is disabled
2025-11-29T03:17:27.338938Z  WARN tokio-runtime-worker ThreadId(10) fenrir::services::scheduler::service: db ping failed error=invalid input: db-shell service is disabled
2025-11-29T03:19:27.303437Z  WARN tokio-runtime-worker ThreadId(10) fenrir::services::scheduler::service: db ping failed error=invalid input: db-shell service is disabled
2025-11-29T03:21:27.305135Z  WARN tokio-runtime-worker ThreadId(10) fenrir::services::scheduler::service: db ping failed error=invalid input: db-shell service is disabled
2025-11-29T03:38:24.184523Z  WARN tokio-runtime-worker ThreadId(10) fenrir::services::scheduler::service: db ping failed error=invalid input: db-shell service is disabled
2025-11-29T03:40:24.186074Z  WARN tokio-runtime-worker ThreadId(10) fenrir::services::scheduler::service: db ping failed error=invalid input: db-shell service is disabled
2025-11-29T03:42:24.186687Z  WARN tokio-runtime-worker ThreadId(10) fenrir::services::scheduler::service: db ping failed error=invalid input: db-shell service is disabled
2025-11-29T03:44:24.188399Z  WARN tokio-runtime-worker ThreadId(10) fenrir::services::scheduler::service: db ping failed error=invalid input: db-shell service is disabled
2025-11-29T03:46:24.189078Z  WARN tokio-runtime-worker ThreadId(10) fenrir::services::scheduler::service: db ping failed error=invalid input: db-shell service is disabled
2025-11-29T03:48:24.190075Z  WARN tokio-runtime-worker ThreadId(10) fenrir::services::scheduler::service: db ping failed error=invalid input: db-shell service is disabled
2025-11-29T03:50:24.191384Z  WARN tokio-runtime-worker ThreadId(10) fenrir::services::scheduler::service: db ping failed error=invalid input: db-shell service is disabled
2025-11-29T03:52:24.192263Z  WARN tokio-runtime-worker ThreadId(10) fenrir::services::scheduler::service: db ping failed error=invalid input: db-shell service is disabled
2025-11-29T03:54:24.193558Z  WARN tokio-runtime-worker ThreadId(10) fenrir::services::scheduler::service: db ping failed error=invalid input: db-shell service is disabled
2025-11-29T03:56:24.194195Z  WARN tokio-runtime-worker ThreadId(10) fenrir::services::scheduler::service: db ping failed error=invalid input: db-shell service is disabled
2025-11-29T03:58:24.260010Z  WARN tokio-runtime-worker ThreadId(10) fenrir::services::scheduler::service: db ping failed error=invalid input: db-shell service is disabled
2025-11-29T04:00:24.260341Z  WARN tokio-runtime-worker ThreadId(10) fenrir::services::scheduler::service: db ping failed error=invalid input: db-shell service is disabled
2025-11-29T04:02:24.261192Z  WARN tokio-runtime-worker ThreadId(10) fenrir::services::scheduler::service: db ping failed error=invalid input: db-shell service is disabled
2025-11-29T04:04:24.263330Z  WARN tokio-runtime-worker ThreadId(10) fenrir::services::scheduler::service: db ping failed error=invalid input: db-shell service is disabled
2025-11-29T04:06:24.264857Z  WARN tokio-runtime-worker ThreadId(10) fenrir::services::scheduler::service: db ping failed error=invalid input: db-shell service is disabled
2025-11-29T04:08:24.265941Z  WARN tokio-runtime-worker ThreadId(10) fenrir::services::scheduler::service: db ping failed error=invalid input: db-shell service is disabled
2025-11-29T04:10:24.268935Z  WARN tokio-runtime-worker ThreadId(10) fenrir::services::scheduler::service: db ping failed error=invalid input: db-shell service is disabled
2025-11-29T04:12:24.279274Z  WARN tokio-runtime-worker ThreadId(10) fenrir::services::scheduler::service: db ping failed error=invalid input: db-shell service is disabled
2025-11-29T04:14:24.281731Z  WARN tokio-runtime-worker ThreadId(10) fenrir::services::scheduler::service: db ping failed error=invalid input: db-shell service is disabled
2025-11-29T04:16:24.284896Z  WARN tokio-runtime-worker ThreadId(10) fenrir::services::scheduler::service: db ping failed error=invalid input: db-shell service is disabled
2025-11-29T04:18:24.287118Z  WARN tokio-runtime-worker ThreadId(10) fenrir::services::scheduler::service: db ping failed error=invalid input: db-shell service is disabled
2025-11-29T04:20:24.290084Z  WARN tokio-runtime-worker ThreadId(10) fenrir::services::scheduler::service: db ping failed error=invalid input: db-shell service is disabled
2025-11-29T04:22:24.292604Z  WARN tokio-runtime-worker ThreadId(10) fenrir::services::scheduler::service: db ping failed error=invalid input: db-shell service is disabled
2025-11-29T04:24:24.309893Z  WARN tokio-runtime-worker ThreadId(10) fenrir::services::scheduler::service: db ping failed error=invalid input: db-shell service is disabled
2025-11-29T04:26:24.313310Z  WARN tokio-runtime-worker ThreadId(10) fenrir::services::scheduler::service: db ping failed error=invalid input: db-shell service is disabled
2025-11-29T04:28:24.316336Z  WARN tokio-runtime-worker ThreadId(10) fenrir::services::scheduler::service: db ping failed error=invalid input: db-shell service is disabled
2025-11-29T04:30:24.320166Z  WARN tokio-runtime-worker ThreadId(10) fenrir::services::scheduler::service: db ping failed error=invalid input: db-shell service is disabled
2025-11-29T04:32:24.323482Z  WARN tokio-runtime-worker ThreadId(10) fenrir::services::scheduler::service: db ping failed error=invalid input: db-shell service is disabled
2025-11-29T04:59:57.454099Z  WARN tokio-runtime-worker ThreadId(10) fenrir::services::scheduler::service: db ping failed error=invalid input: db-shell service is disabled
2025-11-29T05:01:57.456279Z  WARN tokio-runtime-worker ThreadId(10) fenrir::services::scheduler::service: db ping failed error=invalid input: db-shell service is disabled
2025-11-29T05:03:57.458352Z  WARN tokio-runtime-worker ThreadId(10) fenrir::services::scheduler::service: db ping failed error=invalid input: db-shell service is disabled
2025-11-29T05:05:57.460701Z  WARN tokio-runtime-worker ThreadId(10) fenrir::services::scheduler::service: db ping failed error=invalid input: db-shell service is disabled
2025-11-29T05:07:57.464140Z  WARN tokio-runtime-worker ThreadId(10) fenrir::services::scheduler::service: db ping failed error=invalid input: db-shell service is disabled
2025-11-29T05:09:57.448711Z  WARN tokio-runtime-worker ThreadId(10) fenrir::services::scheduler::service: db ping failed error=invalid input: db-shell service is disabled
2025-11-29T05:11:57.449412Z  WARN tokio-runtime-worker ThreadId(10) fenrir::services::scheduler::service: db ping failed error=invalid input: db-shell service is disabled
2025-11-29T05:13:57.451155Z  WARN tokio-runtime-worker ThreadId(10) fenrir::services::scheduler::service: db ping failed error=invalid input: db-shell service is disabled
2025-11-29T05:15:57.453082Z  WARN tokio-runtime-worker ThreadId(10) fenrir::services::scheduler::service: db ping failed error=invalid input: db-shell service is disabled
2025-11-29T05:17:57.455369Z  WARN tokio-runtime-worker ThreadId(10) fenrir::services::scheduler::service: db ping failed error=invalid input: db-shell service is disabled
2025-11-29T05:19:57.457422Z  WARN tokio-runtime-worker ThreadId(10) fenrir::services::scheduler::service: db ping failed error=invalid input: db-shell service is disabled
2025-11-29T05:21:57.460901Z  WARN tokio-runtime-worker ThreadId(10) fenrir::services::scheduler::service: db ping failed error=invalid input: db-shell service is disabled
2025-11-29T05:23:57.464306Z  WARN tokio-runtime-worker ThreadId(10) fenrir::services::scheduler::service: db ping failed error=invalid input: db-shell service is disabled
2025-11-29T05:25:57.466901Z  WARN tokio-runtime-worker ThreadId(10) fenrir::services::scheduler::service: db ping failed error=invalid input: db-shell service is disabled
2025-11-29T05:27:57.469795Z  WARN tokio-runtime-worker ThreadId(10) fenrir::services::scheduler::service: db ping failed error=invalid input: db-shell service is disabled
2025-11-29T05:29:57.473496Z  WARN tokio-runtime-worker ThreadId(10) fenrir::services::scheduler::service: db ping failed error=invalid input: db-shell service is disabled
2025-11-29T05:31:57.472611Z  WARN tokio-runtime-worker ThreadId(10) fenrir::services::scheduler::service: db ping failed error=invalid input: db-shell service is disabled
2025-11-29T05:56:50.510953Z  WARN tokio-runtime-worker ThreadId(10) fenrir::services::scheduler::service: db ping failed error=invalid input: db-shell service is disabled
2025-11-29T06:04:49.601969Z  WARN tokio-runtime-worker ThreadId(10) fenrir::services::scheduler::service: db ping failed error=invalid input: db-shell service is disabled
2025-11-29T06:07:53.460009Z  WARN tokio-runtime-worker ThreadId(10) fenrir::services::scheduler::service: db ping failed error=invalid input: db-shell service is disabled
2025-11-29T06:09:53.461144Z  WARN tokio-runtime-worker ThreadId(10) fenrir::services::scheduler::service: db ping failed error=invalid input: db-shell service is disabled
2025-11-29T06:11:53.461972Z  WARN tokio-runtime-worker ThreadId(10) fenrir::services::scheduler::service: db ping failed error=invalid input: db-shell service is disabled
2025-11-29T06:13:53.462222Z  WARN tokio-runtime-worker ThreadId(10) fenrir::services::scheduler::service: db ping failed error=invalid input: db-shell service is disabled
2025-11-29T06:15:53.463203Z  WARN tokio-runtime-worker ThreadId(10) fenrir::services::scheduler::service: db ping failed error=invalid input: db-shell service is disabled
2025-11-29T06:17:53.464124Z  WARN tokio-runtime-worker ThreadId(10) fenrir::services::scheduler::service: db ping failed error=invalid input: db-shell service is disabled
2025-11-29T06:19:53.465805Z  WARN tokio-runtime-worker ThreadId(10) fenrir::services::scheduler::service: db ping failed error=invalid input: db-shell service is disabled
2025-11-29T06:21:53.465719Z  WARN tokio-runtime-worker ThreadId(10) fenrir::services::scheduler::service: db ping failed error=invalid input: db-shell service is disabled
2025-11-29T06:23:53.465470Z  WARN tokio-runtime-worker ThreadId(10) fenrir::services::scheduler::service: db ping failed error=invalid input: db-shell service is disabled
2025-11-29T06:25:53.465891Z  WARN tokio-runtime-worker ThreadId(10) fenrir::services::scheduler::service: db ping failed error=invalid input: db-shell service is disabled
2025-11-29T06:27:53.498610Z  WARN tokio-runtime-worker ThreadId(10) fenrir::services::scheduler::service: db ping failed error=invalid input: db-shell service is disabled
2025-11-29T06:29:53.500445Z  WARN tokio-runtime-worker ThreadId(10) fenrir::services::scheduler::service: db ping failed error=invalid input: db-shell service is disabled
2025-11-29T06:31:53.503646Z  WARN tokio-runtime-worker ThreadId(10) fenrir::services::scheduler::service: db ping failed error=invalid input: db-shell service is disabled
2025-11-29T06:33:53.505054Z  WARN tokio-runtime-worker ThreadId(10) fenrir::services::scheduler::service: db ping failed error=invalid input: db-shell service is disabled
2025-11-29T06:35:53.506682Z  WARN tokio-runtime-worker ThreadId(10) fenrir::services::scheduler::service: db ping failed error=invalid input: db-shell service is disabled
2025-11-29T06:37:53.509260Z  WARN tokio-runtime-worker ThreadId(10) fenrir::services::scheduler::service: db ping failed error=invalid input: db-shell service is disabled
2025-11-29T06:39:53.511032Z  WARN tokio-runtime-worker ThreadId(10) fenrir::services::scheduler::service: db ping failed error=invalid input: db-shell service is disabled
2025-11-29T06:41:53.512877Z  WARN tokio-runtime-worker ThreadId(10) fenrir::services::scheduler::service: db ping failed error=invalid input: db-shell service is disabled
2025-11-29T06:43:53.516637Z  WARN tokio-runtime-worker ThreadId(10) fenrir::services::scheduler::service: db ping failed error=invalid input: db-shell service is disabled
2025-11-29T06:45:53.519327Z  WARN tokio-runtime-worker ThreadId(10) fenrir::services::scheduler::service: db ping failed error=invalid input: db-shell service is disabled
2025-11-29T06:47:53.522764Z  WARN tokio-runtime-worker ThreadId(10) fenrir::services::scheduler::service: db ping failed error=invalid input: db-shell service is disabled
2025-11-29T06:49:53.524688Z  WARN tokio-runtime-worker ThreadId(10) fenrir::services::scheduler::service: db ping failed error=invalid input: db-shell service is disabled
2025-11-29T06:51:53.526919Z  WARN tokio-runtime-worker ThreadId(10) fenrir::services::scheduler::service: db ping failed error=invalid input: db-shell service is disabled
2025-11-29T06:53:53.529478Z  WARN tokio-runtime-worker ThreadId(10) fenrir::services::scheduler::service: db ping failed error=invalid input: db-shell service is disabled
2025-11-29T06:55:53.533618Z  WARN tokio-runtime-worker ThreadId(10) fenrir::services::scheduler::service: db ping failed error=invalid input: db-shell service is disabled
2025-11-29T07:12:53.535109Z  WARN tokio-runtime-worker ThreadId(10) fenrir::services::scheduler::service: db ping failed error=invalid input: db-shell service is disabled
2025-11-29T07:14:53.538316Z  WARN tokio-runtime-worker ThreadId(10) fenrir::services::scheduler::service: db ping failed error=invalid input: db-shell service is disabled
2025-11-29T07:16:53.539841Z  WARN tokio-runtime-worker ThreadId(10) fenrir::services::scheduler::service: db ping failed error=invalid input: db-shell service is disabled
2025-11-29T07:18:53.542462Z  WARN tokio-runtime-worker ThreadId(10) fenrir::services::scheduler::service: db ping failed error=invalid input: db-shell service is disabled
2025-11-29T07:20:53.543857Z  WARN tokio-runtime-worker ThreadId(10) fenrir::services::scheduler::service: db ping failed error=invalid input: db-shell service is disabled
2025-11-29T07:22:53.547754Z  WARN tokio-runtime-worker ThreadId(10) fenrir::services::scheduler::service: db ping failed error=invalid input: db-shell service is disabled
2025-11-29T07:24:53.549870Z  WARN tokio-runtime-worker ThreadId(10) fenrir::services::scheduler::service: db ping failed error=invalid input: db-shell service is disabled
2025-11-29T07:26:53.553089Z  WARN tokio-runtime-worker ThreadId(10) fenrir::services::scheduler::service: db ping failed error=invalid input: db-shell service is disabled
2025-11-29T07:28:53.555079Z  WARN tokio-runtime-worker ThreadId(10) fenrir::services::scheduler::service: db ping failed error=invalid input: db-shell service is disabled
2025-11-29T07:30:53.558714Z  WARN tokio-runtime-worker ThreadId(10) fenrir::services::scheduler::service: db ping failed error=invalid input: db-shell service is disabled
2025-11-29T07:32:53.562307Z  WARN tokio-runtime-worker ThreadId(10) fenrir::services::scheduler::service: db ping failed error=invalid input: db-shell service is disabled
2025-11-29T07:34:53.566179Z  WARN tokio-runtime-worker ThreadId(10) fenrir::services::scheduler::service: db ping failed error=invalid input: db-shell service is disabled
2025-11-29T07:36:53.560262Z  WARN tokio-runtime-worker ThreadId(10) fenrir::services::scheduler::service: db ping failed error=invalid input: db-shell service is disabled
2025-11-29T07:38:53.561427Z  WARN tokio-runtime-worker ThreadId(10) fenrir::services::scheduler::service: db ping failed error=invalid input: db-shell service is disabled
2025-11-29T07:40:53.562950Z  WARN tokio-runtime-worker ThreadId(10) fenrir::services::scheduler::service: db ping failed error=invalid input: db-shell service is disabled
2025-11-29T07:42:53.565321Z  WARN tokio-runtime-worker ThreadId(10) fenrir::services::scheduler::service: db ping failed error=invalid input: db-shell service is disabled
2025-11-29T07:44:53.567224Z  WARN tokio-runtime-worker ThreadId(10) fenrir::services::scheduler::service: db ping failed error=invalid input: db-shell service is disabled
2025-11-29T07:46:53.571126Z  WARN tokio-runtime-worker ThreadId(10) fenrir::services::scheduler::service: db ping failed error=invalid input: db-shell service is disabled
2025-11-29T07:48:53.573657Z  WARN tokio-runtime-worker ThreadId(10) fenrir::services::scheduler::service: db ping failed error=invalid input: db-shell service is disabled
2025-11-29T07:50:53.576668Z  WARN tokio-runtime-worker ThreadId(10) fenrir::services::scheduler::service: db ping failed error=invalid input: db-shell service is disabled
2025-11-29T07:52:53.579916Z  WARN tokio-runtime-worker ThreadId(10) fenrir::services::scheduler::service: db ping failed error=invalid input: db-shell service is disabled
2025-11-29T07:54:53.581895Z  WARN tokio-runtime-worker ThreadId(10) fenrir::services::scheduler::service: db ping failed error=invalid input: db-shell service is disabled
2025-11-29T07:56:53.585618Z  WARN tokio-runtime-worker ThreadId(10) fenrir::services::scheduler::service: db ping failed error=invalid input: db-shell service is disabled
2025-11-29T07:58:53.562638Z  WARN tokio-runtime-worker ThreadId(10) fenrir::services::scheduler::service: db ping failed error=invalid input: db-shell service is disabled
2025-11-29T08:00:53.562012Z  WARN tokio-runtime-worker ThreadId(10) fenrir::services::scheduler::service: db ping failed error=invalid input: db-shell service is disabled
2025-11-29T08:02:53.563435Z  WARN tokio-runtime-worker ThreadId(10) fenrir::services::scheduler::service: db ping failed error=invalid input: db-shell service is disabled
2025-11-29T08:04:53.566497Z  WARN tokio-runtime-worker ThreadId(10) fenrir::services::scheduler::service: db ping failed error=invalid input: db-shell service is disabled
2025-11-29T08:06:53.569579Z  WARN tokio-runtime-worker ThreadId(10) fenrir::services::scheduler::service: db ping failed error=invalid input: db-shell service is disabled
2025-11-29T08:08:53.569853Z  WARN tokio-runtime-worker ThreadId(10) fenrir::services::scheduler::service: db ping failed error=invalid input: db-shell service is disabled
2025-11-29T08:10:53.571866Z  WARN tokio-runtime-worker ThreadId(10) fenrir::services::scheduler::service: db ping failed error=invalid input: db-shell service is disabled
2025-11-29T08:12:53.573172Z  WARN tokio-runtime-worker ThreadId(10) fenrir::services::scheduler::service: db ping failed error=invalid input: db-shell service is disabled
2025-11-29T08:58:18.983388Z  WARN tokio-runtime-worker ThreadId(10) fenrir::services::scheduler::service: db ping failed error=invalid input: db-shell service is disabled
2025-11-29T09:00:18.985693Z  WARN tokio-runtime-worker ThreadId(10) fenrir::services::scheduler::service: db ping failed error=invalid input: db-shell service is disabled
2025-11-29T09:02:18.988528Z  WARN tokio-runtime-worker ThreadId(10) fenrir::services::scheduler::service: db ping failed error=invalid input: db-shell service is disabled
2025-11-29T09:04:18.993822Z  WARN tokio-runtime-worker ThreadId(10) fenrir::services::scheduler::service: db ping failed error=invalid input: db-shell service is disabled
2025-11-29T09:06:19.014772Z  WARN tokio-runtime-worker ThreadId(10) fenrir::services::scheduler::service: db ping failed error=invalid input: db-shell service is disabled
2025-11-29T09:08:19.035475Z  WARN tokio-runtime-worker ThreadId(10) fenrir::services::scheduler::service: db ping failed error=invalid input: db-shell service is disabled
2025-11-29T09:10:19.037222Z  WARN tokio-runtime-worker ThreadId(10) fenrir::services::scheduler::service: db ping failed error=invalid input: db-shell service is disabled
2025-11-29T09:12:19.040007Z  WARN tokio-runtime-worker ThreadId(10) fenrir::services::scheduler::service: db ping failed error=invalid input: db-shell service is disabled
2025-11-29T09:14:19.043925Z  WARN tokio-runtime-worker ThreadId(10) fenrir::services::scheduler::service: db ping failed error=invalid input: db-shell service is disabled
2025-11-29T09:16:19.047028Z  WARN tokio-runtime-worker ThreadId(10) fenrir::services::scheduler::service: db ping failed error=invalid input: db-shell service is disabled
2025-11-29T09:18:19.050346Z  WARN tokio-runtime-worker ThreadId(10) fenrir::services::scheduler::service: db ping failed error=invalid input: db-shell service is disabled
2025-11-29T09:20:19.054496Z  WARN tokio-runtime-worker ThreadId(10) fenrir::services::scheduler::service: db ping failed error=invalid input: db-shell service is disabled
2025-11-29T09:22:19.057334Z  WARN tokio-runtime-worker ThreadId(10) fenrir::services::scheduler::service: db ping failed error=invalid input: db-shell service is disabled
2025-11-29T09:24:19.060064Z  WARN tokio-runtime-worker ThreadId(10) fenrir::services::scheduler::service: db ping failed error=invalid input: db-shell service is disabled
2025-11-29T09:26:19.063547Z  WARN tokio-runtime-worker ThreadId(10) fenrir::services::scheduler::service: db ping failed error=invalid input: db-shell service is disabled
2025-11-29T09:28:19.066407Z  WARN tokio-runtime-worker ThreadId(10) fenrir::services::scheduler::service: db ping failed error=invalid input: db-shell service is disabled
2025-11-29T09:30:19.069146Z  WARN tokio-runtime-worker ThreadId(10) fenrir::services::scheduler::service: db ping failed error=invalid input: db-shell service is disabled
2025-11-29T09:32:19.072111Z  WARN tokio-runtime-worker ThreadId(10) fenrir::services::scheduler::service: db ping failed error=invalid input: db-shell service is disabled
2025-11-29T09:34:19.075154Z  WARN tokio-runtime-worker ThreadId(10) fenrir::services::scheduler::service: db ping failed error=invalid input: db-shell service is disabled
2025-11-29T09:36:19.094730Z  WARN tokio-runtime-worker ThreadId(10) fenrir::services::scheduler::service: db ping failed error=invalid input: db-shell service is disabled
2025-11-29T09:38:19.098699Z  WARN tokio-runtime-worker ThreadId(10) fenrir::services::scheduler::service: db ping failed error=invalid input: db-shell service is disabled
2025-11-29T09:40:19.102336Z  WARN tokio-runtime-worker ThreadId(10) fenrir::services::scheduler::service: db ping failed error=invalid input: db-shell service is disabled
2025-11-29T09:42:19.106633Z  WARN tokio-runtime-worker ThreadId(10) fenrir::services::scheduler::service: db ping failed error=invalid input: db-shell service is disabled
2025-11-29T09:44:19.110364Z  WARN tokio-runtime-worker ThreadId(10) fenrir::services::scheduler::service: db ping failed error=invalid input: db-shell service is disabled
2025-11-29T09:46:19.113501Z  WARN tokio-runtime-worker ThreadId(10) fenrir::services::scheduler::service: db ping failed error=invalid input: db-shell service is disabled
2025-11-29T09:48:19.117751Z  WARN tokio-runtime-worker ThreadId(10) fenrir::services::scheduler::service: db ping failed error=invalid input: db-shell service is disabled
2025-11-29T09:50:19.120490Z  WARN tokio-runtime-worker ThreadId(10) fenrir::services::scheduler::service: db ping failed error=invalid input: db-shell service is disabled
2025-11-29T09:52:19.124853Z  WARN tokio-runtime-worker ThreadId(10) fenrir::services::scheduler::service: db ping failed error=invalid input: db-shell service is disabled
2025-11-29T09:54:19.127915Z  WARN tokio-runtime-worker ThreadId(10) fenrir::services::scheduler::service: db ping failed error=invalid input: db-shell service is disabled
2025-11-29T09:56:19.130986Z  WARN tokio-runtime-worker ThreadId(10) fenrir::services::scheduler::service: db ping failed error=invalid input: db-shell service is disabled
2025-11-29T09:58:19.093072Z  WARN tokio-runtime-worker ThreadId(10) fenrir::services::scheduler::service: db ping failed error=invalid input: db-shell service is disabled
2025-11-29T10:15:19.211132Z  WARN tokio-runtime-worker ThreadId(10) fenrir::services::scheduler::service: db ping failed error=invalid input: db-shell service is disabled
2025-11-29T10:32:19.172253Z  WARN tokio-runtime-worker ThreadId(10) fenrir::services::scheduler::service: db ping failed error=invalid input: db-shell service is disabled
2025-11-29T10:34:19.173693Z  WARN tokio-runtime-worker ThreadId(10) fenrir::services::scheduler::service: db ping failed error=invalid input: db-shell service is disabled
2025-11-29T10:36:19.174154Z  WARN tokio-runtime-worker ThreadId(10) fenrir::services::scheduler::service: db ping failed error=invalid input: db-shell service is disabled
2025-11-29T10:38:19.174366Z  WARN tokio-runtime-worker ThreadId(10) fenrir::services::scheduler::service: db ping failed error=invalid input: db-shell service is disabled
2025-11-29T10:40:19.176104Z  WARN tokio-runtime-worker ThreadId(10) fenrir::services::scheduler::service: db ping failed error=invalid input: db-shell service is disabled
2025-11-29T10:42:19.178189Z  WARN tokio-runtime-worker ThreadId(10) fenrir::services::scheduler::service: db ping failed error=invalid input: db-shell service is disabled
2025-11-29T10:44:19.180433Z  WARN tokio-runtime-worker ThreadId(10) fenrir::services::scheduler::service: db ping failed error=invalid input: db-shell service is disabled
2025-11-29T10:46:19.180935Z  WARN tokio-runtime-worker ThreadId(10) fenrir::services::scheduler::service: db ping failed error=invalid input: db-shell service is disabled
2025-11-29T10:48:19.181197Z  WARN tokio-runtime-worker ThreadId(10) fenrir::services::scheduler::service: db ping failed error=invalid input: db-shell service is disabled
2025-11-29T10:50:19.188014Z  WARN tokio-runtime-worker ThreadId(10) fenrir::services::scheduler::service: db ping failed error=invalid input: db-shell service is disabled
2025-11-29T10:52:19.188617Z  WARN tokio-runtime-worker ThreadId(10) fenrir::services::scheduler::service: db ping failed error=invalid input: db-shell service is disabled
2025-11-29T10:54:19.189080Z  WARN tokio-runtime-worker ThreadId(10) fenrir::services::scheduler::service: db ping failed error=invalid input: db-shell service is disabled
2025-11-29T10:56:19.189684Z  WARN tokio-runtime-worker ThreadId(10) fenrir::services::scheduler::service: db ping failed error=invalid input: db-shell service is disabled
2025-11-29T10:58:19.190925Z  WARN tokio-runtime-worker ThreadId(10) fenrir::services::scheduler::service: db ping failed error=invalid input: db-shell service is disabled
2025-11-29T11:00:19.191620Z  WARN tokio-runtime-worker ThreadId(10) fenrir::services::scheduler::service: db ping failed error=invalid input: db-shell service is disabled
2025-11-29T11:02:19.191371Z  WARN tokio-runtime-worker ThreadId(10) fenrir::services::scheduler::service: db ping failed error=invalid input: db-shell service is disabled
2025-11-29T11:04:19.191651Z  WARN tokio-runtime-worker ThreadId(10) fenrir::services::scheduler::service: db ping failed error=invalid input: db-shell service is disabled
2025-11-29T11:06:19.193053Z  WARN tokio-runtime-worker ThreadId(10) fenrir::services::scheduler::service: db ping failed error=invalid input: db-shell service is disabled
2025-11-29T11:08:19.193657Z  WARN tokio-runtime-worker ThreadId(10) fenrir::services::scheduler::service: db ping failed error=invalid input: db-shell service is disabled
2025-11-29T11:10:19.196198Z  WARN tokio-runtime-worker ThreadId(10) fenrir::services::scheduler::service: db ping failed error=invalid input: db-shell service is disabled
2025-11-29T11:12:19.196610Z  WARN tokio-runtime-worker ThreadId(10) fenrir::services::scheduler::service: db ping failed error=invalid input: db-shell service is disabled
2025-11-29T11:14:19.197423Z  WARN tokio-runtime-worker ThreadId(10) fenrir::services::scheduler::service: db ping failed error=invalid input: db-shell service is disabled
2025-11-29T11:16:19.198682Z  WARN tokio-runtime-worker ThreadId(10) fenrir::services::scheduler::service: db ping failed error=invalid input: db-shell service is disabled
2025-11-29T11:18:19.199457Z  WARN tokio-runtime-worker ThreadId(10) fenrir::services::scheduler::service: db ping failed error=invalid input: db-shell service is disabled
2025-11-29T11:20:19.200000Z  WARN tokio-runtime-worker ThreadId(10) fenrir::services::scheduler::service: db ping failed error=invalid input: db-shell service is disabled
2025-11-29T11:22:19.216251Z  WARN tokio-runtime-worker ThreadId(10) fenrir::services::scheduler::service: db ping failed error=invalid input: db-shell service is disabled
2025-11-29T11:24:19.221026Z  WARN tokio-runtime-worker ThreadId(10) fenrir::services::scheduler::service: db ping failed error=invalid input: db-shell service is disabled
2025-11-29T11:26:19.222931Z  WARN tokio-runtime-worker ThreadId(10) fenrir::services::scheduler::service: db ping failed error=invalid input: db-shell service is disabled
2025-11-29T11:28:19.223721Z  WARN tokio-runtime-worker ThreadId(10) fenrir::services::scheduler::service: db ping failed error=invalid input: db-shell service is disabled
2025-11-29T11:30:19.224871Z  WARN tokio-runtime-worker ThreadId(10) fenrir::services::scheduler::service: db ping failed error=invalid input: db-shell service is disabled
2025-11-29T11:32:19.226190Z  WARN tokio-runtime-worker ThreadId(10) fenrir::services::scheduler::service: db ping failed error=invalid input: db-shell service is disabled
2025-11-29T11:34:19.228267Z  WARN tokio-runtime-worker ThreadId(10) fenrir::services::scheduler::service: db ping failed error=invalid input: db-shell service is disabled
2025-11-29T11:36:19.230241Z  WARN tokio-runtime-worker ThreadId(10) fenrir::services::scheduler::service: db ping failed error=invalid input: db-shell service is disabled
2025-11-29T11:38:19.231729Z  WARN tokio-runtime-worker ThreadId(10) fenrir::services::scheduler::service: db ping failed error=invalid input: db-shell service is disabled
2025-11-29T11:40:19.231960Z  WARN tokio-runtime-worker ThreadId(10) fenrir::services::scheduler::service: db ping failed error=invalid input: db-shell service is disabled
2025-11-29T11:42:19.233733Z  WARN tokio-runtime-worker ThreadId(10) fenrir::services::scheduler::service: db ping failed error=invalid input: db-shell service is disabled
2025-11-29T11:44:19.236129Z  WARN tokio-runtime-worker ThreadId(10) fenrir::services::scheduler::service: db ping failed error=invalid input: db-shell service is disabled
2025-11-29T11:46:19.270242Z  WARN tokio-runtime-worker ThreadId(10) fenrir::services::scheduler::service: db ping failed error=invalid input: db-shell service is disabled
2025-11-29T11:48:19.273964Z  WARN tokio-runtime-worker ThreadId(10) fenrir::services::scheduler::service: db ping failed error=invalid input: db-shell service is disabled
2025-11-29T11:50:19.276731Z  WARN tokio-runtime-worker ThreadId(10) fenrir::services::scheduler::service: db ping failed error=invalid input: db-shell service is disabled
2025-11-29T12:07:20.209725Z  WARN tokio-runtime-worker ThreadId(10) fenrir::services::scheduler::service: db ping failed error=invalid input: db-shell service is disabled
2025-11-29T12:29:14.037222Z  WARN tokio-runtime-worker ThreadId(10) fenrir::services::scheduler::service: db ping failed error=invalid input: db-shell service is disabled
2025-11-29T13:16:17.831064Z  WARN tokio-runtime-worker ThreadId(10) fenrir::services::scheduler::service: db ping failed error=invalid input: db-shell service is disabled
2025-11-29T13:38:10.237711Z  WARN tokio-runtime-worker ThreadId(10) fenrir::services::scheduler::service: db ping failed error=invalid input: db-shell service is disabled
2025-11-29T13:40:10.239191Z  WARN tokio-runtime-worker ThreadId(10) fenrir::services::scheduler::service: db ping failed error=invalid input: db-shell service is disabled
2025-11-29T13:42:10.240051Z  WARN tokio-runtime-worker ThreadId(10) fenrir::services::scheduler::service: db ping failed error=invalid input: db-shell service is disabled
2025-11-29T13:44:10.241046Z  WARN tokio-runtime-worker ThreadId(10) fenrir::services::scheduler::service: db ping failed error=invalid input: db-shell service is disabled
2025-11-29T13:46:10.241634Z  WARN tokio-runtime-worker ThreadId(10) fenrir::services::scheduler::service: db ping failed error=invalid input: db-shell service is disabled
2025-11-29T13:48:10.242011Z  WARN tokio-runtime-worker ThreadId(10) fenrir::services::scheduler::service: db ping failed error=invalid input: db-shell service is disabled
2025-11-29T13:50:10.242541Z  WARN tokio-runtime-worker ThreadId(10) fenrir::services::scheduler::service: db ping failed error=invalid input: db-shell service is disabled
2025-11-29T13:52:10.243206Z  WARN tokio-runtime-worker ThreadId(10) fenrir::services::scheduler::service: db ping failed error=invalid input: db-shell service is disabled
2025-11-29T13:54:10.244856Z  WARN tokio-runtime-worker ThreadId(10) fenrir::services::scheduler::service: db ping failed error=invalid input: db-shell service is disabled
2025-11-29T13:56:10.285540Z  WARN tokio-runtime-worker ThreadId(10) fenrir::services::scheduler::service: db ping failed error=invalid input: db-shell service is disabled
2025-11-29T14:28:11.697191Z  WARN tokio-runtime-worker ThreadId(10) fenrir::services::scheduler::service: db ping failed error=invalid input: db-shell service is disabled
2025-11-29T15:45:15.052294Z  WARN tokio-runtime-worker ThreadId(10) fenrir::services::scheduler::service: db ping failed error=invalid input: db-shell service is disabled
2025-11-29T17:14:53.971569Z  WARN tokio-runtime-worker ThreadId(10) fenrir::services::scheduler::service: db ping failed error=invalid input: db-shell service is disabled
2025-11-29T18:25:37.495691Z  WARN tokio-runtime-worker ThreadId(10) fenrir::services::scheduler::service: db ping failed error=invalid input: db-shell service is disabled
2025-11-29T18:27:37.497010Z  WARN tokio-runtime-worker ThreadId(10) fenrir::services::scheduler::service: db ping failed error=invalid input: db-shell service is disabled
2025-11-29T18:29:37.498165Z  WARN tokio-runtime-worker ThreadId(10) fenrir::services::scheduler::service: db ping failed error=invalid input: db-shell service is disabled
2025-11-29T18:31:37.500159Z  WARN tokio-runtime-worker ThreadId(10) fenrir::services::scheduler::service: db ping failed error=invalid input: db-shell service is disabled
2025-11-29T18:33:37.492342Z  WARN tokio-runtime-worker ThreadId(10) fenrir::services::scheduler::service: db ping failed error=invalid input: db-shell service is disabled
2025-11-29T18:35:37.493266Z  WARN tokio-runtime-worker ThreadId(10) fenrir::services::scheduler::service: db ping failed error=invalid input: db-shell service is disabled
2025-11-29T18:37:37.494671Z  WARN tokio-runtime-worker ThreadId(10) fenrir::services::scheduler::service: db ping failed error=invalid input: db-shell service is disabled
2025-11-29T18:39:37.495487Z  WARN tokio-runtime-worker ThreadId(10) fenrir::services::scheduler::service: db ping failed error=invalid input: db-shell service is disabled
2025-11-29T18:41:37.496184Z  WARN tokio-runtime-worker ThreadId(10) fenrir::services::scheduler::service: db ping failed error=invalid input: db-shell service is disabled
2025-11-29T18:43:37.495993Z  WARN tokio-runtime-worker ThreadId(10) fenrir::services::scheduler::service: db ping failed error=invalid input: db-shell service is disabled
2025-11-29T18:45:37.497258Z  WARN tokio-runtime-worker ThreadId(10) fenrir::services::scheduler::service: db ping failed error=invalid input: db-shell service is disabled
2025-11-29T18:47:37.498499Z  WARN tokio-runtime-worker ThreadId(10) fenrir::services::scheduler::service: db ping failed error=invalid input: db-shell service is disabled
2025-11-29T18:49:37.499086Z  WARN tokio-runtime-worker ThreadId(10) fenrir::services::scheduler::service: db ping failed error=invalid input: db-shell service is disabled
2025-11-29T18:51:37.499210Z  WARN tokio-runtime-worker ThreadId(10) fenrir::services::scheduler::service: db ping failed error=invalid input: db-shell service is disabled
2025-11-29T18:53:37.527735Z  WARN tokio-runtime-worker ThreadId(10) fenrir::services::scheduler::service: db ping failed error=invalid input: db-shell service is disabled
2025-11-29T18:55:37.536543Z  WARN tokio-runtime-worker ThreadId(10) fenrir::services::scheduler::service: db ping failed error=invalid input: db-shell service is disabled
2025-11-29T18:57:37.539045Z  WARN tokio-runtime-worker ThreadId(10) fenrir::services::scheduler::service: db ping failed error=invalid input: db-shell service is disabled
2025-11-29T18:59:37.540632Z  WARN tokio-runtime-worker ThreadId(10) fenrir::services::scheduler::service: db ping failed error=invalid input: db-shell service is disabled
2025-11-29T19:01:37.542844Z  WARN tokio-runtime-worker ThreadId(10) fenrir::services::scheduler::service: db ping failed error=invalid input: db-shell service is disabled
2025-11-29T19:03:37.545451Z  WARN tokio-runtime-worker ThreadId(10) fenrir::services::scheduler::service: db ping failed error=invalid input: db-shell service is disabled
2025-11-29T19:05:37.547911Z  WARN tokio-runtime-worker ThreadId(10) fenrir::services::scheduler::service: db ping failed error=invalid input: db-shell service is disabled
2025-11-29T19:07:37.549345Z  WARN tokio-runtime-worker ThreadId(10) fenrir::services::scheduler::service: db ping failed error=invalid input: db-shell service is disabled
2025-11-29T19:09:37.550723Z  WARN tokio-runtime-worker ThreadId(10) fenrir::services::scheduler::service: db ping failed error=invalid input: db-shell service is disabled
2025-11-29T19:11:37.554489Z  WARN tokio-runtime-worker ThreadId(10) fenrir::services::scheduler::service: db ping failed error=invalid input: db-shell service is disabled
2025-11-29T19:13:37.557886Z  WARN tokio-runtime-worker ThreadId(10) fenrir::services::scheduler::service: db ping failed error=invalid input: db-shell service is disabled
2025-11-29T19:15:37.561120Z  WARN tokio-runtime-worker ThreadId(10) fenrir::services::scheduler::service: db ping failed error=invalid input: db-shell service is disabled
2025-11-29T19:17:37.563246Z  WARN tokio-runtime-worker ThreadId(10) fenrir::services::scheduler::service: db ping failed error=invalid input: db-shell service is disabled
2025-11-29T19:19:37.564411Z  WARN tokio-runtime-worker ThreadId(10) fenrir::services::scheduler::service: db ping failed error=invalid input: db-shell service is disabled
2025-11-29T19:21:37.566541Z  WARN tokio-runtime-worker ThreadId(10) fenrir::services::scheduler::service: db ping failed error=invalid input: db-shell service is disabled
2025-11-29T19:23:37.567813Z  WARN tokio-runtime-worker ThreadId(10) fenrir::services::scheduler::service: db ping failed error=invalid input: db-shell service is disabled
2025-11-29T19:25:37.569904Z  WARN tokio-runtime-worker ThreadId(10) fenrir::services::scheduler::service: db ping failed error=invalid input: db-shell service is disabled
2025-11-29T19:27:37.572364Z  WARN tokio-runtime-worker ThreadId(10) fenrir::services::scheduler::service: db ping failed error=invalid input: db-shell service is disabled
2025-11-29T19:29:37.575904Z  WARN tokio-runtime-worker ThreadId(10) fenrir::services::scheduler::service: db ping failed error=invalid input: db-shell service is disabled
2025-11-29T19:31:37.577771Z  WARN tokio-runtime-worker ThreadId(10) fenrir::services::scheduler::service: db ping failed error=invalid input: db-shell service is disabled
2025-11-29T19:33:37.580047Z  WARN tokio-runtime-worker ThreadId(10) fenrir::services::scheduler::service: db ping failed error=invalid input: db-shell service is disabled
2025-11-29T19:35:37.581861Z  WARN tokio-runtime-worker ThreadId(10) fenrir::services::scheduler::service: db ping failed error=invalid input: db-shell service is disabled
2025-11-29T19:37:37.584655Z  WARN tokio-runtime-worker ThreadId(10) fenrir::services::scheduler::service: db ping failed error=invalid input: db-shell service is disabled
2025-11-29T19:39:37.586178Z  WARN tokio-runtime-worker ThreadId(10) fenrir::services::scheduler::service: db ping failed error=invalid input: db-shell service is disabled
2025-11-29T19:41:37.589267Z  WARN tokio-runtime-worker ThreadId(10) fenrir::services::scheduler::service: db ping failed error=invalid input: db-shell service is disabled
2025-11-29T19:43:37.592032Z  WARN tokio-runtime-worker ThreadId(10) fenrir::services::scheduler::service: db ping failed error=invalid input: db-shell service is disabled
2025-11-29T19:45:37.594144Z  WARN tokio-runtime-worker ThreadId(10) fenrir::services::scheduler::service: db ping failed error=invalid input: db-shell service is disabled
2025-11-29T19:47:37.596969Z  WARN tokio-runtime-worker ThreadId(10) fenrir::services::scheduler::service: db ping failed error=invalid input: db-shell service is disabled
2025-11-29T19:49:37.598880Z  WARN tokio-runtime-worker ThreadId(10) fenrir::services::scheduler::service: db ping failed error=invalid input: db-shell service is disabled
2025-11-29T19:51:37.604510Z  WARN tokio-runtime-worker ThreadId(10) fenrir::services::scheduler::service: db ping failed error=invalid input: db-shell service is disabled
2025-11-29T19:53:37.607930Z  WARN tokio-runtime-worker ThreadId(10) fenrir::services::scheduler::service: db ping failed error=invalid input: db-shell service is disabled
2025-11-29T19:55:37.610184Z  WARN tokio-runtime-worker ThreadId(10) fenrir::services::scheduler::service: db ping failed error=invalid input: db-shell service is disabled
2025-11-29T19:57:37.613703Z  WARN tokio-runtime-worker ThreadId(10) fenrir::services::scheduler::service: db ping failed error=invalid input: db-shell service is disabled
2025-11-29T19:59:37.614627Z  WARN tokio-runtime-worker ThreadId(10) fenrir::services::scheduler::service: db ping failed error=invalid input: db-shell service is disabled
2025-11-29T20:01:37.615437Z  WARN tokio-runtime-worker ThreadId(10) fenrir::services::scheduler::service: db ping failed error=invalid input: db-shell service is disabled
2025-11-29T20:03:37.617450Z  WARN tokio-runtime-worker ThreadId(10) fenrir::services::scheduler::service: db ping failed error=invalid input: db-shell service is disabled
2025-11-29T20:05:37.619905Z  WARN tokio-runtime-worker ThreadId(10) fenrir::services::scheduler::service: db ping failed error=invalid input: db-shell service is disabled
2025-11-29T20:07:37.622832Z  WARN tokio-runtime-worker ThreadId(10) fenrir::services::scheduler::service: db ping failed error=invalid input: db-shell service is disabled
2025-11-29T20:09:37.624628Z  WARN tokio-runtime-worker ThreadId(10) fenrir::services::scheduler::service: db ping failed error=invalid input: db-shell service is disabled
2025-11-29T20:11:37.626244Z  WARN tokio-runtime-worker ThreadId(10) fenrir::services::scheduler::service: db ping failed error=invalid input: db-shell service is disabled
2025-11-29T20:13:37.638342Z  WARN tokio-runtime-worker ThreadId(10) fenrir::services::scheduler::service: db ping failed error=invalid input: db-shell service is disabled
2025-11-29T20:15:37.640688Z  WARN tokio-runtime-worker ThreadId(10) fenrir::services::scheduler::service: db ping failed error=invalid input: db-shell service is disabled
2025-11-29T20:17:37.643350Z  WARN tokio-runtime-worker ThreadId(10) fenrir::services::scheduler::service: db ping failed error=invalid input: db-shell service is disabled
2025-11-29T20:19:37.645697Z  WARN tokio-runtime-worker ThreadId(10) fenrir::services::scheduler::service: db ping failed error=invalid input: db-shell service is disabled
2025-11-29T20:21:37.648167Z  WARN tokio-runtime-worker ThreadId(10) fenrir::services::scheduler::service: db ping failed error=invalid input: db-shell service is disabled
2025-11-29T20:23:37.651775Z  WARN tokio-runtime-worker ThreadId(10) fenrir::services::scheduler::service: db ping failed error=invalid input: db-shell service is disabled
2025-11-29T20:25:37.655117Z  WARN tokio-runtime-worker ThreadId(10) fenrir::services::scheduler::service: db ping failed error=invalid input: db-shell service is disabled
2025-11-29T20:27:37.658489Z  WARN tokio-runtime-worker ThreadId(10) fenrir::services::scheduler::service: db ping failed error=invalid input: db-shell service is disabled
2025-11-29T20:29:37.661424Z  WARN tokio-runtime-worker ThreadId(10) fenrir::services::scheduler::service: db ping failed error=invalid input: db-shell service is disabled
2025-11-29T20:31:37.666384Z  WARN tokio-runtime-worker ThreadId(10) fenrir::services::scheduler::service: db ping failed error=invalid input: db-shell service is disabled
2025-11-29T20:33:37.681840Z  WARN tokio-runtime-worker ThreadId(10) fenrir::services::scheduler::service: db ping failed error=invalid input: db-shell service is disabled
2025-11-29T20:35:37.686520Z  WARN tokio-runtime-worker ThreadId(10) fenrir::services::scheduler::service: db ping failed error=invalid input: db-shell service is disabled
2025-11-29T20:37:37.690981Z  WARN tokio-runtime-worker ThreadId(10) fenrir::services::scheduler::service: db ping failed error=invalid input: db-shell service is disabled
2025-11-29T20:39:37.693561Z  WARN tokio-runtime-worker ThreadId(10) fenrir::services::scheduler::service: db ping failed error=invalid input: db-shell service is disabled
2025-11-29T20:41:37.696803Z  WARN tokio-runtime-worker ThreadId(10) fenrir::services::scheduler::service: db ping failed error=invalid input: db-shell service is disabled
2025-11-29T20:43:37.698899Z  WARN tokio-runtime-worker ThreadId(10) fenrir::services::scheduler::service: db ping failed error=invalid input: db-shell service is disabled
2025-11-29T20:45:37.702381Z  WARN tokio-runtime-worker ThreadId(10) fenrir::services::scheduler::service: db ping failed error=invalid input: db-shell service is disabled
2025-11-29T20:47:37.704110Z  WARN tokio-runtime-worker ThreadId(10) fenrir::services::scheduler::service: db ping failed error=invalid input: db-shell service is disabled
2025-11-29T20:49:37.708900Z  WARN tokio-runtime-worker ThreadId(10) fenrir::services::scheduler::service: db ping failed error=invalid input: db-shell service is disabled
2025-11-29T20:51:37.713136Z  WARN tokio-runtime-worker ThreadId(10) fenrir::services::scheduler::service: db ping failed error=invalid input: db-shell service is disabled
2025-11-29T20:53:37.715104Z  WARN tokio-runtime-worker ThreadId(10) fenrir::services::scheduler::service: db ping failed error=invalid input: db-shell service is disabled
2025-11-29T20:55:37.722483Z  WARN tokio-runtime-worker ThreadId(10) fenrir::services::scheduler::service: db ping failed error=invalid input: db-shell service is disabled
2025-11-29T20:57:37.727304Z  WARN tokio-runtime-worker ThreadId(10) fenrir::services::scheduler::service: db ping failed error=invalid input: db-shell service is disabled
2025-11-29T20:59:37.729554Z  WARN tokio-runtime-worker ThreadId(10) fenrir::services::scheduler::service: db ping failed error=invalid input: db-shell service is disabled
2025-11-29T21:01:37.731232Z  WARN tokio-runtime-worker ThreadId(10) fenrir::services::scheduler::service: db ping failed error=invalid input: db-shell service is disabled
2025-11-29T21:03:37.733557Z  WARN tokio-runtime-worker ThreadId(10) fenrir::services::scheduler::service: db ping failed error=invalid input: db-shell service is disabled
2025-11-29T21:05:37.737177Z  WARN tokio-runtime-worker ThreadId(10) fenrir::services::scheduler::service: db ping failed error=invalid input: db-shell service is disabled
2025-11-29T21:07:37.741510Z  WARN tokio-runtime-worker ThreadId(10) fenrir::services::scheduler::service: db ping failed error=invalid input: db-shell service is disabled
2025-11-29T21:09:37.745269Z  WARN tokio-runtime-worker ThreadId(10) fenrir::services::scheduler::service: db ping failed error=invalid input: db-shell service is disabled
2025-11-29T21:11:37.749856Z  WARN tokio-runtime-worker ThreadId(10) fenrir::services::scheduler::service: db ping failed error=invalid input: db-shell service is disabled
2025-11-29T21:13:37.753212Z  WARN tokio-runtime-worker ThreadId(10) fenrir::services::scheduler::service: db ping failed error=invalid input: db-shell service is disabled
2025-11-29T21:15:37.755452Z  WARN tokio-runtime-worker ThreadId(10) fenrir::services::scheduler::service: db ping failed error=invalid input: db-shell service is disabled
2025-11-29T21:17:37.746474Z  WARN tokio-runtime-worker ThreadId(10) fenrir::services::scheduler::service: db ping failed error=invalid input: db-shell service is disabled
2025-11-29T21:19:37.749376Z  WARN tokio-runtime-worker ThreadId(10) fenrir::services::scheduler::service: db ping failed error=invalid input: db-shell service is disabled
2025-11-29T21:21:37.752873Z  WARN tokio-runtime-worker ThreadId(10) fenrir::services::scheduler::service: db ping failed error=invalid input: db-shell service is disabled
2025-11-29T21:23:37.754680Z  WARN tokio-runtime-worker ThreadId(10) fenrir::services::scheduler::service: db ping failed error=invalid input: db-shell service is disabled
2025-11-29T21:25:37.757448Z  WARN tokio-runtime-worker ThreadId(10) fenrir::services::scheduler::service: db ping failed error=invalid input: db-shell service is disabled
2025-11-29T21:27:37.760745Z  WARN tokio-runtime-worker ThreadId(10) fenrir::services::scheduler::service: db ping failed error=invalid input: db-shell service is disabled
2025-11-29T21:29:37.764428Z  WARN tokio-runtime-worker ThreadId(10) fenrir::services::scheduler::service: db ping failed error=invalid input: db-shell service is disabled
2025-11-29T21:31:37.767190Z  WARN tokio-runtime-worker ThreadId(10) fenrir::services::scheduler::service: db ping failed error=invalid input: db-shell service is disabled
2025-11-29T21:33:37.752954Z  WARN tokio-runtime-worker ThreadId(10) fenrir::services::scheduler::service: db ping failed error=invalid input: db-shell service is disabled
2025-11-29T21:35:37.755916Z  WARN tokio-runtime-worker ThreadId(10) fenrir::services::scheduler::service: db ping failed error=invalid input: db-shell service is disabled
2025-11-29T21:37:37.757909Z  WARN tokio-runtime-worker ThreadId(10) fenrir::services::scheduler::service: db ping failed error=invalid input: db-shell service is disabled
2025-11-29T21:39:37.759773Z  WARN tokio-runtime-worker ThreadId(10) fenrir::services::scheduler::service: db ping failed error=invalid input: db-shell service is disabled
2025-11-29T21:41:37.762296Z  WARN tokio-runtime-worker ThreadId(10) fenrir::services::scheduler::service: db ping failed error=invalid input: db-shell service is disabled
2025-11-29T21:43:37.765864Z  WARN tokio-runtime-worker ThreadId(10) fenrir::services::scheduler::service: db ping failed error=invalid input: db-shell service is disabled
2025-11-29T21:45:37.768413Z  WARN tokio-runtime-worker ThreadId(10) fenrir::services::scheduler::service: db ping failed error=invalid input: db-shell service is disabled
2025-11-29T21:47:37.770064Z  WARN tokio-runtime-worker ThreadId(10) fenrir::services::scheduler::service: db ping failed error=invalid input: db-shell service is disabled
2025-11-29T23:04:41.651250Z  WARN tokio-runtime-worker ThreadId(10) fenrir::services::scheduler::service: db ping failed error=invalid input: db-shell service is disabled
2025-11-30T00:19:50.276634Z  WARN tokio-runtime-worker ThreadId(10) fenrir::services::scheduler::service: db ping failed error=invalid input: db-shell service is disabled
2025-11-30T01:50:50.733565Z  WARN tokio-runtime-worker ThreadId(10) fenrir::services::scheduler::service: db ping failed error=invalid input: db-shell service is disabled
2025-11-30T03:52:56.423315Z  WARN tokio-runtime-worker ThreadId(10) fenrir::services::scheduler::service: db ping failed error=invalid input: db-shell service is disabled
2025-11-30T06:25:37.255373Z  WARN tokio-runtime-worker ThreadId(10) fenrir::services::scheduler::service: db ping failed error=invalid input: db-shell service is disabled
2025-11-30T07:56:55.274140Z  WARN tokio-runtime-worker ThreadId(10) fenrir::services::scheduler::service: db ping failed error=invalid input: db-shell service is disabled
2025-11-30T08:23:45.748185Z  WARN tokio-runtime-worker ThreadId(10) fenrir::services::scheduler::service: db ping failed error=invalid input: db-shell service is disabled
2025-11-30T08:25:45.750932Z  WARN tokio-runtime-worker ThreadId(10) fenrir::services::scheduler::service: db ping failed error=invalid input: db-shell service is disabled
2025-11-30T08:27:45.753722Z  WARN tokio-runtime-worker ThreadId(10) fenrir::services::scheduler::service: db ping failed error=invalid input: db-shell service is disabled
2025-11-30T08:29:45.756288Z  WARN tokio-runtime-worker ThreadId(10) fenrir::services::scheduler::service: db ping failed error=invalid input: db-shell service is disabled
2025-11-30T08:31:45.759844Z  WARN tokio-runtime-worker ThreadId(10) fenrir::services::scheduler::service: db ping failed error=invalid input: db-shell service is disabled
2025-11-30T08:33:45.742121Z  WARN tokio-runtime-worker ThreadId(10) fenrir::services::scheduler::service: db ping failed error=invalid input: db-shell service is disabled
2025-11-30T08:35:45.743691Z  WARN tokio-runtime-worker ThreadId(10) fenrir::services::scheduler::service: db ping failed error=invalid input: db-shell service is disabled
2025-11-30T08:37:45.745043Z  WARN tokio-runtime-worker ThreadId(10) fenrir::services::scheduler::service: db ping failed error=invalid input: db-shell service is disabled
2025-11-30T08:39:45.749164Z  WARN tokio-runtime-worker ThreadId(10) fenrir::services::scheduler::service: db ping failed error=invalid input: db-shell service is disabled
2025-11-30T08:41:45.751631Z  WARN tokio-runtime-worker ThreadId(10) fenrir::services::scheduler::service: db ping failed error=invalid input: db-shell service is disabled
2025-11-30T08:58:44.652806Z  WARN tokio-runtime-worker ThreadId(10) fenrir::services::scheduler::service: db ping failed error=invalid input: db-shell service is disabled
2025-11-30T09:15:42.632339Z  WARN tokio-runtime-worker ThreadId(10) fenrir::services::scheduler::service: db ping failed error=invalid input: db-shell service is disabled
2025-11-30T10:02:36.376571Z  WARN tokio-runtime-worker ThreadId(10) fenrir::services::scheduler::service: db ping failed error=invalid input: db-shell service is disabled
2025-11-30T10:27:05.531496Z  WARN tokio-runtime-worker ThreadId(10) fenrir::services::scheduler::service: db ping failed error=invalid input: db-shell service is disabled
2025-11-30T10:29:05.534681Z  WARN tokio-runtime-worker ThreadId(10) fenrir::services::scheduler::service: db ping failed error=invalid input: db-shell service is disabled
2025-11-30T10:31:05.536348Z  WARN tokio-runtime-worker ThreadId(10) fenrir::services::scheduler::service: db ping failed error=invalid input: db-shell service is disabled
2025-11-30T10:33:05.539336Z  WARN tokio-runtime-worker ThreadId(10) fenrir::services::scheduler::service: db ping failed error=invalid input: db-shell service is disabled
2025-11-30T10:35:05.541343Z  WARN tokio-runtime-worker ThreadId(10) fenrir::services::scheduler::service: db ping failed error=invalid input: db-shell service is disabled
2025-11-30T10:37:05.544379Z  WARN tokio-runtime-worker ThreadId(10) fenrir::services::scheduler::service: db ping failed error=invalid input: db-shell service is disabled
2025-11-30T10:39:05.545999Z  WARN tokio-runtime-worker ThreadId(10) fenrir::services::scheduler::service: db ping failed error=invalid input: db-shell service is disabled
2025-11-30T10:41:05.549071Z  WARN tokio-runtime-worker ThreadId(10) fenrir::services::scheduler::service: db ping failed error=invalid input: db-shell service is disabled
2025-11-30T10:43:05.550997Z  WARN tokio-runtime-worker ThreadId(10) fenrir::services::scheduler::service: db ping failed error=invalid input: db-shell service is disabled
2025-11-30T10:45:05.554401Z  WARN tokio-runtime-worker ThreadId(10) fenrir::services::scheduler::service: db ping failed error=invalid input: db-shell service is disabled
2025-11-30T10:47:05.557157Z  WARN tokio-runtime-worker ThreadId(10) fenrir::services::scheduler::service: db ping failed error=invalid input: db-shell service is disabled
2025-11-30T10:49:05.560505Z  WARN tokio-runtime-worker ThreadId(10) fenrir::services::scheduler::service: db ping failed error=invalid input: db-shell service is disabled
2025-11-30T10:51:05.563083Z  WARN tokio-runtime-worker ThreadId(10) fenrir::services::scheduler::service: db ping failed error=invalid input: db-shell service is disabled
2025-11-30T10:53:05.571402Z  WARN tokio-runtime-worker ThreadId(10) fenrir::services::scheduler::service: db ping failed error=invalid input: db-shell service is disabled
2025-11-30T10:55:05.574514Z  WARN tokio-runtime-worker ThreadId(10) fenrir::services::scheduler::service: db ping failed error=invalid input: db-shell service is disabled
2025-11-30T10:57:05.578271Z  WARN tokio-runtime-worker ThreadId(10) fenrir::services::scheduler::service: db ping failed error=invalid input: db-shell service is disabled
2025-11-30T10:59:05.579959Z  WARN tokio-runtime-worker ThreadId(10) fenrir::services::scheduler::service: db ping failed error=invalid input: db-shell service is disabled
2025-11-30T11:01:05.583971Z  WARN tokio-runtime-worker ThreadId(10) fenrir::services::scheduler::service: db ping failed error=invalid input: db-shell service is disabled
2025-11-30T11:03:05.586372Z  WARN tokio-runtime-worker ThreadId(10) fenrir::services::scheduler::service: db ping failed error=invalid input: db-shell service is disabled
2025-11-30T11:05:05.590144Z  WARN tokio-runtime-worker ThreadId(10) fenrir::services::scheduler::service: db ping failed error=invalid input: db-shell service is disabled
2025-11-30T11:07:05.593588Z  WARN tokio-runtime-worker ThreadId(10) fenrir::services::scheduler::service: db ping failed error=invalid input: db-shell service is disabled
2025-11-30T11:09:05.595803Z  WARN tokio-runtime-worker ThreadId(10) fenrir::services::scheduler::service: db ping failed error=invalid input: db-shell service is disabled
2025-11-30T11:11:05.546216Z  WARN tokio-runtime-worker ThreadId(10) fenrir::services::scheduler::service: db ping failed error=invalid input: db-shell service is disabled
2025-11-30T11:13:05.546908Z  WARN tokio-runtime-worker ThreadId(10) fenrir::services::scheduler::service: db ping failed error=invalid input: db-shell service is disabled
2025-11-30T11:15:05.548400Z  WARN tokio-runtime-worker ThreadId(10) fenrir::services::scheduler::service: db ping failed error=invalid input: db-shell service is disabled
2025-11-30T11:17:05.549814Z  WARN tokio-runtime-worker ThreadId(10) fenrir::services::scheduler::service: db ping failed error=invalid input: db-shell service is disabled
2025-11-30T11:19:05.551816Z  WARN tokio-runtime-worker ThreadId(10) fenrir::services::scheduler::service: db ping failed error=invalid input: db-shell service is disabled
2025-11-30T11:21:05.554606Z  WARN tokio-runtime-worker ThreadId(10) fenrir::services::scheduler::service: db ping failed error=invalid input: db-shell service is disabled
2025-11-30T11:23:05.556251Z  WARN tokio-runtime-worker ThreadId(10) fenrir::services::scheduler::service: db ping failed error=invalid input: db-shell service is disabled
2025-11-30T11:25:05.557811Z  WARN tokio-runtime-worker ThreadId(10) fenrir::services::scheduler::service: db ping failed error=invalid input: db-shell service is disabled
2025-11-30T11:27:05.558802Z  WARN tokio-runtime-worker ThreadId(10) fenrir::services::scheduler::service: db ping failed error=invalid input: db-shell service is disabled
2025-11-30T11:29:05.559660Z  WARN tokio-runtime-worker ThreadId(10) fenrir::services::scheduler::service: db ping failed error=invalid input: db-shell service is disabled
2025-11-30T11:31:05.560458Z  WARN tokio-runtime-worker ThreadId(10) fenrir::services::scheduler::service: db ping failed error=invalid input: db-shell service is disabled
2025-11-30T11:33:05.561500Z  WARN tokio-runtime-worker ThreadId(10) fenrir::services::scheduler::service: db ping failed error=invalid input: db-shell service is disabled
2025-11-30T11:35:05.562019Z  WARN tokio-runtime-worker ThreadId(10) fenrir::services::scheduler::service: db ping failed error=invalid input: db-shell service is disabled
2025-11-30T11:37:05.561277Z  WARN tokio-runtime-worker ThreadId(10) fenrir::services::scheduler::service: db ping failed error=invalid input: db-shell service is disabled
2025-11-30T11:39:05.561466Z  WARN tokio-runtime-worker ThreadId(10) fenrir::services::scheduler::service: db ping failed error=invalid input: db-shell service is disabled
2025-11-30T11:41:05.562972Z  WARN tokio-runtime-worker ThreadId(10) fenrir::services::scheduler::service: db ping failed error=invalid input: db-shell service is disabled
2025-11-30T11:43:05.563695Z  WARN tokio-runtime-worker ThreadId(10) fenrir::services::scheduler::service: db ping failed error=invalid input: db-shell service is disabled
2025-11-30T11:45:05.564783Z  WARN tokio-runtime-worker ThreadId(10) fenrir::services::scheduler::service: db ping failed error=invalid input: db-shell service is disabled
2025-11-30T11:47:05.565534Z  WARN tokio-runtime-worker ThreadId(10) fenrir::services::scheduler::service: db ping failed error=invalid input: db-shell service is disabled
2025-11-30T11:49:05.567448Z  WARN tokio-runtime-worker ThreadId(10) fenrir::services::scheduler::service: db ping failed error=invalid input: db-shell service is disabled
2025-11-30T11:51:05.570539Z  WARN tokio-runtime-worker ThreadId(10) fenrir::services::scheduler::service: db ping failed error=invalid input: db-shell service is disabled
2025-11-30T11:53:05.572740Z  WARN tokio-runtime-worker ThreadId(10) fenrir::services::scheduler::service: db ping failed error=invalid input: db-shell service is disabled
2025-11-30T11:55:05.573834Z  WARN tokio-runtime-worker ThreadId(10) fenrir::services::scheduler::service: db ping failed error=invalid input: db-shell service is disabled
2025-11-30T11:57:05.575698Z  WARN tokio-runtime-worker ThreadId(10) fenrir::services::scheduler::service: db ping failed error=invalid input: db-shell service is disabled
2025-11-30T11:59:05.576552Z  WARN tokio-runtime-worker ThreadId(10) fenrir::services::scheduler::service: db ping failed error=invalid input: db-shell service is disabled
2025-11-30T12:01:05.613125Z  WARN tokio-runtime-worker ThreadId(10) fenrir::services::scheduler::service: db ping failed error=invalid input: db-shell service is disabled
2025-11-30T12:03:05.616430Z  WARN tokio-runtime-worker ThreadId(10) fenrir::services::scheduler::service: db ping failed error=invalid input: db-shell service is disabled
2025-11-30T12:05:05.620404Z  WARN tokio-runtime-worker ThreadId(10) fenrir::services::scheduler::service: db ping failed error=invalid input: db-shell service is disabled
2025-11-30T12:07:05.622902Z  WARN tokio-runtime-worker ThreadId(10) fenrir::services::scheduler::service: db ping failed error=invalid input: db-shell service is disabled
2025-11-30T12:09:05.627047Z  WARN tokio-runtime-worker ThreadId(10) fenrir::services::scheduler::service: db ping failed error=invalid input: db-shell service is disabled
2025-11-30T12:11:05.628365Z  WARN tokio-runtime-worker ThreadId(10) fenrir::services::scheduler::service: db ping failed error=invalid input: db-shell service is disabled
2025-11-30T12:13:05.631783Z  WARN tokio-runtime-worker ThreadId(10) fenrir::services::scheduler::service: db ping failed error=invalid input: db-shell service is disabled
2025-11-30T12:15:05.634291Z  WARN tokio-runtime-worker ThreadId(10) fenrir::services::scheduler::service: db ping failed error=invalid input: db-shell service is disabled
2025-11-30T12:17:05.637282Z  WARN tokio-runtime-worker ThreadId(10) fenrir::services::scheduler::service: db ping failed error=invalid input: db-shell service is disabled
2025-11-30T12:19:05.640492Z  WARN tokio-runtime-worker ThreadId(10) fenrir::services::scheduler::service: db ping failed error=invalid input: db-shell service is disabled
2025-11-30T12:21:05.644021Z  WARN tokio-runtime-worker ThreadId(10) fenrir::services::scheduler::service: db ping failed error=invalid input: db-shell service is disabled
2025-11-30T12:23:05.646955Z  WARN tokio-runtime-worker ThreadId(10) fenrir::services::scheduler::service: db ping failed error=invalid input: db-shell service is disabled
2025-11-30T12:25:05.649548Z  WARN tokio-runtime-worker ThreadId(10) fenrir::services::scheduler::service: db ping failed error=invalid input: db-shell service is disabled
2025-11-30T12:27:05.651689Z  WARN tokio-runtime-worker ThreadId(10) fenrir::services::scheduler::service: db ping failed error=invalid input: db-shell service is disabled
2025-11-30T12:29:05.684339Z  WARN tokio-runtime-worker ThreadId(10) fenrir::services::scheduler::service: db ping failed error=invalid input: db-shell service is disabled
2025-11-30T12:31:05.688146Z  WARN tokio-runtime-worker ThreadId(10) fenrir::services::scheduler::service: db ping failed error=invalid input: db-shell service is disabled
2025-11-30T12:33:05.690410Z  WARN tokio-runtime-worker ThreadId(10) fenrir::services::scheduler::service: db ping failed error=invalid input: db-shell service is disabled
2025-11-30T12:35:05.694707Z  WARN tokio-runtime-worker ThreadId(10) fenrir::services::scheduler::service: db ping failed error=invalid input: db-shell service is disabled
2025-11-30T12:37:05.698883Z  WARN tokio-runtime-worker ThreadId(10) fenrir::services::scheduler::service: db ping failed error=invalid input: db-shell service is disabled
2025-11-30T12:39:05.703093Z  WARN tokio-runtime-worker ThreadId(10) fenrir::services::scheduler::service: db ping failed error=invalid input: db-shell service is disabled
2025-11-30T12:41:05.707673Z  WARN tokio-runtime-worker ThreadId(10) fenrir::services::scheduler::service: db ping failed error=invalid input: db-shell service is disabled
2025-11-30T12:43:05.712713Z  WARN tokio-runtime-worker ThreadId(10) fenrir::services::scheduler::service: db ping failed error=invalid input: db-shell service is disabled
2025-11-30T12:45:05.716510Z  WARN tokio-runtime-worker ThreadId(10) fenrir::services::scheduler::service: db ping failed error=invalid input: db-shell service is disabled
2025-11-30T12:47:05.720267Z  WARN tokio-runtime-worker ThreadId(10) fenrir::services::scheduler::service: db ping failed error=invalid input: db-shell service is disabled
2025-11-30T13:23:43.003175Z  WARN tokio-runtime-worker ThreadId(10) fenrir::services::scheduler::service: db ping failed error=invalid input: db-shell service is disabled
2025-11-30T13:55:43.149747Z  WARN tokio-runtime-worker ThreadId(10) fenrir::services::scheduler::service: db ping failed error=invalid input: db-shell service is disabled
2025-11-30T14:27:43.028709Z  WARN tokio-runtime-worker ThreadId(10) fenrir::services::scheduler::service: db ping failed error=invalid input: db-shell service is disabled
2025-11-30T14:48:45.321940Z  WARN tokio-runtime-worker ThreadId(10) fenrir::services::scheduler::service: db ping failed error=invalid input: db-shell service is disabled
2025-11-30T15:05:45.249193Z  WARN tokio-runtime-worker ThreadId(10) fenrir::services::scheduler::service: db ping failed error=invalid input: db-shell service is disabled
2025-11-30T15:07:45.251999Z  WARN tokio-runtime-worker ThreadId(10) fenrir::services::scheduler::service: db ping failed error=invalid input: db-shell service is disabled
2025-11-30T15:09:45.255393Z  WARN tokio-runtime-worker ThreadId(10) fenrir::services::scheduler::service: db ping failed error=invalid input: db-shell service is disabled
2025-11-30T15:26:45.218113Z  WARN tokio-runtime-worker ThreadId(10) fenrir::services::scheduler::service: db ping failed error=invalid input: db-shell service is disabled
2025-11-30T15:28:45.219879Z  WARN tokio-runtime-worker ThreadId(10) fenrir::services::scheduler::service: db ping failed error=invalid input: db-shell service is disabled
2025-11-30T15:30:45.221470Z  WARN tokio-runtime-worker ThreadId(10) fenrir::services::scheduler::service: db ping failed error=invalid input: db-shell service is disabled
2025-11-30T15:32:45.222714Z  WARN tokio-runtime-worker ThreadId(10) fenrir::services::scheduler::service: db ping failed error=invalid input: db-shell service is disabled
2025-11-30T15:34:45.225002Z  WARN tokio-runtime-worker ThreadId(10) fenrir::services::scheduler::service: db ping failed error=invalid input: db-shell service is disabled
2025-11-30T15:36:45.226845Z  WARN tokio-runtime-worker ThreadId(10) fenrir::services::scheduler::service: db ping failed error=invalid input: db-shell service is disabled
2025-11-30T15:38:45.230022Z  WARN tokio-runtime-worker ThreadId(10) fenrir::services::scheduler::service: db ping failed error=invalid input: db-shell service is disabled
2025-11-30T15:40:45.231283Z  WARN tokio-runtime-worker ThreadId(10) fenrir::services::scheduler::service: db ping failed error=invalid input: db-shell service is disabled
2025-11-30T15:42:45.234088Z  WARN tokio-runtime-worker ThreadId(10) fenrir::services::scheduler::service: db ping failed error=invalid input: db-shell service is disabled
2025-11-30T15:44:45.235399Z  WARN tokio-runtime-worker ThreadId(10) fenrir::services::scheduler::service: db ping failed error=invalid input: db-shell service is disabled
2025-11-30T15:46:45.241450Z  WARN tokio-runtime-worker ThreadId(10) fenrir::services::scheduler::service: db ping failed error=invalid input: db-shell service is disabled
2025-11-30T15:48:45.249553Z  WARN tokio-runtime-worker ThreadId(10) fenrir::services::scheduler::service: db ping failed error=invalid input: db-shell service is disabled
2025-11-30T15:50:45.251732Z  WARN tokio-runtime-worker ThreadId(10) fenrir::services::scheduler::service: db ping failed error=invalid input: db-shell service is disabled
2025-11-30T15:52:45.253940Z  WARN tokio-runtime-worker ThreadId(10) fenrir::services::scheduler::service: db ping failed error=invalid input: db-shell service is disabled
2025-11-30T15:54:45.257051Z  WARN tokio-runtime-worker ThreadId(10) fenrir::services::scheduler::service: db ping failed error=invalid input: db-shell service is disabled
2025-11-30T15:56:45.259851Z  WARN tokio-runtime-worker ThreadId(10) fenrir::services::scheduler::service: db ping failed error=invalid input: db-shell service is disabled
2025-11-30T15:58:45.260667Z  WARN tokio-runtime-worker ThreadId(10) fenrir::services::scheduler::service: db ping failed error=invalid input: db-shell service is disabled
2025-11-30T16:00:45.263234Z  WARN tokio-runtime-worker ThreadId(10) fenrir::services::scheduler::service: db ping failed error=invalid input: db-shell service is disabled
2025-11-30T16:02:45.265950Z  WARN tokio-runtime-worker ThreadId(10) fenrir::services::scheduler::service: db ping failed error=invalid input: db-shell service is disabled
2025-11-30T16:04:45.269323Z  WARN tokio-runtime-worker ThreadId(10) fenrir::services::scheduler::service: db ping failed error=invalid input: db-shell service is disabled
2025-11-30T16:06:45.272337Z  WARN tokio-runtime-worker ThreadId(10) fenrir::services::scheduler::service: db ping failed error=invalid input: db-shell service is disabled
2025-11-30T16:08:45.261541Z  WARN tokio-runtime-worker ThreadId(10) fenrir::services::scheduler::service: db ping failed error=invalid input: db-shell service is disabled
2025-11-30T16:10:45.263650Z  WARN tokio-runtime-worker ThreadId(10) fenrir::services::scheduler::service: db ping failed error=invalid input: db-shell service is disabled
2025-11-30T16:12:45.266224Z  WARN tokio-runtime-worker ThreadId(12) fenrir::services::scheduler::service: db ping failed error=invalid input: db-shell service is disabled
2025-11-30T16:14:45.268685Z  WARN tokio-runtime-worker ThreadId(12) fenrir::services::scheduler::service: db ping failed error=invalid input: db-shell service is disabled
2025-11-30T16:16:45.271772Z  WARN tokio-runtime-worker ThreadId(12) fenrir::services::scheduler::service: db ping failed error=invalid input: db-shell service is disabled
2025-11-30T16:18:45.273199Z  WARN tokio-runtime-worker ThreadId(12) fenrir::services::scheduler::service: db ping failed error=invalid input: db-shell service is disabled
2025-11-30T16:20:45.274405Z  WARN tokio-runtime-worker ThreadId(12) fenrir::services::scheduler::service: db ping failed error=invalid input: db-shell service is disabled
2025-11-30T16:22:45.275325Z  WARN tokio-runtime-worker ThreadId(12) fenrir::services::scheduler::service: db ping failed error=invalid input: db-shell service is disabled
2025-11-30T16:24:45.277083Z  WARN tokio-runtime-worker ThreadId(12) fenrir::services::scheduler::service: db ping failed error=invalid input: db-shell service is disabled
2025-11-30T16:41:45.319953Z  WARN tokio-runtime-worker ThreadId(12) fenrir::services::scheduler::service: db ping failed error=invalid input: db-shell service is disabled
2025-11-30T17:05:45.095236Z  WARN tokio-runtime-worker ThreadId(12) fenrir::services::scheduler::service: db ping failed error=invalid input: db-shell service is disabled
2025-11-30T17:07:45.099973Z  WARN tokio-runtime-worker ThreadId(12) fenrir::services::scheduler::service: db ping failed error=invalid input: db-shell service is disabled
2025-11-30T17:24:45.131938Z  WARN tokio-runtime-worker ThreadId(12) fenrir::services::scheduler::service: db ping failed error=invalid input: db-shell service is disabled
2025-11-30T17:26:45.142166Z  WARN tokio-runtime-worker ThreadId(12) fenrir::services::scheduler::service: db ping failed error=invalid input: db-shell service is disabled
2025-11-30T17:28:45.144542Z  WARN tokio-runtime-worker ThreadId(12) fenrir::services::scheduler::service: db ping failed error=invalid input: db-shell service is disabled
2025-11-30T17:30:45.146354Z  WARN tokio-runtime-worker ThreadId(12) fenrir::services::scheduler::service: db ping failed error=invalid input: db-shell service is disabled
2025-11-30T17:32:45.148709Z  WARN tokio-runtime-worker ThreadId(12) fenrir::services::scheduler::service: db ping failed error=invalid input: db-shell service is disabled
2025-11-30T17:34:45.150235Z  WARN tokio-runtime-worker ThreadId(12) fenrir::services::scheduler::service: db ping failed error=invalid input: db-shell service is disabled
2025-11-30T17:36:45.151918Z  WARN tokio-runtime-worker ThreadId(12) fenrir::services::scheduler::service: db ping failed error=invalid input: db-shell service is disabled
2025-11-30T17:38:45.153957Z  WARN tokio-runtime-worker ThreadId(12) fenrir::services::scheduler::service: db ping failed error=invalid input: db-shell service is disabled
2025-11-30T17:55:45.122200Z  WARN tokio-runtime-worker ThreadId(12) fenrir::services::scheduler::service: db ping failed error=invalid input: db-shell service is disabled
2025-11-30T17:57:45.125127Z  WARN tokio-runtime-worker ThreadId(12) fenrir::services::scheduler::service: db ping failed error=invalid input: db-shell service is disabled
2025-11-30T17:59:45.128341Z  WARN tokio-runtime-worker ThreadId(12) fenrir::services::scheduler::service: db ping failed error=invalid input: db-shell service is disabled
2025-11-30T18:01:45.131662Z  WARN tokio-runtime-worker ThreadId(12) fenrir::services::scheduler::service: db ping failed error=invalid input: db-shell service is disabled
2025-11-30T18:03:45.133232Z  WARN tokio-runtime-worker ThreadId(12) fenrir::services::scheduler::service: db ping failed error=invalid input: db-shell service is disabled
2025-11-30T18:05:45.135408Z  WARN tokio-runtime-worker ThreadId(12) fenrir::services::scheduler::service: db ping failed error=invalid input: db-shell service is disabled
2025-11-30T18:07:45.139327Z  WARN tokio-runtime-worker ThreadId(12) fenrir::services::scheduler::service: db ping failed error=invalid input: db-shell service is disabled
2025-11-30T18:09:45.142380Z  WARN tokio-runtime-worker ThreadId(12) fenrir::services::scheduler::service: db ping failed error=invalid input: db-shell service is disabled
2025-11-30T18:11:45.143874Z  WARN tokio-runtime-worker ThreadId(12) fenrir::services::scheduler::service: db ping failed error=invalid input: db-shell service is disabled
2025-11-30T18:13:45.123766Z  WARN tokio-runtime-worker ThreadId(12) fenrir::services::scheduler::service: db ping failed error=invalid input: db-shell service is disabled
2025-11-30T18:15:45.104451Z  WARN tokio-runtime-worker ThreadId(12) fenrir::services::scheduler::service: db ping failed error=invalid input: db-shell service is disabled
2025-11-30T18:17:45.106355Z  WARN tokio-runtime-worker ThreadId(12) fenrir::services::scheduler::service: db ping failed error=invalid input: db-shell service is disabled
2025-11-30T18:19:45.107563Z  WARN tokio-runtime-worker ThreadId(12) fenrir::services::scheduler::service: db ping failed error=invalid input: db-shell service is disabled
2025-11-30T18:21:45.108860Z  WARN tokio-runtime-worker ThreadId(12) fenrir::services::scheduler::service: db ping failed error=invalid input: db-shell service is disabled
2025-11-30T18:23:45.110359Z  WARN tokio-runtime-worker ThreadId(12) fenrir::services::scheduler::service: db ping failed error=invalid input: db-shell service is disabled
2025-11-30T18:25:45.112359Z  WARN tokio-runtime-worker ThreadId(12) fenrir::services::scheduler::service: db ping failed error=invalid input: db-shell service is disabled
2025-11-30T18:27:45.113729Z  WARN tokio-runtime-worker ThreadId(12) fenrir::services::scheduler::service: db ping failed error=invalid input: db-shell service is disabled
2025-11-30T18:29:45.115315Z  WARN tokio-runtime-worker ThreadId(12) fenrir::services::scheduler::service: db ping failed error=invalid input: db-shell service is disabled
2025-11-30T18:31:45.116509Z  WARN tokio-runtime-worker ThreadId(12) fenrir::services::scheduler::service: db ping failed error=invalid input: db-shell service is disabled
2025-11-30T18:33:45.117387Z  WARN tokio-runtime-worker ThreadId(12) fenrir::services::scheduler::service: db ping failed error=invalid input: db-shell service is disabled
2025-11-30T18:35:45.119868Z  WARN tokio-runtime-worker ThreadId(12) fenrir::services::scheduler::service: db ping failed error=invalid input: db-shell service is disabled
2025-11-30T18:37:45.119205Z  WARN tokio-runtime-worker ThreadId(12) fenrir::services::scheduler::service: db ping failed error=invalid input: db-shell service is disabled
2025-11-30T18:39:45.120058Z  WARN tokio-runtime-worker ThreadId(12) fenrir::services::scheduler::service: db ping failed error=invalid input: db-shell service is disabled
2025-11-30T18:41:45.156046Z  WARN tokio-runtime-worker ThreadId(12) fenrir::services::scheduler::service: db ping failed error=invalid input: db-shell service is disabled
2025-11-30T18:43:45.159414Z  WARN tokio-runtime-worker ThreadId(12) fenrir::services::scheduler::service: db ping failed error=invalid input: db-shell service is disabled
2025-11-30T18:45:45.161812Z  WARN tokio-runtime-worker ThreadId(12) fenrir::services::scheduler::service: db ping failed error=invalid input: db-shell service is disabled
2025-11-30T18:47:45.164493Z  WARN tokio-runtime-worker ThreadId(12) fenrir::services::scheduler::service: db ping failed error=invalid input: db-shell service is disabled
2025-11-30T18:49:45.167835Z  WARN tokio-runtime-worker ThreadId(12) fenrir::services::scheduler::service: db ping failed error=invalid input: db-shell service is disabled
2025-11-30T18:51:45.169694Z  WARN tokio-runtime-worker ThreadId(12) fenrir::services::scheduler::service: db ping failed error=invalid input: db-shell service is disabled
2025-11-30T18:53:45.172063Z  WARN tokio-runtime-worker ThreadId(12) fenrir::services::scheduler::service: db ping failed error=invalid input: db-shell service is disabled
2025-11-30T18:55:45.176684Z  WARN tokio-runtime-worker ThreadId(12) fenrir::services::scheduler::service: db ping failed error=invalid input: db-shell service is disabled
2025-11-30T18:57:45.179012Z  WARN tokio-runtime-worker ThreadId(12) fenrir::services::scheduler::service: db ping failed error=invalid input: db-shell service is disabled
2025-11-30T18:59:45.181102Z  WARN tokio-runtime-worker ThreadId(12) fenrir::services::scheduler::service: db ping failed error=invalid input: db-shell service is disabled
2025-11-30T19:01:45.183845Z  WARN tokio-runtime-worker ThreadId(12) fenrir::services::scheduler::service: db ping failed error=invalid input: db-shell service is disabled
2025-11-30T19:03:45.186089Z  WARN tokio-runtime-worker ThreadId(12) fenrir::services::scheduler::service: db ping failed error=invalid input: db-shell service is disabled
2025-11-30T19:20:46.783612Z  WARN tokio-runtime-worker ThreadId(12) fenrir::services::scheduler::service: db ping failed error=invalid input: db-shell service is disabled
2025-11-30T19:42:19.122728Z  WARN tokio-runtime-worker ThreadId(12) fenrir::services::scheduler::service: db ping failed error=invalid input: db-shell service is disabled
2025-11-30T19:44:19.125086Z  WARN tokio-runtime-worker ThreadId(12) fenrir::services::scheduler::service: db ping failed error=invalid input: db-shell service is disabled
2025-11-30T19:46:19.126198Z  WARN tokio-runtime-worker ThreadId(12) fenrir::services::scheduler::service: db ping failed error=invalid input: db-shell service is disabled
2025-11-30T19:48:19.128306Z  WARN tokio-runtime-worker ThreadId(12) fenrir::services::scheduler::service: db ping failed error=invalid input: db-shell service is disabled
2025-11-30T19:50:19.130306Z  WARN tokio-runtime-worker ThreadId(12) fenrir::services::scheduler::service: db ping failed error=invalid input: db-shell service is disabled
2025-11-30T19:52:19.132399Z  WARN tokio-runtime-worker ThreadId(12) fenrir::services::scheduler::service: db ping failed error=invalid input: db-shell service is disabled
2025-11-30T19:54:19.134181Z  WARN tokio-runtime-worker ThreadId(12) fenrir::services::scheduler::service: db ping failed error=invalid input: db-shell service is disabled
2025-11-30T19:56:19.136849Z  WARN tokio-runtime-worker ThreadId(12) fenrir::services::scheduler::service: db ping failed error=invalid input: db-shell service is disabled
2025-11-30T19:58:19.138429Z  WARN tokio-runtime-worker ThreadId(12) fenrir::services::scheduler::service: db ping failed error=invalid input: db-shell service is disabled
2025-11-30T20:00:19.138812Z  WARN tokio-runtime-worker ThreadId(12) fenrir::services::scheduler::service: db ping failed error=invalid input: db-shell service is disabled
2025-11-30T20:02:19.141379Z  WARN tokio-runtime-worker ThreadId(12) fenrir::services::scheduler::service: db ping failed error=invalid input: db-shell service is disabled
2025-11-30T20:04:19.143827Z  WARN tokio-runtime-worker ThreadId(12) fenrir::services::scheduler::service: db ping failed error=invalid input: db-shell service is disabled
2025-11-30T20:06:19.145629Z  WARN tokio-runtime-worker ThreadId(12) fenrir::services::scheduler::service: db ping failed error=invalid input: db-shell service is disabled
2025-11-30T20:08:19.147329Z  WARN tokio-runtime-worker ThreadId(12) fenrir::services::scheduler::service: db ping failed error=invalid input: db-shell service is disabled
2025-11-30T20:10:19.149281Z  WARN tokio-runtime-worker ThreadId(12) fenrir::services::scheduler::service: db ping failed error=invalid input: db-shell service is disabled
2025-11-30T20:12:19.151935Z  WARN tokio-runtime-worker ThreadId(12) fenrir::services::scheduler::service: db ping failed error=invalid input: db-shell service is disabled
2025-11-30T20:14:19.154372Z  WARN tokio-runtime-worker ThreadId(12) fenrir::services::scheduler::service: db ping failed error=invalid input: db-shell service is disabled
2025-11-30T20:16:19.155998Z  WARN tokio-runtime-worker ThreadId(12) fenrir::services::scheduler::service: db ping failed error=invalid input: db-shell service is disabled
2025-11-30T20:18:19.159032Z  WARN tokio-runtime-worker ThreadId(12) fenrir::services::scheduler::service: db ping failed error=invalid input: db-shell service is disabled
2025-11-30T20:20:19.161735Z  WARN tokio-runtime-worker ThreadId(12) fenrir::services::scheduler::service: db ping failed error=invalid input: db-shell service is disabled
2025-11-30T20:22:19.164458Z  WARN tokio-runtime-worker ThreadId(12) fenrir::services::scheduler::service: db ping failed error=invalid input: db-shell service is disabled
2025-11-30T20:24:19.167174Z  WARN tokio-runtime-worker ThreadId(12) fenrir::services::scheduler::service: db ping failed error=invalid input: db-shell service is disabled
2025-11-30T20:26:19.169538Z  WARN tokio-runtime-worker ThreadId(12) fenrir::services::scheduler::service: db ping failed error=invalid input: db-shell service is disabled
2025-11-30T20:28:19.171855Z  WARN tokio-runtime-worker ThreadId(12) fenrir::services::scheduler::service: db ping failed error=invalid input: db-shell service is disabled
2025-11-30T20:30:19.174988Z  WARN tokio-runtime-worker ThreadId(12) fenrir::services::scheduler::service: db ping failed error=invalid input: db-shell service is disabled
2025-11-30T21:15:39.335820Z  WARN tokio-runtime-worker ThreadId(12) fenrir::services::scheduler::service: db ping failed error=invalid input: db-shell service is disabled
2025-11-30T21:17:39.336293Z  WARN tokio-runtime-worker ThreadId(12) fenrir::services::scheduler::service: db ping failed error=invalid input: db-shell service is disabled
2025-11-30T21:19:39.354272Z  WARN tokio-runtime-worker ThreadId(12) fenrir::services::scheduler::service: db ping failed error=invalid input: db-shell service is disabled
2025-11-30T21:21:39.363078Z  WARN tokio-runtime-worker ThreadId(12) fenrir::services::scheduler::service: db ping failed error=invalid input: db-shell service is disabled
2025-11-30T21:23:53.049419Z  WARN tokio-runtime-worker ThreadId(12) fenrir::services::scheduler::service: db ping failed error=invalid input: db-shell service is disabled
2025-11-30T21:40:52.976452Z  WARN tokio-runtime-worker ThreadId(12) fenrir::services::scheduler::service: db ping failed error=invalid input: db-shell service is disabled
2025-11-30T22:12:53.033292Z  WARN tokio-runtime-worker ThreadId(12) fenrir::services::scheduler::service: db ping failed error=invalid input: db-shell service is disabled
2025-11-30T22:30:40.971222Z  WARN tokio-runtime-worker ThreadId(12) fenrir::services::scheduler::service: db ping failed error=invalid input: db-shell service is disabled
2025-11-30T22:32:40.972467Z  WARN tokio-runtime-worker ThreadId(12) fenrir::services::scheduler::service: db ping failed error=invalid input: db-shell service is disabled
2025-11-30T22:34:40.975843Z  WARN tokio-runtime-worker ThreadId(12) fenrir::services::scheduler::service: db ping failed error=invalid input: db-shell service is disabled
2025-11-30T22:36:40.977818Z  WARN tokio-runtime-worker ThreadId(12) fenrir::services::scheduler::service: db ping failed error=invalid input: db-shell service is disabled
2025-11-30T22:38:40.980347Z  WARN tokio-runtime-worker ThreadId(12) fenrir::services::scheduler::service: db ping failed error=invalid input: db-shell service is disabled
2025-11-30T22:40:40.983165Z  WARN tokio-runtime-worker ThreadId(12) fenrir::services::scheduler::service: db ping failed error=invalid input: db-shell service is disabled
2025-11-30T22:42:40.984917Z  WARN tokio-runtime-worker ThreadId(12) fenrir::services::scheduler::service: db ping failed error=invalid input: db-shell service is disabled
2025-11-30T22:44:40.987150Z  WARN tokio-runtime-worker ThreadId(12) fenrir::services::scheduler::service: db ping failed error=invalid input: db-shell service is disabled
2025-11-30T22:46:40.968496Z  WARN tokio-runtime-worker ThreadId(12) fenrir::services::scheduler::service: db ping failed error=invalid input: db-shell service is disabled
2025-11-30T22:48:40.967816Z  WARN tokio-runtime-worker ThreadId(12) fenrir::services::scheduler::service: db ping failed error=invalid input: db-shell service is disabled
2025-11-30T22:50:40.968242Z  WARN tokio-runtime-worker ThreadId(12) fenrir::services::scheduler::service: db ping failed error=invalid input: db-shell service is disabled
2025-11-30T22:52:40.969324Z  WARN tokio-runtime-worker ThreadId(12) fenrir::services::scheduler::service: db ping failed error=invalid input: db-shell service is disabled
2025-11-30T22:54:40.971053Z  WARN tokio-runtime-worker ThreadId(12) fenrir::services::scheduler::service: db ping failed error=invalid input: db-shell service is disabled
2025-11-30T22:56:40.973299Z  WARN tokio-runtime-worker ThreadId(12) fenrir::services::scheduler::service: db ping failed error=invalid input: db-shell service is disabled
2025-11-30T22:58:40.973123Z  WARN tokio-runtime-worker ThreadId(12) fenrir::services::scheduler::service: db ping failed error=invalid input: db-shell service is disabled
2025-11-30T23:00:40.974976Z  WARN tokio-runtime-worker ThreadId(12) fenrir::services::scheduler::service: db ping failed error=invalid input: db-shell service is disabled
2025-11-30T23:02:40.976131Z  WARN tokio-runtime-worker ThreadId(12) fenrir::services::scheduler::service: db ping failed error=invalid input: db-shell service is disabled
2025-11-30T23:04:40.976346Z  WARN tokio-runtime-worker ThreadId(12) fenrir::services::scheduler::service: db ping failed error=invalid input: db-shell service is disabled
2025-11-30T23:06:40.937026Z  WARN tokio-runtime-worker ThreadId(12) fenrir::services::scheduler::service: db ping failed error=invalid input: db-shell service is disabled
2025-11-30T23:08:40.930027Z  WARN tokio-runtime-worker ThreadId(12) fenrir::services::scheduler::service: db ping failed error=invalid input: db-shell service is disabled
2025-11-30T23:10:40.928330Z  WARN tokio-runtime-worker ThreadId(12) fenrir::services::scheduler::service: db ping failed error=invalid input: db-shell service is disabled
2025-11-30T23:12:40.928357Z  WARN tokio-runtime-worker ThreadId(12) fenrir::services::scheduler::service: db ping failed error=invalid input: db-shell service is disabled
2025-11-30T23:14:40.927850Z  WARN tokio-runtime-worker ThreadId(12) fenrir::services::scheduler::service: db ping failed error=invalid input: db-shell service is disabled
2025-11-30T23:16:40.927906Z  WARN tokio-runtime-worker ThreadId(12) fenrir::services::scheduler::service: db ping failed error=invalid input: db-shell service is disabled
2025-11-30T23:18:40.926503Z  WARN tokio-runtime-worker ThreadId(12) fenrir::services::scheduler::service: db ping failed error=invalid input: db-shell service is disabled
2025-11-30T23:20:40.925130Z  WARN tokio-runtime-worker ThreadId(12) fenrir::services::scheduler::service: db ping failed error=invalid input: db-shell service is disabled
2025-11-30T23:22:40.925336Z  WARN tokio-runtime-worker ThreadId(12) fenrir::services::scheduler::service: db ping failed error=invalid input: db-shell service is disabled
2025-11-30T23:24:40.925124Z  WARN tokio-runtime-worker ThreadId(12) fenrir::services::scheduler::service: db ping failed error=invalid input: db-shell service is disabled
2025-11-30T23:26:40.925299Z  WARN tokio-runtime-worker ThreadId(12) fenrir::services::scheduler::service: db ping failed error=invalid input: db-shell service is disabled
2025-11-30T23:28:40.990098Z  WARN tokio-runtime-worker ThreadId(12) fenrir::services::scheduler::service: db ping failed error=invalid input: db-shell service is disabled
2025-11-30T23:45:41.200352Z  WARN tokio-runtime-worker ThreadId(12) fenrir::services::scheduler::service: db ping failed error=invalid input: db-shell service is disabled
2025-11-30T23:47:41.171504Z  WARN tokio-runtime-worker ThreadId(12) fenrir::services::scheduler::service: db ping failed error=invalid input: db-shell service is disabled
2025-11-30T23:49:41.172432Z  WARN tokio-runtime-worker ThreadId(12) fenrir::services::scheduler::service: db ping failed error=invalid input: db-shell service is disabled
2025-11-30T23:51:41.173758Z  WARN tokio-runtime-worker ThreadId(12) fenrir::services::scheduler::service: db ping failed error=invalid input: db-shell service is disabled
2025-11-30T23:53:41.174395Z  WARN tokio-runtime-worker ThreadId(12) fenrir::services::scheduler::service: db ping failed error=invalid input: db-shell service is disabled
2025-11-30T23:55:41.176040Z  WARN tokio-runtime-worker ThreadId(12) fenrir::services::scheduler::service: db ping failed error=invalid input: db-shell service is disabled
2025-11-30T23:57:41.175915Z  WARN tokio-runtime-worker ThreadId(12) fenrir::services::scheduler::service: db ping failed error=invalid input: db-shell service is disabled
2025-11-30T23:59:41.175801Z  WARN tokio-runtime-worker ThreadId(12) fenrir::services::scheduler::service: db ping failed error=invalid input: db-shell service is disabled
2025-12-01T00:01:41.176867Z  WARN tokio-runtime-worker ThreadId(12) fenrir::services::scheduler::service: db ping failed error=invalid input: db-shell service is disabled
2025-12-01T00:03:41.176898Z  WARN tokio-runtime-worker ThreadId(12) fenrir::services::scheduler::service: db ping failed error=invalid input: db-shell service is disabled
2025-12-01T00:05:41.177158Z  WARN tokio-runtime-worker ThreadId(12) fenrir::services::scheduler::service: db ping failed error=invalid input: db-shell service is disabled
2025-12-01T00:07:41.254063Z  WARN tokio-runtime-worker ThreadId(12) fenrir::services::scheduler::service: db ping failed error=invalid input: db-shell service is disabled
2025-12-01T00:09:41.258058Z  WARN tokio-runtime-worker ThreadId(12) fenrir::services::scheduler::service: db ping failed error=invalid input: db-shell service is disabled
2025-12-01T00:11:41.260116Z  WARN tokio-runtime-worker ThreadId(12) fenrir::services::scheduler::service: db ping failed error=invalid input: db-shell service is disabled
2025-12-01T00:13:41.261534Z  WARN tokio-runtime-worker ThreadId(12) fenrir::services::scheduler::service: db ping failed error=invalid input: db-shell service is disabled
2025-12-01T00:15:41.265032Z  WARN tokio-runtime-worker ThreadId(12) fenrir::services::scheduler::service: db ping failed error=invalid input: db-shell service is disabled
2025-12-01T00:17:41.268191Z  WARN tokio-runtime-worker ThreadId(12) fenrir::services::scheduler::service: db ping failed error=invalid input: db-shell service is disabled
2025-12-01T00:19:41.272181Z  WARN tokio-runtime-worker ThreadId(12) fenrir::services::scheduler::service: db ping failed error=invalid input: db-shell service is disabled
2025-12-01T00:21:41.274870Z  WARN tokio-runtime-worker ThreadId(12) fenrir::services::scheduler::service: db ping failed error=invalid input: db-shell service is disabled
2025-12-01T00:23:41.277862Z  WARN tokio-runtime-worker ThreadId(12) fenrir::services::scheduler::service: db ping failed error=invalid input: db-shell service is disabled
2025-12-01T00:25:41.280570Z  WARN tokio-runtime-worker ThreadId(12) fenrir::services::scheduler::service: db ping failed error=invalid input: db-shell service is disabled
2025-12-01T00:27:41.283688Z  WARN tokio-runtime-worker ThreadId(12) fenrir::services::scheduler::service: db ping failed error=invalid input: db-shell service is disabled
2025-12-01T00:29:41.286406Z  WARN tokio-runtime-worker ThreadId(12) fenrir::services::scheduler::service: db ping failed error=invalid input: db-shell service is disabled
2025-12-01T00:31:41.301219Z  WARN tokio-runtime-worker ThreadId(12) fenrir::services::scheduler::service: db ping failed error=invalid input: db-shell service is disabled
2025-12-01T00:33:41.304553Z  WARN tokio-runtime-worker ThreadId(12) fenrir::services::scheduler::service: db ping failed error=invalid input: db-shell service is disabled
2025-12-01T00:35:41.307344Z  WARN tokio-runtime-worker ThreadId(12) fenrir::services::scheduler::service: db ping failed error=invalid input: db-shell service is disabled
2025-12-01T00:37:41.311691Z  WARN tokio-runtime-worker ThreadId(12) fenrir::services::scheduler::service: db ping failed error=invalid input: db-shell service is disabled
2025-12-01T00:39:41.315199Z  WARN tokio-runtime-worker ThreadId(12) fenrir::services::scheduler::service: db ping failed error=invalid input: db-shell service is disabled
2025-12-01T00:41:41.318665Z  WARN tokio-runtime-worker ThreadId(12) fenrir::services::scheduler::service: db ping failed error=invalid input: db-shell service is disabled
2025-12-01T00:43:41.321852Z  WARN tokio-runtime-worker ThreadId(12) fenrir::services::scheduler::service: db ping failed error=invalid input: db-shell service is disabled
2025-12-01T00:45:41.325546Z  WARN tokio-runtime-worker ThreadId(12) fenrir::services::scheduler::service: db ping failed error=invalid input: db-shell service is disabled
2025-12-01T01:32:35.332216Z  WARN tokio-runtime-worker ThreadId(12) fenrir::services::scheduler::service: db ping failed error=invalid input: db-shell service is disabled
2025-12-01T01:49:33.287098Z  WARN tokio-runtime-worker ThreadId(12) fenrir::services::scheduler::service: db ping failed error=invalid input: db-shell service is disabled
2025-12-01T01:51:33.289234Z  WARN tokio-runtime-worker ThreadId(12) fenrir::services::scheduler::service: db ping failed error=invalid input: db-shell service is disabled
2025-12-01T01:53:33.290792Z  WARN tokio-runtime-worker ThreadId(12) fenrir::services::scheduler::service: db ping failed error=invalid input: db-shell service is disabled
2025-12-01T01:55:33.290867Z  WARN tokio-runtime-worker ThreadId(12) fenrir::services::scheduler::service: db ping failed error=invalid input: db-shell service is disabled
2025-12-01T01:57:33.292257Z  WARN tokio-runtime-worker ThreadId(12) fenrir::services::scheduler::service: db ping failed error=invalid input: db-shell service is disabled
2025-12-01T01:59:33.294319Z  WARN tokio-runtime-worker ThreadId(12) fenrir::services::scheduler::service: db ping failed error=invalid input: db-shell service is disabled
2025-12-01T02:01:33.295566Z  WARN tokio-runtime-worker ThreadId(12) fenrir::services::scheduler::service: db ping failed error=invalid input: db-shell service is disabled
2025-12-01T02:03:33.296251Z  WARN tokio-runtime-worker ThreadId(12) fenrir::services::scheduler::service: db ping failed error=invalid input: db-shell service is disabled
2025-12-01T02:05:33.298223Z  WARN tokio-runtime-worker ThreadId(12) fenrir::services::scheduler::service: db ping failed error=invalid input: db-shell service is disabled
2025-12-01T02:07:33.299900Z  WARN tokio-runtime-worker ThreadId(12) fenrir::services::scheduler::service: db ping failed error=invalid input: db-shell service is disabled
2025-12-01T02:09:33.301943Z  WARN tokio-runtime-worker ThreadId(12) fenrir::services::scheduler::service: db ping failed error=invalid input: db-shell service is disabled
2025-12-01T02:11:33.316597Z  WARN tokio-runtime-worker ThreadId(12) fenrir::services::scheduler::service: db ping failed error=invalid input: db-shell service is disabled
2025-12-01T02:13:33.355054Z  WARN tokio-runtime-worker ThreadId(12) fenrir::services::scheduler::service: db ping failed error=invalid input: db-shell service is disabled
2025-12-01T02:15:33.357852Z  WARN tokio-runtime-worker ThreadId(12) fenrir::services::scheduler::service: db ping failed error=invalid input: db-shell service is disabled
2025-12-01T02:17:33.361128Z  WARN tokio-runtime-worker ThreadId(12) fenrir::services::scheduler::service: db ping failed error=invalid input: db-shell service is disabled
2025-12-01T02:19:33.364787Z  WARN tokio-runtime-worker ThreadId(12) fenrir::services::scheduler::service: db ping failed error=invalid input: db-shell service is disabled
2025-12-01T02:21:33.368314Z  WARN tokio-runtime-worker ThreadId(12) fenrir::services::scheduler::service: db ping failed error=invalid input: db-shell service is disabled
2025-12-01T02:23:33.372111Z  WARN tokio-runtime-worker ThreadId(12) fenrir::services::scheduler::service: db ping failed error=invalid input: db-shell service is disabled
2025-12-01T02:25:33.373707Z  WARN tokio-runtime-worker ThreadId(12) fenrir::services::scheduler::service: db ping failed error=invalid input: db-shell service is disabled
2025-12-01T02:27:33.377488Z  WARN tokio-runtime-worker ThreadId(12) fenrir::services::scheduler::service: db ping failed error=invalid input: db-shell service is disabled
2025-12-01T02:29:33.381240Z  WARN tokio-runtime-worker ThreadId(12) fenrir::services::scheduler::service: db ping failed error=invalid input: db-shell service is disabled
2025-12-01T02:31:33.384813Z  WARN tokio-runtime-worker ThreadId(12) fenrir::services::scheduler::service: db ping failed error=invalid input: db-shell service is disabled
2025-12-01T02:33:33.388689Z  WARN tokio-runtime-worker ThreadId(12) fenrir::services::scheduler::service: db ping failed error=invalid input: db-shell service is disabled
2025-12-01T02:35:33.422600Z  WARN tokio-runtime-worker ThreadId(12) fenrir::services::scheduler::service: db ping failed error=invalid input: db-shell service is disabled
2025-12-01T02:37:33.427756Z  WARN tokio-runtime-worker ThreadId(12) fenrir::services::scheduler::service: db ping failed error=invalid input: db-shell service is disabled
2025-12-01T02:39:33.430634Z  WARN tokio-runtime-worker ThreadId(12) fenrir::services::scheduler::service: db ping failed error=invalid input: db-shell service is disabled
2025-12-01T02:41:33.435240Z  WARN tokio-runtime-worker ThreadId(12) fenrir::services::scheduler::service: db ping failed error=invalid input: db-shell service is disabled
2025-12-01T02:43:33.440202Z  WARN tokio-runtime-worker ThreadId(12) fenrir::services::scheduler::service: db ping failed error=invalid input: db-shell service is disabled
2025-12-01T02:45:33.444768Z  WARN tokio-runtime-worker ThreadId(12) fenrir::services::scheduler::service: db ping failed error=invalid input: db-shell service is disabled
2025-12-01T02:47:33.448231Z  WARN tokio-runtime-worker ThreadId(12) fenrir::services::scheduler::service: db ping failed error=invalid input: db-shell service is disabled
2025-12-01T03:19:33.424233Z  WARN tokio-runtime-worker ThreadId(12) fenrir::services::scheduler::service: db ping failed error=invalid input: db-shell service is disabled
2025-12-01T03:24:49.348798Z  WARN tokio-runtime-worker ThreadId(12) fenrir::services::scheduler::service: db ping failed error=invalid input: db-shell service is disabled
2025-12-01T03:30:48.484549Z  WARN tokio-runtime-worker ThreadId(12) fenrir::services::scheduler::service: db ping failed error=invalid input: db-shell service is disabled
2025-12-01T03:32:48.486182Z  WARN tokio-runtime-worker ThreadId(12) fenrir::services::scheduler::service: db ping failed error=invalid input: db-shell service is disabled
2025-12-01T03:49:48.406675Z  WARN tokio-runtime-worker ThreadId(12) fenrir::services::scheduler::service: db ping failed error=invalid input: db-shell service is disabled
2025-12-01T03:51:48.428027Z  WARN tokio-runtime-worker ThreadId(12) fenrir::services::scheduler::service: db ping failed error=invalid input: db-shell service is disabled
2025-12-01T03:53:48.429520Z  WARN tokio-runtime-worker ThreadId(12) fenrir::services::scheduler::service: db ping failed error=invalid input: db-shell service is disabled
2025-12-01T03:55:48.432208Z  WARN tokio-runtime-worker ThreadId(12) fenrir::services::scheduler::service: db ping failed error=invalid input: db-shell service is disabled
2025-12-01T03:57:48.433831Z  WARN tokio-runtime-worker ThreadId(12) fenrir::services::scheduler::service: db ping failed error=invalid input: db-shell service is disabled
2025-12-01T03:59:48.435969Z  WARN tokio-runtime-worker ThreadId(12) fenrir::services::scheduler::service: db ping failed error=invalid input: db-shell service is disabled
2025-12-01T04:01:48.439703Z  WARN tokio-runtime-worker ThreadId(12) fenrir::services::scheduler::service: db ping failed error=invalid input: db-shell service is disabled
2025-12-01T04:03:48.443429Z  WARN tokio-runtime-worker ThreadId(12) fenrir::services::scheduler::service: db ping failed error=invalid input: db-shell service is disabled
2025-12-01T04:05:48.445860Z  WARN tokio-runtime-worker ThreadId(12) fenrir::services::scheduler::service: db ping failed error=invalid input: db-shell service is disabled
2025-12-01T04:07:48.449459Z  WARN tokio-runtime-worker ThreadId(12) fenrir::services::scheduler::service: db ping failed error=invalid input: db-shell service is disabled
2025-12-01T04:09:48.483842Z  WARN tokio-runtime-worker ThreadId(12) fenrir::services::scheduler::service: db ping failed error=invalid input: db-shell service is disabled
2025-12-01T04:11:48.487836Z  WARN tokio-runtime-worker ThreadId(12) fenrir::services::scheduler::service: db ping failed error=invalid input: db-shell service is disabled
2025-12-01T04:13:48.492610Z  WARN tokio-runtime-worker ThreadId(12) fenrir::services::scheduler::service: db ping failed error=invalid input: db-shell service is disabled
2025-12-01T04:15:48.495904Z  WARN tokio-runtime-worker ThreadId(12) fenrir::services::scheduler::service: db ping failed error=invalid input: db-shell service is disabled
2025-12-01T04:17:48.498805Z  WARN tokio-runtime-worker ThreadId(12) fenrir::services::scheduler::service: db ping failed error=invalid input: db-shell service is disabled
2025-12-01T04:19:48.503148Z  WARN tokio-runtime-worker ThreadId(12) fenrir::services::scheduler::service: db ping failed error=invalid input: db-shell service is disabled
2025-12-01T04:21:48.506454Z  WARN tokio-runtime-worker ThreadId(12) fenrir::services::scheduler::service: db ping failed error=invalid input: db-shell service is disabled
2025-12-01T04:23:48.510671Z  WARN tokio-runtime-worker ThreadId(12) fenrir::services::scheduler::service: db ping failed error=invalid input: db-shell service is disabled
2025-12-01T04:25:48.513931Z  WARN tokio-runtime-worker ThreadId(12) fenrir::services::scheduler::service: db ping failed error=invalid input: db-shell service is disabled
2025-12-01T04:27:48.516519Z  WARN tokio-runtime-worker ThreadId(12) fenrir::services::scheduler::service: db ping failed error=invalid input: db-shell service is disabled
2025-12-01T04:29:48.521046Z  WARN tokio-runtime-worker ThreadId(12) fenrir::services::scheduler::service: db ping failed error=invalid input: db-shell service is disabled
2025-12-01T04:31:48.524925Z  WARN tokio-runtime-worker ThreadId(12) fenrir::services::scheduler::service: db ping failed error=invalid input: db-shell service is disabled
2025-12-01T04:33:48.528666Z  WARN tokio-runtime-worker ThreadId(12) fenrir::services::scheduler::service: db ping failed error=invalid input: db-shell service is disabled
2025-12-01T04:35:48.539964Z  WARN tokio-runtime-worker ThreadId(12) fenrir::services::scheduler::service: db ping failed error=invalid input: db-shell service is disabled
2025-12-01T04:37:48.544719Z  WARN tokio-runtime-worker ThreadId(12) fenrir::services::scheduler::service: db ping failed error=invalid input: db-shell service is disabled
2025-12-01T04:39:48.547666Z  WARN tokio-runtime-worker ThreadId(12) fenrir::services::scheduler::service: db ping failed error=invalid input: db-shell service is disabled
2025-12-01T04:41:48.551891Z  WARN tokio-runtime-worker ThreadId(12) fenrir::services::scheduler::service: db ping failed error=invalid input: db-shell service is disabled
2025-12-01T04:43:48.555150Z  WARN tokio-runtime-worker ThreadId(12) fenrir::services::scheduler::service: db ping failed error=invalid input: db-shell service is disabled
2025-12-01T04:45:48.558153Z  WARN tokio-runtime-worker ThreadId(12) fenrir::services::scheduler::service: db ping failed error=invalid input: db-shell service is disabled
2025-12-01T04:47:48.562180Z  WARN tokio-runtime-worker ThreadId(12) fenrir::services::scheduler::service: db ping failed error=invalid input: db-shell service is disabled
2025-12-01T04:49:48.567587Z  WARN tokio-runtime-worker ThreadId(12) fenrir::services::scheduler::service: db ping failed error=invalid input: db-shell service is disabled
2025-12-01T05:18:39.013799Z  WARN tokio-runtime-worker ThreadId(12) fenrir::services::scheduler::service: db ping failed error=invalid input: db-shell service is disabled
2025-12-01T06:05:38.946803Z  WARN tokio-runtime-worker ThreadId(12) fenrir::services::scheduler::service: db ping failed error=invalid input: db-shell service is disabled
2025-12-01T06:07:38.947497Z  WARN tokio-runtime-worker ThreadId(12) fenrir::services::scheduler::service: db ping failed error=invalid input: db-shell service is disabled
2025-12-01T06:09:38.949476Z  WARN tokio-runtime-worker ThreadId(12) fenrir::services::scheduler::service: db ping failed error=invalid input: db-shell service is disabled
2025-12-01T06:31:02.694645Z  WARN tokio-runtime-worker ThreadId(12) fenrir::services::scheduler::service: db ping failed error=invalid input: db-shell service is disabled
2025-12-01T06:33:02.702767Z  WARN tokio-runtime-worker ThreadId(12) fenrir::services::scheduler::service: db ping failed error=invalid input: db-shell service is disabled
2025-12-01T06:35:02.705085Z  WARN tokio-runtime-worker ThreadId(12) fenrir::services::scheduler::service: db ping failed error=invalid input: db-shell service is disabled
2025-12-01T06:37:02.707960Z  WARN tokio-runtime-worker ThreadId(12) fenrir::services::scheduler::service: db ping failed error=invalid input: db-shell service is disabled
2025-12-01T06:39:02.710145Z  WARN tokio-runtime-worker ThreadId(12) fenrir::services::scheduler::service: db ping failed error=invalid input: db-shell service is disabled
2025-12-01T06:41:02.713517Z  WARN tokio-runtime-worker ThreadId(12) fenrir::services::scheduler::service: db ping failed error=invalid input: db-shell service is disabled
2025-12-01T06:43:02.717411Z  WARN tokio-runtime-worker ThreadId(12) fenrir::services::scheduler::service: db ping failed error=invalid input: db-shell service is disabled
2025-12-01T06:45:02.720335Z  WARN tokio-runtime-worker ThreadId(12) fenrir::services::scheduler::service: db ping failed error=invalid input: db-shell service is disabled
2025-12-01T06:47:02.723992Z  WARN tokio-runtime-worker ThreadId(12) fenrir::services::scheduler::service: db ping failed error=invalid input: db-shell service is disabled
2025-12-01T06:49:02.725888Z  WARN tokio-runtime-worker ThreadId(12) fenrir::services::scheduler::service: db ping failed error=invalid input: db-shell service is disabled
2025-12-01T06:51:02.728761Z  WARN tokio-runtime-worker ThreadId(12) fenrir::services::scheduler::service: db ping failed error=invalid input: db-shell service is disabled
2025-12-01T06:53:02.731447Z  WARN tokio-runtime-worker ThreadId(12) fenrir::services::scheduler::service: db ping failed error=invalid input: db-shell service is disabled
2025-12-01T06:55:02.733333Z  WARN tokio-runtime-worker ThreadId(12) fenrir::services::scheduler::service: db ping failed error=invalid input: db-shell service is disabled
2025-12-01T06:57:02.740959Z  WARN tokio-runtime-worker ThreadId(12) fenrir::services::scheduler::service: db ping failed error=invalid input: db-shell service is disabled
2025-12-01T06:59:02.745121Z  WARN tokio-runtime-worker ThreadId(12) fenrir::services::scheduler::service: db ping failed error=invalid input: db-shell service is disabled
2025-12-01T07:01:02.749245Z  WARN tokio-runtime-worker ThreadId(12) fenrir::services::scheduler::service: db ping failed error=invalid input: db-shell service is disabled
2025-12-01T07:03:02.752963Z  WARN tokio-runtime-worker ThreadId(12) fenrir::services::scheduler::service: db ping failed error=invalid input: db-shell service is disabled
2025-12-01T07:05:02.755380Z  WARN tokio-runtime-worker ThreadId(12) fenrir::services::scheduler::service: db ping failed error=invalid input: db-shell service is disabled
2025-12-01T07:07:02.758148Z  WARN tokio-runtime-worker ThreadId(12) fenrir::services::scheduler::service: db ping failed error=invalid input: db-shell service is disabled
2025-12-01T07:09:02.761439Z  WARN tokio-runtime-worker ThreadId(12) fenrir::services::scheduler::service: db ping failed error=invalid input: db-shell service is disabled
2025-12-01T07:11:02.763900Z  WARN tokio-runtime-worker ThreadId(12) fenrir::services::scheduler::service: db ping failed error=invalid input: db-shell service is disabled
2025-12-01T07:13:02.767138Z  WARN tokio-runtime-worker ThreadId(12) fenrir::services::scheduler::service: db ping failed error=invalid input: db-shell service is disabled
2025-12-01T07:15:02.771268Z  WARN tokio-runtime-worker ThreadId(12) fenrir::services::scheduler::service: db ping failed error=invalid input: db-shell service is disabled
2025-12-01T07:17:02.775033Z  WARN tokio-runtime-worker ThreadId(12) fenrir::services::scheduler::service: db ping failed error=invalid input: db-shell service is disabled
2025-12-01T07:19:02.777168Z  WARN tokio-runtime-worker ThreadId(12) fenrir::services::scheduler::service: db ping failed error=invalid input: db-shell service is disabled
2025-12-01T07:21:02.780380Z  WARN tokio-runtime-worker ThreadId(12) fenrir::services::scheduler::service: db ping failed error=invalid input: db-shell service is disabled
2025-12-01T07:23:02.784912Z  WARN tokio-runtime-worker ThreadId(12) fenrir::services::scheduler::service: db ping failed error=invalid input: db-shell service is disabled
2025-12-01T07:25:02.787542Z  WARN tokio-runtime-worker ThreadId(12) fenrir::services::scheduler::service: db ping failed error=invalid input: db-shell service is disabled
2025-12-01T07:27:02.791189Z  WARN tokio-runtime-worker ThreadId(12) fenrir::services::scheduler::service: db ping failed error=invalid input: db-shell service is disabled
2025-12-01T07:29:02.795271Z  WARN tokio-runtime-worker ThreadId(12) fenrir::services::scheduler::service: db ping failed error=invalid input: db-shell service is disabled
2025-12-01T07:31:02.798264Z  WARN tokio-runtime-worker ThreadId(12) fenrir::services::scheduler::service: db ping failed error=invalid input: db-shell service is disabled
2025-12-01T08:03:02.694167Z  WARN tokio-runtime-worker ThreadId(12) fenrir::services::scheduler::service: db ping failed error=invalid input: db-shell service is disabled
2025-12-01T08:16:51.252877Z  WARN tokio-runtime-worker ThreadId(12) fenrir::services::scheduler::service: db ping failed error=invalid input: db-shell service is disabled
2025-12-01T08:18:51.252188Z  WARN tokio-runtime-worker ThreadId(12) fenrir::services::scheduler::service: db ping failed error=invalid input: db-shell service is disabled
2025-12-01T08:20:51.252716Z  WARN tokio-runtime-worker ThreadId(12) fenrir::services::scheduler::service: db ping failed error=invalid input: db-shell service is disabled
2025-12-01T08:22:51.254029Z  WARN tokio-runtime-worker ThreadId(12) fenrir::services::scheduler::service: db ping failed error=invalid input: db-shell service is disabled
2025-12-01T08:24:51.254986Z  WARN tokio-runtime-worker ThreadId(12) fenrir::services::scheduler::service: db ping failed error=invalid input: db-shell service is disabled
2025-12-01T08:26:51.285919Z  WARN tokio-runtime-worker ThreadId(12) fenrir::services::scheduler::service: db ping failed error=invalid input: db-shell service is disabled
2025-12-01T08:28:51.289135Z  WARN tokio-runtime-worker ThreadId(12) fenrir::services::scheduler::service: db ping failed error=invalid input: db-shell service is disabled
2025-12-01T08:30:51.292332Z  WARN tokio-runtime-worker ThreadId(12) fenrir::services::scheduler::service: db ping failed error=invalid input: db-shell service is disabled
2025-12-01T08:32:51.295458Z  WARN tokio-runtime-worker ThreadId(12) fenrir::services::scheduler::service: db ping failed error=invalid input: db-shell service is disabled
2025-12-01T08:34:51.298637Z  WARN tokio-runtime-worker ThreadId(12) fenrir::services::scheduler::service: db ping failed error=invalid input: db-shell service is disabled
2025-12-01T08:36:51.300231Z  WARN tokio-runtime-worker ThreadId(12) fenrir::services::scheduler::service: db ping failed error=invalid input: db-shell service is disabled
2025-12-01T08:38:51.302006Z  WARN tokio-runtime-worker ThreadId(12) fenrir::services::scheduler::service: db ping failed error=invalid input: db-shell service is disabled
2025-12-01T08:40:51.304034Z  WARN tokio-runtime-worker ThreadId(12) fenrir::services::scheduler::service: db ping failed error=invalid input: db-shell service is disabled
2025-12-01T08:42:51.306086Z  WARN tokio-runtime-worker ThreadId(12) fenrir::services::scheduler::service: db ping failed error=invalid input: db-shell service is disabled
2025-12-01T08:44:51.309134Z  WARN tokio-runtime-worker ThreadId(12) fenrir::services::scheduler::service: db ping failed error=invalid input: db-shell service is disabled
2025-12-01T08:46:51.310706Z  WARN tokio-runtime-worker ThreadId(12) fenrir::services::scheduler::service: db ping failed error=invalid input: db-shell service is disabled
2025-12-01T08:48:51.312965Z  WARN tokio-runtime-worker ThreadId(12) fenrir::services::scheduler::service: db ping failed error=invalid input: db-shell service is disabled
2025-12-01T08:50:51.343584Z  WARN tokio-runtime-worker ThreadId(12) fenrir::services::scheduler::service: db ping failed error=invalid input: db-shell service is disabled
2025-12-01T08:52:51.347150Z  WARN tokio-runtime-worker ThreadId(12) fenrir::services::scheduler::service: db ping failed error=invalid input: db-shell service is disabled
2025-12-01T08:54:51.350868Z  WARN tokio-runtime-worker ThreadId(12) fenrir::services::scheduler::service: db ping failed error=invalid input: db-shell service is disabled
2025-12-01T08:56:51.353060Z  WARN tokio-runtime-worker ThreadId(12) fenrir::services::scheduler::service: db ping failed error=invalid input: db-shell service is disabled
2025-12-01T08:58:51.356987Z  WARN tokio-runtime-worker ThreadId(12) fenrir::services::scheduler::service: db ping failed error=invalid input: db-shell service is disabled
2025-12-01T09:00:51.358209Z  WARN tokio-runtime-worker ThreadId(12) fenrir::services::scheduler::service: db ping failed error=invalid input: db-shell service is disabled
2025-12-01T09:02:51.360971Z  WARN tokio-runtime-worker ThreadId(12) fenrir::services::scheduler::service: db ping failed error=invalid input: db-shell service is disabled
2025-12-01T09:04:51.364455Z  WARN tokio-runtime-worker ThreadId(12) fenrir::services::scheduler::service: db ping failed error=invalid input: db-shell service is disabled
2025-12-01T09:06:51.367299Z  WARN tokio-runtime-worker ThreadId(12) fenrir::services::scheduler::service: db ping failed error=invalid input: db-shell service is disabled
2025-12-01T09:08:51.369832Z  WARN tokio-runtime-worker ThreadId(12) fenrir::services::scheduler::service: db ping failed error=invalid input: db-shell service is disabled
2025-12-01T09:10:51.373335Z  WARN tokio-runtime-worker ThreadId(12) fenrir::services::scheduler::service: db ping failed error=invalid input: db-shell service is disabled
2025-12-01T09:12:51.393079Z  WARN tokio-runtime-worker ThreadId(12) fenrir::services::scheduler::service: db ping failed error=invalid input: db-shell service is disabled
2025-12-01T09:14:51.397791Z  WARN tokio-runtime-worker ThreadId(12) fenrir::services::scheduler::service: db ping failed error=invalid input: db-shell service is disabled
2025-12-01T09:36:55.681839Z  WARN tokio-runtime-worker ThreadId(12) fenrir::services::scheduler::service: db ping failed error=invalid input: db-shell service is disabled
2025-12-01T10:08:55.545886Z  WARN tokio-runtime-worker ThreadId(12) fenrir::services::scheduler::service: db ping failed error=invalid input: db-shell service is disabled
2025-12-01T10:10:55.549985Z  WARN tokio-runtime-worker ThreadId(12) fenrir::services::scheduler::service: db ping failed error=invalid input: db-shell service is disabled
2025-12-01T10:12:55.549690Z  WARN tokio-runtime-worker ThreadId(12) fenrir::services::scheduler::service: db ping failed error=invalid input: db-shell service is disabled
2025-12-01T10:14:55.549426Z  WARN tokio-runtime-worker ThreadId(12) fenrir::services::scheduler::service: db ping failed error=invalid input: db-shell service is disabled
2025-12-01T10:16:55.548616Z  WARN tokio-runtime-worker ThreadId(12) fenrir::services::scheduler::service: db ping failed error=invalid input: db-shell service is disabled
2025-12-01T10:18:55.550753Z  WARN tokio-runtime-worker ThreadId(12) fenrir::services::scheduler::service: db ping failed error=invalid input: db-shell service is disabled
2025-12-01T10:20:55.551377Z  WARN tokio-runtime-worker ThreadId(12) fenrir::services::scheduler::service: db ping failed error=invalid input: db-shell service is disabled
2025-12-01T10:22:55.553047Z  WARN tokio-runtime-worker ThreadId(12) fenrir::services::scheduler::service: db ping failed error=invalid input: db-shell service is disabled
2025-12-01T10:24:55.554821Z  WARN tokio-runtime-worker ThreadId(12) fenrir::services::scheduler::service: db ping failed error=invalid input: db-shell service is disabled
2025-12-01T10:26:55.556479Z  WARN tokio-runtime-worker ThreadId(12) fenrir::services::scheduler::service: db ping failed error=invalid input: db-shell service is disabled
2025-12-01T10:28:55.555902Z  WARN tokio-runtime-worker ThreadId(12) fenrir::services::scheduler::service: db ping failed error=invalid input: db-shell service is disabled
2025-12-01T10:30:55.557471Z  WARN tokio-runtime-worker ThreadId(12) fenrir::services::scheduler::service: db ping failed error=invalid input: db-shell service is disabled
2025-12-01T10:32:55.599227Z  WARN tokio-runtime-worker ThreadId(12) fenrir::services::scheduler::service: db ping failed error=invalid input: db-shell service is disabled
2025-12-01T10:34:55.632426Z  WARN tokio-runtime-worker ThreadId(12) fenrir::services::scheduler::service: db ping failed error=invalid input: db-shell service is disabled
2025-12-01T10:36:55.635657Z  WARN tokio-runtime-worker ThreadId(12) fenrir::services::scheduler::service: db ping failed error=invalid input: db-shell service is disabled
2025-12-01T10:38:55.638007Z  WARN tokio-runtime-worker ThreadId(12) fenrir::services::scheduler::service: db ping failed error=invalid input: db-shell service is disabled
2025-12-01T10:40:55.640355Z  WARN tokio-runtime-worker ThreadId(12) fenrir::services::scheduler::service: db ping failed error=invalid input: db-shell service is disabled
2025-12-01T10:42:55.643262Z  WARN tokio-runtime-worker ThreadId(12) fenrir::services::scheduler::service: db ping failed error=invalid input: db-shell service is disabled
2025-12-01T10:44:55.645371Z  WARN tokio-runtime-worker ThreadId(12) fenrir::services::scheduler::service: db ping failed error=invalid input: db-shell service is disabled
2025-12-01T10:46:55.647960Z  WARN tokio-runtime-worker ThreadId(12) fenrir::services::scheduler::service: db ping failed error=invalid input: db-shell service is disabled
2025-12-01T10:48:55.650974Z  WARN tokio-runtime-worker ThreadId(12) fenrir::services::scheduler::service: db ping failed error=invalid input: db-shell service is disabled
2025-12-01T10:50:55.653297Z  WARN tokio-runtime-worker ThreadId(12) fenrir::services::scheduler::service: db ping failed error=invalid input: db-shell service is disabled
2025-12-01T10:52:55.656172Z  WARN tokio-runtime-worker ThreadId(12) fenrir::services::scheduler::service: db ping failed error=invalid input: db-shell service is disabled
2025-12-01T10:54:55.682323Z  WARN tokio-runtime-worker ThreadId(12) fenrir::services::scheduler::service: db ping failed error=invalid input: db-shell service is disabled
2025-12-01T10:56:55.687876Z  WARN tokio-runtime-worker ThreadId(12) fenrir::services::scheduler::service: db ping failed error=invalid input: db-shell service is disabled
2025-12-01T10:58:55.691902Z  WARN tokio-runtime-worker ThreadId(12) fenrir::services::scheduler::service: db ping failed error=invalid input: db-shell service is disabled
2025-12-01T11:00:55.695894Z  WARN tokio-runtime-worker ThreadId(12) fenrir::services::scheduler::service: db ping failed error=invalid input: db-shell service is disabled
2025-12-01T11:02:55.698968Z  WARN tokio-runtime-worker ThreadId(12) fenrir::services::scheduler::service: db ping failed error=invalid input: db-shell service is disabled
2025-12-01T11:04:55.702589Z  WARN tokio-runtime-worker ThreadId(12) fenrir::services::scheduler::service: db ping failed error=invalid input: db-shell service is disabled
2025-12-01T11:06:55.706186Z  WARN tokio-runtime-worker ThreadId(12) fenrir::services::scheduler::service: db ping failed error=invalid input: db-shell service is disabled
2025-12-01T11:08:55.710234Z  WARN tokio-runtime-worker ThreadId(12) fenrir::services::scheduler::service: db ping failed error=invalid input: db-shell service is disabled
2025-12-01T11:10:55.713373Z  WARN tokio-runtime-worker ThreadId(12) fenrir::services::scheduler::service: db ping failed error=invalid input: db-shell service is disabled
2025-12-01T11:12:55.717367Z  WARN tokio-runtime-worker ThreadId(12) fenrir::services::scheduler::service: db ping failed error=invalid input: db-shell service is disabled
2025-12-01T11:14:55.721790Z  WARN tokio-runtime-worker ThreadId(12) fenrir::services::scheduler::service: db ping failed error=invalid input: db-shell service is disabled
2025-12-01T11:16:55.724420Z  WARN tokio-runtime-worker ThreadId(12) fenrir::services::scheduler::service: db ping failed error=invalid input: db-shell service is disabled
2025-12-01T11:18:55.727348Z  WARN tokio-runtime-worker ThreadId(12) fenrir::services::scheduler::service: db ping failed error=invalid input: db-shell service is disabled
2025-12-01T11:20:55.734834Z  WARN tokio-runtime-worker ThreadId(12) fenrir::services::scheduler::service: db ping failed error=invalid input: db-shell service is disabled
2025-12-01T11:22:55.738678Z  WARN tokio-runtime-worker ThreadId(12) fenrir::services::scheduler::service: db ping failed error=invalid input: db-shell service is disabled
2025-12-01T11:24:55.742257Z  WARN tokio-runtime-worker ThreadId(12) fenrir::services::scheduler::service: db ping failed error=invalid input: db-shell service is disabled
2025-12-01T11:26:55.745250Z  WARN tokio-runtime-worker ThreadId(12) fenrir::services::scheduler::service: db ping failed error=invalid input: db-shell service is disabled
2025-12-01T11:28:55.748028Z  WARN tokio-runtime-worker ThreadId(12) fenrir::services::scheduler::service: db ping failed error=invalid input: db-shell service is disabled
2025-12-01T12:15:57.169380Z  WARN tokio-runtime-worker ThreadId(12) fenrir::services::scheduler::service: db ping failed error=invalid input: db-shell service is disabled
2025-12-01T12:21:32.298104Z  WARN tokio-runtime-worker ThreadId(12) fenrir::services::scheduler::service: db ping failed error=invalid input: db-shell service is disabled
2025-12-01T12:23:32.300733Z  WARN tokio-runtime-worker ThreadId(12) fenrir::services::scheduler::service: db ping failed error=invalid input: db-shell service is disabled
2025-12-01T12:25:32.304298Z  WARN tokio-runtime-worker ThreadId(12) fenrir::services::scheduler::service: db ping failed error=invalid input: db-shell service is disabled
2025-12-01T12:27:32.309226Z  WARN tokio-runtime-worker ThreadId(12) fenrir::services::scheduler::service: db ping failed error=invalid input: db-shell service is disabled
2025-12-01T12:29:32.313314Z  WARN tokio-runtime-worker ThreadId(12) fenrir::services::scheduler::service: db ping failed error=invalid input: db-shell service is disabled
2025-12-01T12:31:32.317472Z  WARN tokio-runtime-worker ThreadId(12) fenrir::services::scheduler::service: db ping failed error=invalid input: db-shell service is disabled
2025-12-01T12:33:32.320560Z  WARN tokio-runtime-worker ThreadId(12) fenrir::services::scheduler::service: db ping failed error=invalid input: db-shell service is disabled
2025-12-01T12:35:32.323401Z  WARN tokio-runtime-worker ThreadId(12) fenrir::services::scheduler::service: db ping failed error=invalid input: db-shell service is disabled
2025-12-01T12:37:32.282217Z  WARN tokio-runtime-worker ThreadId(12) fenrir::services::scheduler::service: db ping failed error=invalid input: db-shell service is disabled
2025-12-01T12:39:32.281170Z  WARN tokio-runtime-worker ThreadId(12) fenrir::services::scheduler::service: db ping failed error=invalid input: db-shell service is disabled
2025-12-01T12:41:32.283408Z  WARN tokio-runtime-worker ThreadId(12) fenrir::services::scheduler::service: db ping failed error=invalid input: db-shell service is disabled
2025-12-01T12:43:32.286676Z  WARN tokio-runtime-worker ThreadId(12) fenrir::services::scheduler::service: db ping failed error=invalid input: db-shell service is disabled
2025-12-01T12:45:32.287784Z  WARN tokio-runtime-worker ThreadId(12) fenrir::services::scheduler::service: db ping failed error=invalid input: db-shell service is disabled
2025-12-01T12:47:32.289806Z  WARN tokio-runtime-worker ThreadId(12) fenrir::services::scheduler::service: db ping failed error=invalid input: db-shell service is disabled
2025-12-01T12:49:32.290354Z  WARN tokio-runtime-worker ThreadId(12) fenrir::services::scheduler::service: db ping failed error=invalid input: db-shell service is disabled
2025-12-01T12:51:32.292040Z  WARN tokio-runtime-worker ThreadId(12) fenrir::services::scheduler::service: db ping failed error=invalid input: db-shell service is disabled
2025-12-01T12:53:32.293265Z  WARN tokio-runtime-worker ThreadId(12) fenrir::services::scheduler::service: db ping failed error=invalid input: db-shell service is disabled
2025-12-01T12:55:32.294577Z  WARN tokio-runtime-worker ThreadId(12) fenrir::services::scheduler::service: db ping failed error=invalid input: db-shell service is disabled
2025-12-01T12:57:32.295073Z  WARN tokio-runtime-worker ThreadId(12) fenrir::services::scheduler::service: db ping failed error=invalid input: db-shell service is disabled
2025-12-01T12:59:32.296345Z  WARN tokio-runtime-worker ThreadId(12) fenrir::services::scheduler::service: db ping failed error=invalid input: db-shell service is disabled
2025-12-01T13:01:32.297663Z  WARN tokio-runtime-worker ThreadId(12) fenrir::services::scheduler::service: db ping failed error=invalid input: db-shell service is disabled
2025-12-01T13:03:32.298693Z  WARN tokio-runtime-worker ThreadId(12) fenrir::services::scheduler::service: db ping failed error=invalid input: db-shell service is disabled
2025-12-01T13:05:32.299936Z  WARN tokio-runtime-worker ThreadId(12) fenrir::services::scheduler::service: db ping failed error=invalid input: db-shell service is disabled
2025-12-01T13:07:32.302347Z  WARN tokio-runtime-worker ThreadId(12) fenrir::services::scheduler::service: db ping failed error=invalid input: db-shell service is disabled
2025-12-01T13:09:32.302682Z  WARN tokio-runtime-worker ThreadId(12) fenrir::services::scheduler::service: db ping failed error=invalid input: db-shell service is disabled
2025-12-01T13:11:32.304001Z  WARN tokio-runtime-worker ThreadId(12) fenrir::services::scheduler::service: db ping failed error=invalid input: db-shell service is disabled
2025-12-01T13:13:32.305630Z  WARN tokio-runtime-worker ThreadId(12) fenrir::services::scheduler::service: db ping failed error=invalid input: db-shell service is disabled
2025-12-01T13:15:32.307411Z  WARN tokio-runtime-worker ThreadId(12) fenrir::services::scheduler::service: db ping failed error=invalid input: db-shell service is disabled
2025-12-01T13:17:32.308763Z  WARN tokio-runtime-worker ThreadId(12) fenrir::services::scheduler::service: db ping failed error=invalid input: db-shell service is disabled
2025-12-01T13:19:32.310001Z  WARN tokio-runtime-worker ThreadId(12) fenrir::services::scheduler::service: db ping failed error=invalid input: db-shell service is disabled
2025-12-01T13:21:32.349160Z  WARN tokio-runtime-worker ThreadId(12) fenrir::services::scheduler::service: db ping failed error=invalid input: db-shell service is disabled
2025-12-01T13:23:32.351220Z  WARN tokio-runtime-worker ThreadId(12) fenrir::services::scheduler::service: db ping failed error=invalid input: db-shell service is disabled
2025-12-01T13:25:32.354684Z  WARN tokio-runtime-worker ThreadId(12) fenrir::services::scheduler::service: db ping failed error=invalid input: db-shell service is disabled
2025-12-01T13:27:32.356657Z  WARN tokio-runtime-worker ThreadId(12) fenrir::services::scheduler::service: db ping failed error=invalid input: db-shell service is disabled
2025-12-01T13:29:32.359151Z  WARN tokio-runtime-worker ThreadId(12) fenrir::services::scheduler::service: db ping failed error=invalid input: db-shell service is disabled
2025-12-01T13:31:32.361977Z  WARN tokio-runtime-worker ThreadId(12) fenrir::services::scheduler::service: db ping failed error=invalid input: db-shell service is disabled
2025-12-01T13:33:32.365532Z  WARN tokio-runtime-worker ThreadId(12) fenrir::services::scheduler::service: db ping failed error=invalid input: db-shell service is disabled
2025-12-01T13:35:32.367834Z  WARN tokio-runtime-worker ThreadId(12) fenrir::services::scheduler::service: db ping failed error=invalid input: db-shell service is disabled
2025-12-01T13:37:32.370216Z  WARN tokio-runtime-worker ThreadId(12) fenrir::services::scheduler::service: db ping failed error=invalid input: db-shell service is disabled
2025-12-01T13:39:32.372759Z  WARN tokio-runtime-worker ThreadId(12) fenrir::services::scheduler::service: db ping failed error=invalid input: db-shell service is disabled
2025-12-01T13:41:32.375508Z  WARN tokio-runtime-worker ThreadId(12) fenrir::services::scheduler::service: db ping failed error=invalid input: db-shell service is disabled
2025-12-01T13:43:32.366110Z  WARN tokio-runtime-worker ThreadId(12) fenrir::services::scheduler::service: db ping failed error=invalid input: db-shell service is disabled
2025-12-01T13:45:32.366994Z  WARN tokio-runtime-worker ThreadId(12) fenrir::services::scheduler::service: db ping failed error=invalid input: db-shell service is disabled
2025-12-01T13:47:32.369155Z  WARN tokio-runtime-worker ThreadId(12) fenrir::services::scheduler::service: db ping failed error=invalid input: db-shell service is disabled
2025-12-01T13:49:32.370737Z  WARN tokio-runtime-worker ThreadId(12) fenrir::services::scheduler::service: db ping failed error=invalid input: db-shell service is disabled
2025-12-01T13:51:32.373792Z  WARN tokio-runtime-worker ThreadId(12) fenrir::services::scheduler::service: db ping failed error=invalid input: db-shell service is disabled
2025-12-01T13:53:32.376310Z  WARN tokio-runtime-worker ThreadId(12) fenrir::services::scheduler::service: db ping failed error=invalid input: db-shell service is disabled
2025-12-01T13:55:32.378443Z  WARN tokio-runtime-worker ThreadId(12) fenrir::services::scheduler::service: db ping failed error=invalid input: db-shell service is disabled
2025-12-01T13:57:32.380711Z  WARN tokio-runtime-worker ThreadId(12) fenrir::services::scheduler::service: db ping failed error=invalid input: db-shell service is disabled
2025-12-01T13:59:32.382169Z  WARN tokio-runtime-worker ThreadId(12) fenrir::services::scheduler::service: db ping failed error=invalid input: db-shell service is disabled
2025-12-01T14:01:32.384139Z  WARN tokio-runtime-worker ThreadId(12) fenrir::services::scheduler::service: db ping failed error=invalid input: db-shell service is disabled
2025-12-01T14:03:32.387211Z  WARN tokio-runtime-worker ThreadId(12) fenrir::services::scheduler::service: db ping failed error=invalid input: db-shell service is disabled
2025-12-01T14:05:32.389778Z  WARN tokio-runtime-worker ThreadId(12) fenrir::services::scheduler::service: db ping failed error=invalid input: db-shell service is disabled
2025-12-01T14:07:32.391909Z  WARN tokio-runtime-worker ThreadId(12) fenrir::services::scheduler::service: db ping failed error=invalid input: db-shell service is disabled
2025-12-01T14:09:32.393509Z  WARN tokio-runtime-worker ThreadId(12) fenrir::services::scheduler::service: db ping failed error=invalid input: db-shell service is disabled
2025-12-01T14:11:32.396529Z  WARN tokio-runtime-worker ThreadId(12) fenrir::services::scheduler::service: db ping failed error=invalid input: db-shell service is disabled
2025-12-01T14:13:32.399583Z  WARN tokio-runtime-worker ThreadId(12) fenrir::services::scheduler::service: db ping failed error=invalid input: db-shell service is disabled
2025-12-01T14:15:32.401854Z  WARN tokio-runtime-worker ThreadId(12) fenrir::services::scheduler::service: db ping failed error=invalid input: db-shell service is disabled
2025-12-01T14:17:32.398733Z  WARN tokio-runtime-worker ThreadId(12) fenrir::services::scheduler::service: db ping failed error=invalid input: db-shell service is disabled
2025-12-01T14:19:32.400980Z  WARN tokio-runtime-worker ThreadId(12) fenrir::services::scheduler::service: db ping failed error=invalid input: db-shell service is disabled
2025-12-01T14:21:32.402715Z  WARN tokio-runtime-worker ThreadId(12) fenrir::services::scheduler::service: db ping failed error=invalid input: db-shell service is disabled
2025-12-01T14:35:25.947538Z  WARN tokio-runtime-worker ThreadId(12) fenrir::services::scheduler::service: db ping failed error=invalid input: db-shell service is disabled
2025-12-01T14:37:25.948450Z  WARN tokio-runtime-worker ThreadId(12) fenrir::services::scheduler::service: db ping failed error=invalid input: db-shell service is disabled
2025-12-01T14:39:25.949780Z  WARN tokio-runtime-worker ThreadId(12) fenrir::services::scheduler::service: db ping failed error=invalid input: db-shell service is disabled
2025-12-01T14:41:25.951198Z  WARN tokio-runtime-worker ThreadId(12) fenrir::services::scheduler::service: db ping failed error=invalid input: db-shell service is disabled
2025-12-01T14:43:25.953640Z  WARN tokio-runtime-worker ThreadId(12) fenrir::services::scheduler::service: db ping failed error=invalid input: db-shell service is disabled
2025-12-01T14:45:25.955395Z  WARN tokio-runtime-worker ThreadId(12) fenrir::services::scheduler::service: db ping failed error=invalid input: db-shell service is disabled
2025-12-01T14:47:25.957482Z  WARN tokio-runtime-worker ThreadId(12) fenrir::services::scheduler::service: db ping failed error=invalid input: db-shell service is disabled
2025-12-01T14:49:25.985843Z  WARN tokio-runtime-worker ThreadId(12) fenrir::services::scheduler::service: db ping failed error=invalid input: db-shell service is disabled
2025-12-01T14:51:25.987649Z  WARN tokio-runtime-worker ThreadId(12) fenrir::services::scheduler::service: db ping failed error=invalid input: db-shell service is disabled
2025-12-01T14:53:25.989226Z  WARN tokio-runtime-worker ThreadId(12) fenrir::services::scheduler::service: db ping failed error=invalid input: db-shell service is disabled
2025-12-01T14:55:25.991023Z  WARN tokio-runtime-worker ThreadId(12) fenrir::services::scheduler::service: db ping failed error=invalid input: db-shell service is disabled
2025-12-01T14:57:25.992945Z  WARN tokio-runtime-worker ThreadId(12) fenrir::services::scheduler::service: db ping failed error=invalid input: db-shell service is disabled
2025-12-01T14:59:25.995071Z  WARN tokio-runtime-worker ThreadId(12) fenrir::services::scheduler::service: db ping failed error=invalid input: db-shell service is disabled
2025-12-01T15:01:25.996983Z  WARN tokio-runtime-worker ThreadId(12) fenrir::services::scheduler::service: db ping failed error=invalid input: db-shell service is disabled
2025-12-01T15:03:25.999113Z  WARN tokio-runtime-worker ThreadId(12) fenrir::services::scheduler::service: db ping failed error=invalid input: db-shell service is disabled
2025-12-01T15:05:26.001232Z  WARN tokio-runtime-worker ThreadId(12) fenrir::services::scheduler::service: db ping failed error=invalid input: db-shell service is disabled
2025-12-01T15:07:26.003835Z  WARN tokio-runtime-worker ThreadId(12) fenrir::services::scheduler::service: db ping failed error=invalid input: db-shell service is disabled
2025-12-01T15:09:26.006708Z  WARN tokio-runtime-worker ThreadId(12) fenrir::services::scheduler::service: db ping failed error=invalid input: db-shell service is disabled
2025-12-01T15:11:26.009815Z  WARN tokio-runtime-worker ThreadId(12) fenrir::services::scheduler::service: db ping failed error=invalid input: db-shell service is disabled
2025-12-01T15:13:25.982492Z  WARN tokio-runtime-worker ThreadId(12) fenrir::services::scheduler::service: db ping failed error=invalid input: db-shell service is disabled
2025-12-01T15:15:25.983754Z  WARN tokio-runtime-worker ThreadId(12) fenrir::services::scheduler::service: db ping failed error=invalid input: db-shell service is disabled
2025-12-01T15:17:25.986774Z  WARN tokio-runtime-worker ThreadId(12) fenrir::services::scheduler::service: db ping failed error=invalid input: db-shell service is disabled
2025-12-01T15:19:25.988064Z  WARN tokio-runtime-worker ThreadId(12) fenrir::services::scheduler::service: db ping failed error=invalid input: db-shell service is disabled
2025-12-01T15:21:25.988218Z  WARN tokio-runtime-worker ThreadId(12) fenrir::services::scheduler::service: db ping failed error=invalid input: db-shell service is disabled
2025-12-01T15:23:25.988726Z  WARN tokio-runtime-worker ThreadId(12) fenrir::services::scheduler::service: db ping failed error=invalid input: db-shell service is disabled
2025-12-01T15:25:25.988897Z  WARN tokio-runtime-worker ThreadId(12) fenrir::services::scheduler::service: db ping failed error=invalid input: db-shell service is disabled
2025-12-01T15:27:25.989895Z  WARN tokio-runtime-worker ThreadId(12) fenrir::services::scheduler::service: db ping failed error=invalid input: db-shell service is disabled
2025-12-01T15:29:25.990586Z  WARN tokio-runtime-worker ThreadId(12) fenrir::services::scheduler::service: db ping failed error=invalid input: db-shell service is disabled
2025-12-01T15:31:25.992869Z  WARN tokio-runtime-worker ThreadId(12) fenrir::services::scheduler::service: db ping failed error=invalid input: db-shell service is disabled
2025-12-01T15:33:25.993003Z  WARN tokio-runtime-worker ThreadId(12) fenrir::services::scheduler::service: db ping failed error=invalid input: db-shell service is disabled
2025-12-01T15:35:25.993741Z  WARN tokio-runtime-worker ThreadId(12) fenrir::services::scheduler::service: db ping failed error=invalid input: db-shell service is disabled
2025-12-01T15:37:25.984528Z  WARN tokio-runtime-worker ThreadId(12) fenrir::services::scheduler::service: db ping failed error=invalid input: db-shell service is disabled
2025-12-01T15:39:25.985380Z  WARN tokio-runtime-worker ThreadId(12) fenrir::services::scheduler::service: db ping failed error=invalid input: db-shell service is disabled
2025-12-01T15:41:25.985918Z  WARN tokio-runtime-worker ThreadId(12) fenrir::services::scheduler::service: db ping failed error=invalid input: db-shell service is disabled
2025-12-01T15:43:25.986531Z  WARN tokio-runtime-worker ThreadId(12) fenrir::services::scheduler::service: db ping failed error=invalid input: db-shell service is disabled
2025-12-01T15:45:25.988116Z  WARN tokio-runtime-worker ThreadId(12) fenrir::services::scheduler::service: db ping failed error=invalid input: db-shell service is disabled
2025-12-01T15:47:25.988696Z  WARN tokio-runtime-worker ThreadId(12) fenrir::services::scheduler::service: db ping failed error=invalid input: db-shell service is disabled
2025-12-01T15:49:25.990210Z  WARN tokio-runtime-worker ThreadId(12) fenrir::services::scheduler::service: db ping failed error=invalid input: db-shell service is disabled
2025-12-01T15:51:25.990714Z  WARN tokio-runtime-worker ThreadId(12) fenrir::services::scheduler::service: db ping failed error=invalid input: db-shell service is disabled
2025-12-01T15:53:25.991928Z  WARN tokio-runtime-worker ThreadId(12) fenrir::services::scheduler::service: db ping failed error=invalid input: db-shell service is disabled
2025-12-01T15:55:25.993218Z  WARN tokio-runtime-worker ThreadId(12) fenrir::services::scheduler::service: db ping failed error=invalid input: db-shell service is disabled
2025-12-01T15:57:25.994205Z  WARN tokio-runtime-worker ThreadId(12) fenrir::services::scheduler::service: db ping failed error=invalid input: db-shell service is disabled
2025-12-01T15:59:26.000891Z  WARN tokio-runtime-worker ThreadId(12) fenrir::services::scheduler::service: db ping failed error=invalid input: db-shell service is disabled
2025-12-01T16:01:26.019825Z  WARN tokio-runtime-worker ThreadId(12) fenrir::services::scheduler::service: db ping failed error=invalid input: db-shell service is disabled
2025-12-01T16:03:26.021943Z  WARN tokio-runtime-worker ThreadId(12) fenrir::services::scheduler::service: db ping failed error=invalid input: db-shell service is disabled
2025-12-01T16:05:26.024269Z  WARN tokio-runtime-worker ThreadId(12) fenrir::services::scheduler::service: db ping failed error=invalid input: db-shell service is disabled
2025-12-01T16:07:26.025902Z  WARN tokio-runtime-worker ThreadId(12) fenrir::services::scheduler::service: db ping failed error=invalid input: db-shell service is disabled
2025-12-01T16:09:26.027485Z  WARN tokio-runtime-worker ThreadId(12) fenrir::services::scheduler::service: db ping failed error=invalid input: db-shell service is disabled
2025-12-01T16:11:26.029693Z  WARN tokio-runtime-worker ThreadId(12) fenrir::services::scheduler::service: db ping failed error=invalid input: db-shell service is disabled
2025-12-01T16:13:26.030716Z  WARN tokio-runtime-worker ThreadId(12) fenrir::services::scheduler::service: db ping failed error=invalid input: db-shell service is disabled
2025-12-01T16:15:26.032953Z  WARN tokio-runtime-worker ThreadId(12) fenrir::services::scheduler::service: db ping failed error=invalid input: db-shell service is disabled
2025-12-01T16:17:26.034229Z  WARN tokio-runtime-worker ThreadId(12) fenrir::services::scheduler::service: db ping failed error=invalid input: db-shell service is disabled
2025-12-01T16:19:26.036039Z  WARN tokio-runtime-worker ThreadId(12) fenrir::services::scheduler::service: db ping failed error=invalid input: db-shell service is disabled
2025-12-01T17:21:29.749058Z  WARN tokio-runtime-worker ThreadId(12) fenrir::services::scheduler::service: db ping failed error=invalid input: db-shell service is disabled
2025-12-01T18:33:03.283383Z  WARN tokio-runtime-worker ThreadId(12) fenrir::services::scheduler::service: db ping failed error=invalid input: db-shell service is disabled
2025-12-01T18:35:03.284068Z  WARN tokio-runtime-worker ThreadId(12) fenrir::services::scheduler::service: db ping failed error=invalid input: db-shell service is disabled
2025-12-01T18:37:03.284060Z  WARN tokio-runtime-worker ThreadId(12) fenrir::services::scheduler::service: db ping failed error=invalid input: db-shell service is disabled
2025-12-01T18:39:03.283633Z  WARN tokio-runtime-worker ThreadId(12) fenrir::services::scheduler::service: db ping failed error=invalid input: db-shell service is disabled
2025-12-01T18:41:03.283571Z  WARN tokio-runtime-worker ThreadId(12) fenrir::services::scheduler::service: db ping failed error=invalid input: db-shell service is disabled
2025-12-01T18:43:03.284448Z  WARN tokio-runtime-worker ThreadId(12) fenrir::services::scheduler::service: db ping failed error=invalid input: db-shell service is disabled
2025-12-01T18:45:03.346792Z  WARN tokio-runtime-worker ThreadId(12) fenrir::services::scheduler::service: db ping failed error=invalid input: db-shell service is disabled
2025-12-01T18:47:03.348501Z  WARN tokio-runtime-worker ThreadId(12) fenrir::services::scheduler::service: db ping failed error=invalid input: db-shell service is disabled
2025-12-01T18:49:03.350642Z  WARN tokio-runtime-worker ThreadId(12) fenrir::services::scheduler::service: db ping failed error=invalid input: db-shell service is disabled
2025-12-01T18:51:03.353536Z  WARN tokio-runtime-worker ThreadId(12) fenrir::services::scheduler::service: db ping failed error=invalid input: db-shell service is disabled
2025-12-01T18:53:03.355511Z  WARN tokio-runtime-worker ThreadId(12) fenrir::services::scheduler::service: db ping failed error=invalid input: db-shell service is disabled
2025-12-01T18:55:03.356706Z  WARN tokio-runtime-worker ThreadId(12) fenrir::services::scheduler::service: db ping failed error=invalid input: db-shell service is disabled
2025-12-01T18:57:03.358301Z  WARN tokio-runtime-worker ThreadId(12) fenrir::services::scheduler::service: db ping failed error=invalid input: db-shell service is disabled
2025-12-01T18:59:03.361113Z  WARN tokio-runtime-worker ThreadId(12) fenrir::services::scheduler::service: db ping failed error=invalid input: db-shell service is disabled
2025-12-01T19:01:03.362733Z  WARN tokio-runtime-worker ThreadId(12) fenrir::services::scheduler::service: db ping failed error=invalid input: db-shell service is disabled
2025-12-01T19:03:03.364528Z  WARN tokio-runtime-worker ThreadId(12) fenrir::services::scheduler::service: db ping failed error=invalid input: db-shell service is disabled
2025-12-01T19:05:03.365939Z  WARN tokio-runtime-worker ThreadId(12) fenrir::services::scheduler::service: db ping failed error=invalid input: db-shell service is disabled
2025-12-01T19:07:03.368516Z  WARN tokio-runtime-worker ThreadId(12) fenrir::services::scheduler::service: db ping failed error=invalid input: db-shell service is disabled
2025-12-01T19:09:03.370285Z  WARN tokio-runtime-worker ThreadId(12) fenrir::services::scheduler::service: db ping failed error=invalid input: db-shell service is disabled
2025-12-01T19:11:03.371603Z  WARN tokio-runtime-worker ThreadId(12) fenrir::services::scheduler::service: db ping failed error=invalid input: db-shell service is disabled
2025-12-01T19:13:03.373584Z  WARN tokio-runtime-worker ThreadId(12) fenrir::services::scheduler::service: db ping failed error=invalid input: db-shell service is disabled
2025-12-01T19:15:03.375236Z  WARN tokio-runtime-worker ThreadId(12) fenrir::services::scheduler::service: db ping failed error=invalid input: db-shell service is disabled
2025-12-01T19:17:03.374030Z  WARN tokio-runtime-worker ThreadId(12) fenrir::services::scheduler::service: db ping failed error=invalid input: db-shell service is disabled
2025-12-01T19:19:03.376069Z  WARN tokio-runtime-worker ThreadId(12) fenrir::services::scheduler::service: db ping failed error=invalid input: db-shell service is disabled
2025-12-01T19:21:03.379121Z  WARN tokio-runtime-worker ThreadId(12) fenrir::services::scheduler::service: db ping failed error=invalid input: db-shell service is disabled
2025-12-01T19:23:03.382139Z  WARN tokio-runtime-worker ThreadId(12) fenrir::services::scheduler::service: db ping failed error=invalid input: db-shell service is disabled
2025-12-01T19:25:03.387244Z  WARN tokio-runtime-worker ThreadId(12) fenrir::services::scheduler::service: db ping failed error=invalid input: db-shell service is disabled
2025-12-01T19:46:53.274234Z  WARN tokio-runtime-worker ThreadId(12) fenrir::services::scheduler::service: db ping failed error=invalid input: db-shell service is disabled
2025-12-01T19:48:53.278526Z  WARN tokio-runtime-worker ThreadId(12) fenrir::services::scheduler::service: db ping failed error=invalid input: db-shell service is disabled
2025-12-01T19:50:53.282182Z  WARN tokio-runtime-worker ThreadId(12) fenrir::services::scheduler::service: db ping failed error=invalid input: db-shell service is disabled
2025-12-01T19:52:53.286125Z  WARN tokio-runtime-worker ThreadId(12) fenrir::services::scheduler::service: db ping failed error=invalid input: db-shell service is disabled
2025-12-01T19:54:53.290623Z  WARN tokio-runtime-worker ThreadId(12) fenrir::services::scheduler::service: db ping failed error=invalid input: db-shell service is disabled
2025-12-01T19:56:53.292586Z  WARN tokio-runtime-worker ThreadId(12) fenrir::services::scheduler::service: db ping failed error=invalid input: db-shell service is disabled
2025-12-01T19:58:53.295697Z  WARN tokio-runtime-worker ThreadId(12) fenrir::services::scheduler::service: db ping failed error=invalid input: db-shell service is disabled
2025-12-01T20:00:53.296890Z  WARN tokio-runtime-worker ThreadId(12) fenrir::services::scheduler::service: db ping failed error=invalid input: db-shell service is disabled
2025-12-01T20:02:53.300279Z  WARN tokio-runtime-worker ThreadId(12) fenrir::services::scheduler::service: db ping failed error=invalid input: db-shell service is disabled
2025-12-01T20:04:53.309463Z  WARN tokio-runtime-worker ThreadId(12) fenrir::services::scheduler::service: db ping failed error=invalid input: db-shell service is disabled
2025-12-01T20:06:53.313477Z  WARN tokio-runtime-worker ThreadId(12) fenrir::services::scheduler::service: db ping failed error=invalid input: db-shell service is disabled
2025-12-01T20:08:53.315962Z  WARN tokio-runtime-worker ThreadId(12) fenrir::services::scheduler::service: db ping failed error=invalid input: db-shell service is disabled
2025-12-01T20:10:53.318764Z  WARN tokio-runtime-worker ThreadId(12) fenrir::services::scheduler::service: db ping failed error=invalid input: db-shell service is disabled
2025-12-01T20:12:53.322008Z  WARN tokio-runtime-worker ThreadId(12) fenrir::services::scheduler::service: db ping failed error=invalid input: db-shell service is disabled
2025-12-01T20:14:53.326178Z  WARN tokio-runtime-worker ThreadId(12) fenrir::services::scheduler::service: db ping failed error=invalid input: db-shell service is disabled
2025-12-01T20:16:53.328343Z  WARN tokio-runtime-worker ThreadId(12) fenrir::services::scheduler::service: db ping failed error=invalid input: db-shell service is disabled
2025-12-01T20:18:53.333497Z  WARN tokio-runtime-worker ThreadId(12) fenrir::services::scheduler::service: db ping failed error=invalid input: db-shell service is disabled
2025-12-01T20:20:53.336219Z  WARN tokio-runtime-worker ThreadId(12) fenrir::services::scheduler::service: db ping failed error=invalid input: db-shell service is disabled
2025-12-01T20:22:53.339026Z  WARN tokio-runtime-worker ThreadId(12) fenrir::services::scheduler::service: db ping failed error=invalid input: db-shell service is disabled
2025-12-01T20:24:53.341043Z  WARN tokio-runtime-worker ThreadId(12) fenrir::services::scheduler::service: db ping failed error=invalid input: db-shell service is disabled
2025-12-01T20:26:53.343967Z  WARN tokio-runtime-worker ThreadId(12) fenrir::services::scheduler::service: db ping failed error=invalid input: db-shell service is disabled
2025-12-01T20:28:53.347073Z  WARN tokio-runtime-worker ThreadId(12) fenrir::services::scheduler::service: db ping failed error=invalid input: db-shell service is disabled
2025-12-01T20:30:53.350404Z  WARN tokio-runtime-worker ThreadId(12) fenrir::services::scheduler::service: db ping failed error=invalid input: db-shell service is disabled
2025-12-01T20:32:53.353308Z  WARN tokio-runtime-worker ThreadId(12) fenrir::services::scheduler::service: db ping failed error=invalid input: db-shell service is disabled
2025-12-01T20:34:53.356011Z  WARN tokio-runtime-worker ThreadId(12) fenrir::services::scheduler::service: db ping failed error=invalid input: db-shell service is disabled
2025-12-01T20:36:53.359400Z  WARN tokio-runtime-worker ThreadId(12) fenrir::services::scheduler::service: db ping failed error=invalid input: db-shell service is disabled
2025-12-01T20:38:53.361563Z  WARN tokio-runtime-worker ThreadId(12) fenrir::services::scheduler::service: db ping failed error=invalid input: db-shell service is disabled
2025-12-01T20:40:53.321872Z  WARN tokio-runtime-worker ThreadId(12) fenrir::services::scheduler::service: db ping failed error=invalid input: db-shell service is disabled
2025-12-01T20:42:53.323012Z  WARN tokio-runtime-worker ThreadId(12) fenrir::services::scheduler::service: db ping failed error=invalid input: db-shell service is disabled
2025-12-01T20:44:53.325104Z  WARN tokio-runtime-worker ThreadId(12) fenrir::services::scheduler::service: db ping failed error=invalid input: db-shell service is disabled
2025-12-01T20:46:53.326646Z  WARN tokio-runtime-worker ThreadId(12) fenrir::services::scheduler::service: db ping failed error=invalid input: db-shell service is disabled
2025-12-01T20:48:53.328573Z  WARN tokio-runtime-worker ThreadId(12) fenrir::services::scheduler::service: db ping failed error=invalid input: db-shell service is disabled
2025-12-01T20:50:53.329109Z  WARN tokio-runtime-worker ThreadId(12) fenrir::services::scheduler::service: db ping failed error=invalid input: db-shell service is disabled
2025-12-01T20:52:53.330960Z  WARN tokio-runtime-worker ThreadId(12) fenrir::services::scheduler::service: db ping failed error=invalid input: db-shell service is disabled
2025-12-01T20:54:53.333056Z  WARN tokio-runtime-worker ThreadId(12) fenrir::services::scheduler::service: db ping failed error=invalid input: db-shell service is disabled
2025-12-01T20:56:53.334641Z  WARN tokio-runtime-worker ThreadId(12) fenrir::services::scheduler::service: db ping failed error=invalid input: db-shell service is disabled
2025-12-01T20:58:53.335580Z  WARN tokio-runtime-worker ThreadId(12) fenrir::services::scheduler::service: db ping failed error=invalid input: db-shell service is disabled
2025-12-01T21:00:53.338395Z  WARN tokio-runtime-worker ThreadId(12) fenrir::services::scheduler::service: db ping failed error=invalid input: db-shell service is disabled
2025-12-01T21:02:53.321621Z  WARN tokio-runtime-worker ThreadId(12) fenrir::services::scheduler::service: db ping failed error=invalid input: db-shell service is disabled
2025-12-01T21:04:53.321504Z  WARN tokio-runtime-worker ThreadId(12) fenrir::services::scheduler::service: db ping failed error=invalid input: db-shell service is disabled
2025-12-01T21:06:53.323115Z  WARN tokio-runtime-worker ThreadId(12) fenrir::services::scheduler::service: db ping failed error=invalid input: db-shell service is disabled
2025-12-01T21:08:53.325473Z  WARN tokio-runtime-worker ThreadId(12) fenrir::services::scheduler::service: db ping failed error=invalid input: db-shell service is disabled
2025-12-01T21:10:53.326151Z  WARN tokio-runtime-worker ThreadId(12) fenrir::services::scheduler::service: db ping failed error=invalid input: db-shell service is disabled
2025-12-01T21:12:53.325786Z  WARN tokio-runtime-worker ThreadId(12) fenrir::services::scheduler::service: db ping failed error=invalid input: db-shell service is disabled
2025-12-01T21:14:53.325733Z  WARN tokio-runtime-worker ThreadId(12) fenrir::services::scheduler::service: db ping failed error=invalid input: db-shell service is disabled
2025-12-01T21:16:53.327302Z  WARN tokio-runtime-worker ThreadId(12) fenrir::services::scheduler::service: db ping failed error=invalid input: db-shell service is disabled
2025-12-01T21:18:53.329523Z  WARN tokio-runtime-worker ThreadId(12) fenrir::services::scheduler::service: db ping failed error=invalid input: db-shell service is disabled
2025-12-01T21:20:53.330424Z  WARN tokio-runtime-worker ThreadId(12) fenrir::services::scheduler::service: db ping failed error=invalid input: db-shell service is disabled
2025-12-01T21:22:53.332098Z  WARN tokio-runtime-worker ThreadId(12) fenrir::services::scheduler::service: db ping failed error=invalid input: db-shell service is disabled
2025-12-01T21:24:53.345542Z  WARN tokio-runtime-worker ThreadId(12) fenrir::services::scheduler::service: db ping failed error=invalid input: db-shell service is disabled
2025-12-01T21:26:53.362663Z  WARN tokio-runtime-worker ThreadId(12) fenrir::services::scheduler::service: db ping failed error=invalid input: db-shell service is disabled
2025-12-01T21:28:53.364497Z  WARN tokio-runtime-worker ThreadId(12) fenrir::services::scheduler::service: db ping failed error=invalid input: db-shell service is disabled
2025-12-01T21:30:53.367391Z  WARN tokio-runtime-worker ThreadId(12) fenrir::services::scheduler::service: db ping failed error=invalid input: db-shell service is disabled
2025-12-01T21:32:53.368620Z  WARN tokio-runtime-worker ThreadId(12) fenrir::services::scheduler::service: db ping failed error=invalid input: db-shell service is disabled
2025-12-01T21:34:53.371968Z  WARN tokio-runtime-worker ThreadId(12) fenrir::services::scheduler::service: db ping failed error=invalid input: db-shell service is disabled
2025-12-01T21:36:53.375065Z  WARN tokio-runtime-worker ThreadId(12) fenrir::services::scheduler::service: db ping failed error=invalid input: db-shell service is disabled
2025-12-01T21:38:53.375823Z  WARN tokio-runtime-worker ThreadId(12) fenrir::services::scheduler::service: db ping failed error=invalid input: db-shell service is disabled
2025-12-01T21:40:53.377462Z  WARN tokio-runtime-worker ThreadId(12) fenrir::services::scheduler::service: db ping failed error=invalid input: db-shell service is disabled
2025-12-01T21:42:53.380116Z  WARN tokio-runtime-worker ThreadId(12) fenrir::services::scheduler::service: db ping failed error=invalid input: db-shell service is disabled
2025-12-01T21:44:53.383278Z  WARN tokio-runtime-worker ThreadId(12) fenrir::services::scheduler::service: db ping failed error=invalid input: db-shell service is disabled
2025-12-01T21:46:53.384691Z  WARN tokio-runtime-worker ThreadId(12) fenrir::services::scheduler::service: db ping failed error=invalid input: db-shell service is disabled
2025-12-01T21:48:53.398068Z  WARN tokio-runtime-worker ThreadId(12) fenrir::services::scheduler::service: db ping failed error=invalid input: db-shell service is disabled
2025-12-01T21:50:53.405119Z  WARN tokio-runtime-worker ThreadId(12) fenrir::services::scheduler::service: db ping failed error=invalid input: db-shell service is disabled
2025-12-01T21:52:53.406984Z  WARN tokio-runtime-worker ThreadId(12) fenrir::services::scheduler::service: db ping failed error=invalid input: db-shell service is disabled
2025-12-01T21:54:53.409995Z  WARN tokio-runtime-worker ThreadId(12) fenrir::services::scheduler::service: db ping failed error=invalid input: db-shell service is disabled
2025-12-01T21:56:53.411928Z  WARN tokio-runtime-worker ThreadId(12) fenrir::services::scheduler::service: db ping failed error=invalid input: db-shell service is disabled
2025-12-01T21:58:53.413274Z  WARN tokio-runtime-worker ThreadId(12) fenrir::services::scheduler::service: db ping failed error=invalid input: db-shell service is disabled
2025-12-01T22:00:53.415071Z  WARN tokio-runtime-worker ThreadId(12) fenrir::services::scheduler::service: db ping failed error=invalid input: db-shell service is disabled
2025-12-01T22:02:53.417379Z  WARN tokio-runtime-worker ThreadId(12) fenrir::services::scheduler::service: db ping failed error=invalid input: db-shell service is disabled
2025-12-01T22:04:53.419691Z  WARN tokio-runtime-worker ThreadId(12) fenrir::services::scheduler::service: db ping failed error=invalid input: db-shell service is disabled
2025-12-01T22:06:53.421376Z  WARN tokio-runtime-worker ThreadId(12) fenrir::services::scheduler::service: db ping failed error=invalid input: db-shell service is disabled
2025-12-01T22:08:53.423137Z  WARN tokio-runtime-worker ThreadId(12) fenrir::services::scheduler::service: db ping failed error=invalid input: db-shell service is disabled
2025-12-01T22:10:53.424410Z  WARN tokio-runtime-worker ThreadId(12) fenrir::services::scheduler::service: db ping failed error=invalid input: db-shell service is disabled
2025-12-01T22:12:53.426986Z  WARN tokio-runtime-worker ThreadId(12) fenrir::services::scheduler::service: db ping failed error=invalid input: db-shell service is disabled
2025-12-01T22:24:56.489268Z  WARN tokio-runtime-worker ThreadId(12) fenrir::services::scheduler::service: db ping failed error=invalid input: db-shell service is disabled
2025-12-01T22:56:56.673643Z  WARN tokio-runtime-worker ThreadId(12) fenrir::services::scheduler::service: db ping failed error=invalid input: db-shell service is disabled
2025-12-01T22:58:56.676303Z  WARN tokio-runtime-worker ThreadId(12) fenrir::services::scheduler::service: db ping failed error=invalid input: db-shell service is disabled
2025-12-01T23:00:56.679202Z  WARN tokio-runtime-worker ThreadId(12) fenrir::services::scheduler::service: db ping failed error=invalid input: db-shell service is disabled
2025-12-01T23:17:56.649822Z  WARN tokio-runtime-worker ThreadId(12) fenrir::services::scheduler::service: db ping failed error=invalid input: db-shell service is disabled
2025-12-01T23:49:56.641152Z  WARN tokio-runtime-worker ThreadId(12) fenrir::services::scheduler::service: db ping failed error=invalid input: db-shell service is disabled
2025-12-02T00:06:56.707754Z  WARN tokio-runtime-worker ThreadId(12) fenrir::services::scheduler::service: db ping failed error=invalid input: db-shell service is disabled
2025-12-02T00:08:56.708393Z  WARN tokio-runtime-worker ThreadId(12) fenrir::services::scheduler::service: db ping failed error=invalid input: db-shell service is disabled
2025-12-02T00:15:20.608339Z  WARN tokio-runtime-worker ThreadId(12) fenrir::services::scheduler::service: db ping failed error=invalid input: db-shell service is disabled
2025-12-02T01:02:17.078165Z  WARN tokio-runtime-worker ThreadId(12) fenrir::services::scheduler::service: db ping failed error=invalid input: db-shell service is disabled
2025-12-02T01:34:13.369560Z  WARN tokio-runtime-worker ThreadId(12) fenrir::services::scheduler::service: db ping failed error=invalid input: db-shell service is disabled
2025-12-02T01:51:11.235381Z  WARN tokio-runtime-worker ThreadId(12) fenrir::services::scheduler::service: db ping failed error=invalid input: db-shell service is disabled
2025-12-02T01:53:11.236954Z  WARN tokio-runtime-worker ThreadId(12) fenrir::services::scheduler::service: db ping failed error=invalid input: db-shell service is disabled
2025-12-02T01:55:11.237309Z  WARN tokio-runtime-worker ThreadId(12) fenrir::services::scheduler::service: db ping failed error=invalid input: db-shell service is disabled
2025-12-02T01:57:11.236110Z  WARN tokio-runtime-worker ThreadId(05) fenrir::services::scheduler::service: db ping failed error=invalid input: db-shell service is disabled
2025-12-02T01:59:11.235391Z  WARN tokio-runtime-worker ThreadId(05) fenrir::services::scheduler::service: db ping failed error=invalid input: db-shell service is disabled
2025-12-02T02:01:11.235210Z  WARN tokio-runtime-worker ThreadId(05) fenrir::services::scheduler::service: db ping failed error=invalid input: db-shell service is disabled
2025-12-02T02:03:11.235764Z  WARN tokio-runtime-worker ThreadId(05) fenrir::services::scheduler::service: db ping failed error=invalid input: db-shell service is disabled
2025-12-02T02:05:11.236734Z  WARN tokio-runtime-worker ThreadId(05) fenrir::services::scheduler::service: db ping failed error=invalid input: db-shell service is disabled
2025-12-02T02:07:11.237300Z  WARN tokio-runtime-worker ThreadId(05) fenrir::services::scheduler::service: db ping failed error=invalid input: db-shell service is disabled
2025-12-02T02:09:11.237738Z  WARN tokio-runtime-worker ThreadId(05) fenrir::services::scheduler::service: db ping failed error=invalid input: db-shell service is disabled
2025-12-02T02:11:11.349537Z  WARN tokio-runtime-worker ThreadId(05) fenrir::services::scheduler::service: db ping failed error=invalid input: db-shell service is disabled
2025-12-02T02:13:11.353075Z  WARN tokio-runtime-worker ThreadId(05) fenrir::services::scheduler::service: db ping failed error=invalid input: db-shell service is disabled
2025-12-02T02:15:11.355646Z  WARN tokio-runtime-worker ThreadId(05) fenrir::services::scheduler::service: db ping failed error=invalid input: db-shell service is disabled
2025-12-02T02:17:11.360010Z  WARN tokio-runtime-worker ThreadId(05) fenrir::services::scheduler::service: db ping failed error=invalid input: db-shell service is disabled
2025-12-02T02:19:11.362303Z  WARN tokio-runtime-worker ThreadId(05) fenrir::services::scheduler::service: db ping failed error=invalid input: db-shell service is disabled
2025-12-02T02:21:11.364914Z  WARN tokio-runtime-worker ThreadId(05) fenrir::services::scheduler::service: db ping failed error=invalid input: db-shell service is disabled
2025-12-02T02:23:11.368019Z  WARN tokio-runtime-worker ThreadId(05) fenrir::services::scheduler::service: db ping failed error=invalid input: db-shell service is disabled
2025-12-02T02:25:11.372670Z  WARN tokio-runtime-worker ThreadId(05) fenrir::services::scheduler::service: db ping failed error=invalid input: db-shell service is disabled
2025-12-02T02:27:11.376774Z  WARN tokio-runtime-worker ThreadId(05) fenrir::services::scheduler::service: db ping failed error=invalid input: db-shell service is disabled
2025-12-02T02:29:11.380670Z  WARN tokio-runtime-worker ThreadId(05) fenrir::services::scheduler::service: db ping failed error=invalid input: db-shell service is disabled
2025-12-02T02:31:11.383289Z  WARN tokio-runtime-worker ThreadId(05) fenrir::services::scheduler::service: db ping failed error=invalid input: db-shell service is disabled
2025-12-02T02:33:11.381106Z  WARN tokio-runtime-worker ThreadId(05) fenrir::services::scheduler::service: db ping failed error=invalid input: db-shell service is disabled
2025-12-02T02:35:11.381632Z  WARN tokio-runtime-worker ThreadId(05) fenrir::services::scheduler::service: db ping failed error=invalid input: db-shell service is disabled
2025-12-02T02:37:11.385722Z  WARN tokio-runtime-worker ThreadId(05) fenrir::services::scheduler::service: db ping failed error=invalid input: db-shell service is disabled
2025-12-02T02:39:11.389616Z  WARN tokio-runtime-worker ThreadId(05) fenrir::services::scheduler::service: db ping failed error=invalid input: db-shell service is disabled
2025-12-02T02:41:11.394037Z  WARN tokio-runtime-worker ThreadId(05) fenrir::services::scheduler::service: db ping failed error=invalid input: db-shell service is disabled
2025-12-02T02:43:11.396978Z  WARN tokio-runtime-worker ThreadId(05) fenrir::services::scheduler::service: db ping failed error=invalid input: db-shell service is disabled
2025-12-02T02:45:11.401719Z  WARN tokio-runtime-worker ThreadId(05) fenrir::services::scheduler::service: db ping failed error=invalid input: db-shell service is disabled
2025-12-02T02:47:11.405773Z  WARN tokio-runtime-worker ThreadId(05) fenrir::services::scheduler::service: db ping failed error=invalid input: db-shell service is disabled
2025-12-02T02:49:11.409432Z  WARN tokio-runtime-worker ThreadId(05) fenrir::services::scheduler::service: db ping failed error=invalid input: db-shell service is disabled
2025-12-02T03:06:11.474817Z  WARN tokio-runtime-worker ThreadId(05) fenrir::services::scheduler::service: db ping failed error=invalid input: db-shell service is disabled
2025-12-02T03:38:57.787763Z  WARN tokio-runtime-worker ThreadId(05) fenrir::services::scheduler::service: db ping failed error=invalid input: db-shell service is disabled
2025-12-02T03:40:57.791188Z  WARN tokio-runtime-worker ThreadId(05) fenrir::services::scheduler::service: db ping failed error=invalid input: db-shell service is disabled
2025-12-02T03:42:57.791344Z  WARN tokio-runtime-worker ThreadId(05) fenrir::services::scheduler::service: db ping failed error=invalid input: db-shell service is disabled
2025-12-02T03:44:57.791870Z  WARN tokio-runtime-worker ThreadId(05) fenrir::services::scheduler::service: db ping failed error=invalid input: db-shell service is disabled
2025-12-02T03:46:57.792159Z  WARN tokio-runtime-worker ThreadId(05) fenrir::services::scheduler::service: db ping failed error=invalid input: db-shell service is disabled
2025-12-02T03:48:57.792378Z  WARN tokio-runtime-worker ThreadId(05) fenrir::services::scheduler::service: db ping failed error=invalid input: db-shell service is disabled
2025-12-02T03:50:57.794555Z  WARN tokio-runtime-worker ThreadId(05) fenrir::services::scheduler::service: db ping failed error=invalid input: db-shell service is disabled
2025-12-02T03:52:57.795022Z  WARN tokio-runtime-worker ThreadId(05) fenrir::services::scheduler::service: db ping failed error=invalid input: db-shell service is disabled
2025-12-02T03:54:57.881457Z  WARN tokio-runtime-worker ThreadId(05) fenrir::services::scheduler::service: db ping failed error=invalid input: db-shell service is disabled
2025-12-02T03:56:57.885938Z  WARN tokio-runtime-worker ThreadId(10) fenrir::services::scheduler::service: db ping failed error=invalid input: db-shell service is disabled
2025-12-02T03:58:57.891053Z  WARN tokio-runtime-worker ThreadId(10) fenrir::services::scheduler::service: db ping failed error=invalid input: db-shell service is disabled
2025-12-02T04:00:57.894001Z  WARN tokio-runtime-worker ThreadId(10) fenrir::services::scheduler::service: db ping failed error=invalid input: db-shell service is disabled
2025-12-02T04:02:57.896440Z  WARN tokio-runtime-worker ThreadId(10) fenrir::services::scheduler::service: db ping failed error=invalid input: db-shell service is disabled
2025-12-02T04:04:57.900114Z  WARN tokio-runtime-worker ThreadId(10) fenrir::services::scheduler::service: db ping failed error=invalid input: db-shell service is disabled
2025-12-02T04:06:57.902306Z  WARN tokio-runtime-worker ThreadId(10) fenrir::services::scheduler::service: db ping failed error=invalid input: db-shell service is disabled
2025-12-02T04:08:57.906551Z  WARN tokio-runtime-worker ThreadId(10) fenrir::services::scheduler::service: db ping failed error=invalid input: db-shell service is disabled
2025-12-02T04:10:57.909105Z  WARN tokio-runtime-worker ThreadId(10) fenrir::services::scheduler::service: db ping failed error=invalid input: db-shell service is disabled
2025-12-02T04:12:57.904134Z  WARN tokio-runtime-worker ThreadId(10) fenrir::services::scheduler::service: db ping failed error=invalid input: db-shell service is disabled
2025-12-02T04:14:57.903494Z  WARN tokio-runtime-worker ThreadId(10) fenrir::services::scheduler::service: db ping failed error=invalid input: db-shell service is disabled
2025-12-02T04:16:57.906429Z  WARN tokio-runtime-worker ThreadId(10) fenrir::services::scheduler::service: db ping failed error=invalid input: db-shell service is disabled
2025-12-02T04:18:57.910280Z  WARN tokio-runtime-worker ThreadId(10) fenrir::services::scheduler::service: db ping failed error=invalid input: db-shell service is disabled
2025-12-02T04:20:57.913773Z  WARN tokio-runtime-worker ThreadId(10) fenrir::services::scheduler::service: db ping failed error=invalid input: db-shell service is disabled
2025-12-02T04:22:57.917377Z  WARN tokio-runtime-worker ThreadId(10) fenrir::services::scheduler::service: db ping failed error=invalid input: db-shell service is disabled
2025-12-02T04:24:57.919930Z  WARN tokio-runtime-worker ThreadId(10) fenrir::services::scheduler::service: db ping failed error=invalid input: db-shell service is disabled
2025-12-02T04:26:57.924231Z  WARN tokio-runtime-worker ThreadId(10) fenrir::services::scheduler::service: db ping failed error=invalid input: db-shell service is disabled
2025-12-02T04:28:57.927715Z  WARN tokio-runtime-worker ThreadId(10) fenrir::services::scheduler::service: db ping failed error=invalid input: db-shell service is disabled
2025-12-02T04:30:57.930053Z  WARN tokio-runtime-worker ThreadId(10) fenrir::services::scheduler::service: db ping failed error=invalid input: db-shell service is disabled
2025-12-02T04:32:57.932158Z  WARN tokio-runtime-worker ThreadId(10) fenrir::services::scheduler::service: db ping failed error=invalid input: db-shell service is disabled
2025-12-02T04:34:57.935451Z  WARN tokio-runtime-worker ThreadId(10) fenrir::services::scheduler::service: db ping failed error=invalid input: db-shell service is disabled
2025-12-02T04:36:57.938784Z  WARN tokio-runtime-worker ThreadId(10) fenrir::services::scheduler::service: db ping failed error=invalid input: db-shell service is disabled
2025-12-02T04:53:57.987237Z  WARN tokio-runtime-worker ThreadId(10) fenrir::services::scheduler::service: db ping failed error=invalid input: db-shell service is disabled
2025-12-02T05:25:57.961818Z  WARN tokio-runtime-worker ThreadId(10) fenrir::services::scheduler::service: db ping failed error=invalid input: db-shell service is disabled
2025-12-02T05:27:57.969284Z  WARN tokio-runtime-worker ThreadId(10) fenrir::services::scheduler::service: db ping failed error=invalid input: db-shell service is disabled
2025-12-02T05:29:57.973786Z  WARN tokio-runtime-worker ThreadId(10) fenrir::services::scheduler::service: db ping failed error=invalid input: db-shell service is disabled
2025-12-02T05:31:57.979094Z  WARN tokio-runtime-worker ThreadId(10) fenrir::services::scheduler::service: db ping failed error=invalid input: db-shell service is disabled
2025-12-02T05:33:57.982535Z  WARN tokio-runtime-worker ThreadId(10) fenrir::services::scheduler::service: db ping failed error=invalid input: db-shell service is disabled
2025-12-02T05:35:57.987202Z  WARN tokio-runtime-worker ThreadId(10) fenrir::services::scheduler::service: db ping failed error=invalid input: db-shell service is disabled
2025-12-02T05:37:57.990977Z  WARN tokio-runtime-worker ThreadId(10) fenrir::services::scheduler::service: db ping failed error=invalid input: db-shell service is disabled
2025-12-02T05:39:57.995138Z  WARN tokio-runtime-worker ThreadId(10) fenrir::services::scheduler::service: db ping failed error=invalid input: db-shell service is disabled
2025-12-02T05:41:57.998911Z  WARN tokio-runtime-worker ThreadId(10) fenrir::services::scheduler::service: db ping failed error=invalid input: db-shell service is disabled
2025-12-02T05:43:57.983769Z  WARN tokio-runtime-worker ThreadId(10) fenrir::services::scheduler::service: db ping failed error=invalid input: db-shell service is disabled
2025-12-02T05:45:57.981001Z  WARN tokio-runtime-worker ThreadId(10) fenrir::services::scheduler::service: db ping failed error=invalid input: db-shell service is disabled
2025-12-02T05:47:57.983792Z  WARN tokio-runtime-worker ThreadId(10) fenrir::services::scheduler::service: db ping failed error=invalid input: db-shell service is disabled
2025-12-02T05:49:57.987610Z  WARN tokio-runtime-worker ThreadId(10) fenrir::services::scheduler::service: db ping failed error=invalid input: db-shell service is disabled
2025-12-02T05:51:57.989876Z  WARN tokio-runtime-worker ThreadId(10) fenrir::services::scheduler::service: db ping failed error=invalid input: db-shell service is disabled
2025-12-02T05:53:57.991897Z  WARN tokio-runtime-worker ThreadId(10) fenrir::services::scheduler::service: db ping failed error=invalid input: db-shell service is disabled
2025-12-02T05:55:57.995122Z  WARN tokio-runtime-worker ThreadId(10) fenrir::services::scheduler::service: db ping failed error=invalid input: db-shell service is disabled
2025-12-02T05:57:57.997673Z  WARN tokio-runtime-worker ThreadId(10) fenrir::services::scheduler::service: db ping failed error=invalid input: db-shell service is disabled
2025-12-02T05:59:57.999562Z  WARN tokio-runtime-worker ThreadId(10) fenrir::services::scheduler::service: db ping failed error=invalid input: db-shell service is disabled
2025-12-02T06:01:58.003487Z  WARN tokio-runtime-worker ThreadId(10) fenrir::services::scheduler::service: db ping failed error=invalid input: db-shell service is disabled
2025-12-02T06:03:58.007953Z  WARN tokio-runtime-worker ThreadId(10) fenrir::services::scheduler::service: db ping failed error=invalid input: db-shell service is disabled
2025-12-02T06:05:57.987757Z  WARN tokio-runtime-worker ThreadId(10) fenrir::services::scheduler::service: db ping failed error=invalid input: db-shell service is disabled
2025-12-02T06:07:57.976352Z  WARN tokio-runtime-worker ThreadId(10) fenrir::services::scheduler::service: db ping failed error=invalid input: db-shell service is disabled
2025-12-02T06:09:57.978859Z  WARN tokio-runtime-worker ThreadId(10) fenrir::services::scheduler::service: db ping failed error=invalid input: db-shell service is disabled
2025-12-02T06:11:57.981560Z  WARN tokio-runtime-worker ThreadId(10) fenrir::services::scheduler::service: db ping failed error=invalid input: db-shell service is disabled
2025-12-02T06:13:57.983061Z  WARN tokio-runtime-worker ThreadId(10) fenrir::services::scheduler::service: db ping failed error=invalid input: db-shell service is disabled
2025-12-02T06:15:57.984529Z  WARN tokio-runtime-worker ThreadId(10) fenrir::services::scheduler::service: db ping failed error=invalid input: db-shell service is disabled
2025-12-02T06:17:57.986735Z  WARN tokio-runtime-worker ThreadId(10) fenrir::services::scheduler::service: db ping failed error=invalid input: db-shell service is disabled
2025-12-02T06:19:57.989311Z  WARN tokio-runtime-worker ThreadId(10) fenrir::services::scheduler::service: db ping failed error=invalid input: db-shell service is disabled
2025-12-02T06:21:57.992341Z  WARN tokio-runtime-worker ThreadId(10) fenrir::services::scheduler::service: db ping failed error=invalid input: db-shell service is disabled
2025-12-02T06:23:57.995186Z  WARN tokio-runtime-worker ThreadId(10) fenrir::services::scheduler::service: db ping failed error=invalid input: db-shell service is disabled
2025-12-02T06:25:57.997518Z  WARN tokio-runtime-worker ThreadId(10) fenrir::services::scheduler::service: db ping failed error=invalid input: db-shell service is disabled
2025-12-02T06:57:58.291567Z  WARN tokio-runtime-worker ThreadId(10) fenrir::services::scheduler::service: db ping failed error=invalid input: db-shell service is disabled
2025-12-02T07:07:49.322693Z  WARN tokio-runtime-worker ThreadId(10) fenrir::services::scheduler::service: db ping failed error=invalid input: db-shell service is disabled
2025-12-02T07:09:49.406667Z  WARN tokio-runtime-worker ThreadId(10) fenrir::services::scheduler::service: db ping failed error=invalid input: db-shell service is disabled
2025-12-02T07:11:49.408782Z  WARN tokio-runtime-worker ThreadId(10) fenrir::services::scheduler::service: db ping failed error=invalid input: db-shell service is disabled
2025-12-02T07:13:49.411138Z  WARN tokio-runtime-worker ThreadId(10) fenrir::services::scheduler::service: db ping failed error=invalid input: db-shell service is disabled
2025-12-02T07:15:49.413840Z  WARN tokio-runtime-worker ThreadId(10) fenrir::services::scheduler::service: db ping failed error=invalid input: db-shell service is disabled
2025-12-02T07:17:49.416609Z  WARN tokio-runtime-worker ThreadId(10) fenrir::services::scheduler::service: db ping failed error=invalid input: db-shell service is disabled
2025-12-02T07:19:49.419531Z  WARN tokio-runtime-worker ThreadId(10) fenrir::services::scheduler::service: db ping failed error=invalid input: db-shell service is disabled
2025-12-02T07:21:49.422868Z  WARN tokio-runtime-worker ThreadId(10) fenrir::services::scheduler::service: db ping failed error=invalid input: db-shell service is disabled
2025-12-02T07:23:49.425654Z  WARN tokio-runtime-worker ThreadId(10) fenrir::services::scheduler::service: db ping failed error=invalid input: db-shell service is disabled
2025-12-02T07:25:49.426760Z  WARN tokio-runtime-worker ThreadId(10) fenrir::services::scheduler::service: db ping failed error=invalid input: db-shell service is disabled
2025-12-02T07:27:49.428475Z  WARN tokio-runtime-worker ThreadId(10) fenrir::services::scheduler::service: db ping failed error=invalid input: db-shell service is disabled
2025-12-02T07:29:49.430131Z  WARN tokio-runtime-worker ThreadId(10) fenrir::services::scheduler::service: db ping failed error=invalid input: db-shell service is disabled
2025-12-02T07:31:49.450031Z  WARN tokio-runtime-worker ThreadId(10) fenrir::services::scheduler::service: db ping failed error=invalid input: db-shell service is disabled
2025-12-02T07:33:49.452660Z  WARN tokio-runtime-worker ThreadId(10) fenrir::services::scheduler::service: db ping failed error=invalid input: db-shell service is disabled
2025-12-02T07:35:49.454820Z  WARN tokio-runtime-worker ThreadId(10) fenrir::services::scheduler::service: db ping failed error=invalid input: db-shell service is disabled
2025-12-02T07:37:49.458029Z  WARN tokio-runtime-worker ThreadId(10) fenrir::services::scheduler::service: db ping failed error=invalid input: db-shell service is disabled
2025-12-02T07:39:49.460874Z  WARN tokio-runtime-worker ThreadId(10) fenrir::services::scheduler::service: db ping failed error=invalid input: db-shell service is disabled
2025-12-02T07:41:49.463466Z  WARN tokio-runtime-worker ThreadId(10) fenrir::services::scheduler::service: db ping failed error=invalid input: db-shell service is disabled
2025-12-02T07:43:49.466623Z  WARN tokio-runtime-worker ThreadId(10) fenrir::services::scheduler::service: db ping failed error=invalid input: db-shell service is disabled
2025-12-02T07:45:49.468744Z  WARN tokio-runtime-worker ThreadId(10) fenrir::services::scheduler::service: db ping failed error=invalid input: db-shell service is disabled
2025-12-02T07:47:49.471541Z  WARN tokio-runtime-worker ThreadId(10) fenrir::services::scheduler::service: db ping failed error=invalid input: db-shell service is disabled
2025-12-02T07:49:49.474483Z  WARN tokio-runtime-worker ThreadId(10) fenrir::services::scheduler::service: db ping failed error=invalid input: db-shell service is disabled
2025-12-02T07:51:49.476338Z  WARN tokio-runtime-worker ThreadId(10) fenrir::services::scheduler::service: db ping failed error=invalid input: db-shell service is disabled
2025-12-02T07:53:49.478311Z  WARN tokio-runtime-worker ThreadId(10) fenrir::services::scheduler::service: db ping failed error=invalid input: db-shell service is disabled
2025-12-02T07:55:49.481249Z  WARN tokio-runtime-worker ThreadId(10) fenrir::services::scheduler::service: db ping failed error=invalid input: db-shell service is disabled
2025-12-02T07:57:49.485278Z  WARN tokio-runtime-worker ThreadId(10) fenrir::services::scheduler::service: db ping failed error=invalid input: db-shell service is disabled
2025-12-02T07:59:49.489407Z  WARN tokio-runtime-worker ThreadId(10) fenrir::services::scheduler::service: db ping failed error=invalid input: db-shell service is disabled
2025-12-02T08:01:49.454424Z  WARN tokio-runtime-worker ThreadId(10) fenrir::services::scheduler::service: db ping failed error=invalid input: db-shell service is disabled
2025-12-02T08:03:49.453297Z  WARN tokio-runtime-worker ThreadId(10) fenrir::services::scheduler::service: db ping failed error=invalid input: db-shell service is disabled
2025-12-02T08:05:49.454623Z  WARN tokio-runtime-worker ThreadId(10) fenrir::services::scheduler::service: db ping failed error=invalid input: db-shell service is disabled
2025-12-02T08:07:49.456293Z  WARN tokio-runtime-worker ThreadId(10) fenrir::services::scheduler::service: db ping failed error=invalid input: db-shell service is disabled
2025-12-02T08:09:49.458162Z  WARN tokio-runtime-worker ThreadId(10) fenrir::services::scheduler::service: db ping failed error=invalid input: db-shell service is disabled
2025-12-02T08:11:49.459580Z  WARN tokio-runtime-worker ThreadId(10) fenrir::services::scheduler::service: db ping failed error=invalid input: db-shell service is disabled
2025-12-02T08:13:49.461278Z  WARN tokio-runtime-worker ThreadId(10) fenrir::services::scheduler::service: db ping failed error=invalid input: db-shell service is disabled
2025-12-02T08:15:49.463272Z  WARN tokio-runtime-worker ThreadId(10) fenrir::services::scheduler::service: db ping failed error=invalid input: db-shell service is disabled
2025-12-02T08:17:49.466032Z  WARN tokio-runtime-worker ThreadId(10) fenrir::services::scheduler::service: db ping failed error=invalid input: db-shell service is disabled
2025-12-02T08:19:49.469247Z  WARN tokio-runtime-worker ThreadId(10) fenrir::services::scheduler::service: db ping failed error=invalid input: db-shell service is disabled
2025-12-02T08:21:49.470963Z  WARN tokio-runtime-worker ThreadId(10) fenrir::services::scheduler::service: db ping failed error=invalid input: db-shell service is disabled
2025-12-02T08:23:49.472570Z  WARN tokio-runtime-worker ThreadId(10) fenrir::services::scheduler::service: db ping failed error=invalid input: db-shell service is disabled
2025-12-02T08:25:49.473435Z  WARN tokio-runtime-worker ThreadId(10) fenrir::services::scheduler::service: db ping failed error=invalid input: db-shell service is disabled
2025-12-02T08:27:49.475470Z  WARN tokio-runtime-worker ThreadId(10) fenrir::services::scheduler::service: db ping failed error=invalid input: db-shell service is disabled
2025-12-02T08:29:49.476932Z  WARN tokio-runtime-worker ThreadId(10) fenrir::services::scheduler::service: db ping failed error=invalid input: db-shell service is disabled
2025-12-02T08:31:49.479403Z  WARN tokio-runtime-worker ThreadId(10) fenrir::services::scheduler::service: db ping failed error=invalid input: db-shell service is disabled
2025-12-02T08:33:49.481236Z  WARN tokio-runtime-worker ThreadId(10) fenrir::services::scheduler::service: db ping failed error=invalid input: db-shell service is disabled
2025-12-02T08:35:49.482571Z  WARN tokio-runtime-worker ThreadId(10) fenrir::services::scheduler::service: db ping failed error=invalid input: db-shell service is disabled
2025-12-02T08:37:49.483858Z  WARN tokio-runtime-worker ThreadId(10) fenrir::services::scheduler::service: db ping failed error=invalid input: db-shell service is disabled
2025-12-02T08:39:49.485005Z  WARN tokio-runtime-worker ThreadId(10) fenrir::services::scheduler::service: db ping failed error=invalid input: db-shell service is disabled
2025-12-02T08:41:49.487372Z  WARN tokio-runtime-worker ThreadId(10) fenrir::services::scheduler::service: db ping failed error=invalid input: db-shell service is disabled
2025-12-02T09:08:56.773193Z  WARN tokio-runtime-worker ThreadId(10) fenrir::services::scheduler::service: db ping failed error=invalid input: db-shell service is disabled
2025-12-02T09:10:56.774957Z  WARN tokio-runtime-worker ThreadId(10) fenrir::services::scheduler::service: db ping failed error=invalid input: db-shell service is disabled
2025-12-02T09:12:56.776822Z  WARN tokio-runtime-worker ThreadId(10) fenrir::services::scheduler::service: db ping failed error=invalid input: db-shell service is disabled
2025-12-02T09:14:56.778113Z  WARN tokio-runtime-worker ThreadId(10) fenrir::services::scheduler::service: db ping failed error=invalid input: db-shell service is disabled
2025-12-02T09:16:56.779149Z  WARN tokio-runtime-worker ThreadId(10) fenrir::services::scheduler::service: db ping failed error=invalid input: db-shell service is disabled
2025-12-02T09:18:56.781124Z  WARN tokio-runtime-worker ThreadId(10) fenrir::services::scheduler::service: db ping failed error=invalid input: db-shell service is disabled
2025-12-02T09:20:56.783068Z  WARN tokio-runtime-worker ThreadId(10) fenrir::services::scheduler::service: db ping failed error=invalid input: db-shell service is disabled
2025-12-02T09:22:56.788800Z  WARN tokio-runtime-worker ThreadId(10) fenrir::services::scheduler::service: db ping failed error=invalid input: db-shell service is disabled
2025-12-02T09:24:56.788913Z  WARN tokio-runtime-worker ThreadId(10) fenrir::services::scheduler::service: db ping failed error=invalid input: db-shell service is disabled
2025-12-02T09:26:56.791850Z  WARN tokio-runtime-worker ThreadId(10) fenrir::services::scheduler::service: db ping failed error=invalid input: db-shell service is disabled
2025-12-02T09:28:56.794066Z  WARN tokio-runtime-worker ThreadId(10) fenrir::services::scheduler::service: db ping failed error=invalid input: db-shell service is disabled
2025-12-02T09:30:56.794984Z  WARN tokio-runtime-worker ThreadId(10) fenrir::services::scheduler::service: db ping failed error=invalid input: db-shell service is disabled
2025-12-02T09:32:56.866915Z  WARN tokio-runtime-worker ThreadId(10) fenrir::services::scheduler::service: db ping failed error=invalid input: db-shell service is disabled
2025-12-02T09:34:56.870483Z  WARN tokio-runtime-worker ThreadId(10) fenrir::services::scheduler::service: db ping failed error=invalid input: db-shell service is disabled
2025-12-02T09:36:56.873398Z  WARN tokio-runtime-worker ThreadId(10) fenrir::services::scheduler::service: db ping failed error=invalid input: db-shell service is disabled
2025-12-02T09:38:56.876532Z  WARN tokio-runtime-worker ThreadId(10) fenrir::services::scheduler::service: db ping failed error=invalid input: db-shell service is disabled
2025-12-02T09:40:56.879475Z  WARN tokio-runtime-worker ThreadId(10) fenrir::services::scheduler::service: db ping failed error=invalid input: db-shell service is disabled
2025-12-02T09:42:56.883220Z  WARN tokio-runtime-worker ThreadId(10) fenrir::services::scheduler::service: db ping failed error=invalid input: db-shell service is disabled
2025-12-02T09:44:56.885127Z  WARN tokio-runtime-worker ThreadId(10) fenrir::services::scheduler::service: db ping failed error=invalid input: db-shell service is disabled
2025-12-02T09:46:56.888228Z  WARN tokio-runtime-worker ThreadId(10) fenrir::services::scheduler::service: db ping failed error=invalid input: db-shell service is disabled
2025-12-02T09:48:56.863514Z  WARN tokio-runtime-worker ThreadId(10) fenrir::services::scheduler::service: db ping failed error=invalid input: db-shell service is disabled
2025-12-02T09:50:56.865896Z  WARN tokio-runtime-worker ThreadId(10) fenrir::services::scheduler::service: db ping failed error=invalid input: db-shell service is disabled
2025-12-02T09:52:56.866762Z  WARN tokio-runtime-worker ThreadId(10) fenrir::services::scheduler::service: db ping failed error=invalid input: db-shell service is disabled
2025-12-02T09:54:56.869717Z  WARN tokio-runtime-worker ThreadId(10) fenrir::services::scheduler::service: db ping failed error=invalid input: db-shell service is disabled
2025-12-02T09:56:56.870789Z  WARN tokio-runtime-worker ThreadId(10) fenrir::services::scheduler::service: db ping failed error=invalid input: db-shell service is disabled
2025-12-02T09:58:56.872984Z  WARN tokio-runtime-worker ThreadId(10) fenrir::services::scheduler::service: db ping failed error=invalid input: db-shell service is disabled
2025-12-02T10:00:56.874287Z  WARN tokio-runtime-worker ThreadId(10) fenrir::services::scheduler::service: db ping failed error=invalid input: db-shell service is disabled
2025-12-02T10:02:56.875920Z  WARN tokio-runtime-worker ThreadId(10) fenrir::services::scheduler::service: db ping failed error=invalid input: db-shell service is disabled
2025-12-02T10:04:56.876440Z  WARN tokio-runtime-worker ThreadId(10) fenrir::services::scheduler::service: db ping failed error=invalid input: db-shell service is disabled
2025-12-02T10:06:56.878182Z  WARN tokio-runtime-worker ThreadId(10) fenrir::services::scheduler::service: db ping failed error=invalid input: db-shell service is disabled
2025-12-02T10:08:56.879636Z  WARN tokio-runtime-worker ThreadId(10) fenrir::services::scheduler::service: db ping failed error=invalid input: db-shell service is disabled
2025-12-02T10:10:56.897914Z  WARN tokio-runtime-worker ThreadId(10) fenrir::services::scheduler::service: db ping failed error=invalid input: db-shell service is disabled
2025-12-02T10:12:56.912852Z  WARN tokio-runtime-worker ThreadId(10) fenrir::services::scheduler::service: db ping failed error=invalid input: db-shell service is disabled
2025-12-02T10:14:56.915625Z  WARN tokio-runtime-worker ThreadId(10) fenrir::services::scheduler::service: db ping failed error=invalid input: db-shell service is disabled
2025-12-02T10:16:56.919024Z  WARN tokio-runtime-worker ThreadId(10) fenrir::services::scheduler::service: db ping failed error=invalid input: db-shell service is disabled
2025-12-02T10:18:56.921333Z  WARN tokio-runtime-worker ThreadId(10) fenrir::services::scheduler::service: db ping failed error=invalid input: db-shell service is disabled
2025-12-02T10:20:56.924323Z  WARN tokio-runtime-worker ThreadId(10) fenrir::services::scheduler::service: db ping failed error=invalid input: db-shell service is disabled
2025-12-02T10:22:56.926850Z  WARN tokio-runtime-worker ThreadId(10) fenrir::services::scheduler::service: db ping failed error=invalid input: db-shell service is disabled
2025-12-02T10:24:56.930663Z  WARN tokio-runtime-worker ThreadId(10) fenrir::services::scheduler::service: db ping failed error=invalid input: db-shell service is disabled
2025-12-02T10:26:56.932614Z  WARN tokio-runtime-worker ThreadId(10) fenrir::services::scheduler::service: db ping failed error=invalid input: db-shell service is disabled
2025-12-02T10:28:56.935269Z  WARN tokio-runtime-worker ThreadId(10) fenrir::services::scheduler::service: db ping failed error=invalid input: db-shell service is disabled
2025-12-02T10:30:56.938660Z  WARN tokio-runtime-worker ThreadId(10) fenrir::services::scheduler::service: db ping failed error=invalid input: db-shell service is disabled
2025-12-02T10:32:56.940976Z  WARN tokio-runtime-worker ThreadId(10) fenrir::services::scheduler::service: db ping failed error=invalid input: db-shell service is disabled
2025-12-02T10:34:56.944204Z  WARN tokio-runtime-worker ThreadId(10) fenrir::services::scheduler::service: db ping failed error=invalid input: db-shell service is disabled
2025-12-02T10:36:56.948451Z  WARN tokio-runtime-worker ThreadId(10) fenrir::services::scheduler::service: db ping failed error=invalid input: db-shell service is disabled
2025-12-02T10:38:56.952910Z  WARN tokio-runtime-worker ThreadId(10) fenrir::services::scheduler::service: db ping failed error=invalid input: db-shell service is disabled
2025-12-02T10:40:56.956071Z  WARN tokio-runtime-worker ThreadId(10) fenrir::services::scheduler::service: db ping failed error=invalid input: db-shell service is disabled
2025-12-02T10:42:56.958350Z  WARN tokio-runtime-worker ThreadId(10) fenrir::services::scheduler::service: db ping failed error=invalid input: db-shell service is disabled
2025-12-02T10:44:56.921976Z  WARN tokio-runtime-worker ThreadId(10) fenrir::services::scheduler::service: db ping failed error=invalid input: db-shell service is disabled
2025-12-02T10:46:56.920969Z  WARN tokio-runtime-worker ThreadId(10) fenrir::services::scheduler::service: db ping failed error=invalid input: db-shell service is disabled
2025-12-02T10:48:56.922791Z  WARN tokio-runtime-worker ThreadId(10) fenrir::services::scheduler::service: db ping failed error=invalid input: db-shell service is disabled
2025-12-02T10:50:56.924807Z  WARN tokio-runtime-worker ThreadId(10) fenrir::services::scheduler::service: db ping failed error=invalid input: db-shell service is disabled
2025-12-02T10:52:56.925896Z  WARN tokio-runtime-worker ThreadId(10) fenrir::services::scheduler::service: db ping failed error=invalid input: db-shell service is disabled
2025-12-02T10:54:56.927372Z  WARN tokio-runtime-worker ThreadId(10) fenrir::services::scheduler::service: db ping failed error=invalid input: db-shell service is disabled
2025-12-02T10:56:56.928827Z  WARN tokio-runtime-worker ThreadId(10) fenrir::services::scheduler::service: db ping failed error=invalid input: db-shell service is disabled
2025-12-02T10:58:56.931529Z  WARN tokio-runtime-worker ThreadId(10) fenrir::services::scheduler::service: db ping failed error=invalid input: db-shell service is disabled
2025-12-02T11:00:56.935627Z  WARN tokio-runtime-worker ThreadId(10) fenrir::services::scheduler::service: db ping failed error=invalid input: db-shell service is disabled
2025-12-02T11:02:56.937364Z  WARN tokio-runtime-worker ThreadId(10) fenrir::services::scheduler::service: db ping failed error=invalid input: db-shell service is disabled
2025-12-02T11:04:56.940787Z  WARN tokio-runtime-worker ThreadId(10) fenrir::services::scheduler::service: db ping failed error=invalid input: db-shell service is disabled
2025-12-02T11:06:56.949961Z  WARN tokio-runtime-worker ThreadId(10) fenrir::services::scheduler::service: db ping failed error=invalid input: db-shell service is disabled
2025-12-02T11:08:56.953239Z  WARN tokio-runtime-worker ThreadId(10) fenrir::services::scheduler::service: db ping failed error=invalid input: db-shell service is disabled
2025-12-02T11:10:56.954398Z  WARN tokio-runtime-worker ThreadId(10) fenrir::services::scheduler::service: db ping failed error=invalid input: db-shell service is disabled
2025-12-02T11:12:56.956503Z  WARN tokio-runtime-worker ThreadId(10) fenrir::services::scheduler::service: db ping failed error=invalid input: db-shell service is disabled
2025-12-02T11:14:56.958302Z  WARN tokio-runtime-worker ThreadId(10) fenrir::services::scheduler::service: db ping failed error=invalid input: db-shell service is disabled
2025-12-02T11:16:56.959475Z  WARN tokio-runtime-worker ThreadId(10) fenrir::services::scheduler::service: db ping failed error=invalid input: db-shell service is disabled
2025-12-02T11:18:56.961632Z  WARN tokio-runtime-worker ThreadId(10) fenrir::services::scheduler::service: db ping failed error=invalid input: db-shell service is disabled
2025-12-02T11:20:56.964190Z  WARN tokio-runtime-worker ThreadId(10) fenrir::services::scheduler::service: db ping failed error=invalid input: db-shell service is disabled
2025-12-02T11:22:56.965742Z  WARN tokio-runtime-worker ThreadId(10) fenrir::services::scheduler::service: db ping failed error=invalid input: db-shell service is disabled
2025-12-02T11:24:56.967122Z  WARN tokio-runtime-worker ThreadId(10) fenrir::services::scheduler::service: db ping failed error=invalid input: db-shell service is disabled
2025-12-02T11:26:56.958608Z  WARN tokio-runtime-worker ThreadId(10) fenrir::services::scheduler::service: db ping failed error=invalid input: db-shell service is disabled
2025-12-02T11:28:56.957862Z  WARN tokio-runtime-worker ThreadId(10) fenrir::services::scheduler::service: db ping failed error=invalid input: db-shell service is disabled
2025-12-02T11:30:56.959354Z  WARN tokio-runtime-worker ThreadId(10) fenrir::services::scheduler::service: db ping failed error=invalid input: db-shell service is disabled
2025-12-02T11:32:56.961593Z  WARN tokio-runtime-worker ThreadId(10) fenrir::services::scheduler::service: db ping failed error=invalid input: db-shell service is disabled
2025-12-02T11:34:56.963089Z  WARN tokio-runtime-worker ThreadId(10) fenrir::services::scheduler::service: db ping failed error=invalid input: db-shell service is disabled
2025-12-02T11:36:56.964639Z  WARN tokio-runtime-worker ThreadId(10) fenrir::services::scheduler::service: db ping failed error=invalid input: db-shell service is disabled
2025-12-02T11:38:56.966479Z  WARN tokio-runtime-worker ThreadId(10) fenrir::services::scheduler::service: db ping failed error=invalid input: db-shell service is disabled
2025-12-02T11:40:56.968057Z  WARN tokio-runtime-worker ThreadId(10) fenrir::services::scheduler::service: db ping failed error=invalid input: db-shell service is disabled
2025-12-02T11:42:56.968743Z  WARN tokio-runtime-worker ThreadId(10) fenrir::services::scheduler::service: db ping failed error=invalid input: db-shell service is disabled
2025-12-02T11:44:56.969919Z  WARN tokio-runtime-worker ThreadId(10) fenrir::services::scheduler::service: db ping failed error=invalid input: db-shell service is disabled
2025-12-02T11:46:56.970624Z  WARN tokio-runtime-worker ThreadId(10) fenrir::services::scheduler::service: db ping failed error=invalid input: db-shell service is disabled
2025-12-02T11:48:56.972141Z  WARN tokio-runtime-worker ThreadId(10) fenrir::services::scheduler::service: db ping failed error=invalid input: db-shell service is disabled
2025-12-02T11:50:56.971900Z  WARN tokio-runtime-worker ThreadId(10) fenrir::services::scheduler::service: db ping failed error=invalid input: db-shell service is disabled
2025-12-02T11:52:56.971279Z  WARN tokio-runtime-worker ThreadId(10) fenrir::services::scheduler::service: db ping failed error=invalid input: db-shell service is disabled
2025-12-02T11:54:56.973174Z  WARN tokio-runtime-worker ThreadId(10) fenrir::services::scheduler::service: db ping failed error=invalid input: db-shell service is disabled
2025-12-02T11:56:56.975402Z  WARN tokio-runtime-worker ThreadId(10) fenrir::services::scheduler::service: db ping failed error=invalid input: db-shell service is disabled
2025-12-02T11:58:56.976726Z  WARN tokio-runtime-worker ThreadId(10) fenrir::services::scheduler::service: db ping failed error=invalid input: db-shell service is disabled
2025-12-02T12:00:56.978172Z  WARN tokio-runtime-worker ThreadId(10) fenrir::services::scheduler::service: db ping failed error=invalid input: db-shell service is disabled
2025-12-02T12:02:56.980302Z  WARN tokio-runtime-worker ThreadId(10) fenrir::services::scheduler::service: db ping failed error=invalid input: db-shell service is disabled
2025-12-02T12:04:56.981069Z  WARN tokio-runtime-worker ThreadId(10) fenrir::services::scheduler::service: db ping failed error=invalid input: db-shell service is disabled
2025-12-02T12:06:56.983722Z  WARN tokio-runtime-worker ThreadId(10) fenrir::services::scheduler::service: db ping failed error=invalid input: db-shell service is disabled
2025-12-02T12:08:56.984980Z  WARN tokio-runtime-worker ThreadId(10) fenrir::services::scheduler::service: db ping failed error=invalid input: db-shell service is disabled
2025-12-02T12:10:56.985739Z  WARN tokio-runtime-worker ThreadId(10) fenrir::services::scheduler::service: db ping failed error=invalid input: db-shell service is disabled
2025-12-02T12:12:56.987220Z  WARN tokio-runtime-worker ThreadId(10) fenrir::services::scheduler::service: db ping failed error=invalid input: db-shell service is disabled
2025-12-02T12:14:57.030591Z  WARN tokio-runtime-worker ThreadId(10) fenrir::services::scheduler::service: db ping failed error=invalid input: db-shell service is disabled
2025-12-02T12:16:57.033541Z  WARN tokio-runtime-worker ThreadId(10) fenrir::services::scheduler::service: db ping failed error=invalid input: db-shell service is disabled
2025-12-02T12:18:57.037073Z  WARN tokio-runtime-worker ThreadId(10) fenrir::services::scheduler::service: db ping failed error=invalid input: db-shell service is disabled
2025-12-02T12:20:57.038713Z  WARN tokio-runtime-worker ThreadId(10) fenrir::services::scheduler::service: db ping failed error=invalid input: db-shell service is disabled
2025-12-02T12:22:57.042582Z  WARN tokio-runtime-worker ThreadId(10) fenrir::services::scheduler::service: db ping failed error=invalid input: db-shell service is disabled
2025-12-02T12:24:57.046403Z  WARN tokio-runtime-worker ThreadId(10) fenrir::services::scheduler::service: db ping failed error=invalid input: db-shell service is disabled
2025-12-02T12:26:57.049332Z  WARN tokio-runtime-worker ThreadId(10) fenrir::services::scheduler::service: db ping failed error=invalid input: db-shell service is disabled
2025-12-02T12:28:57.053690Z  WARN tokio-runtime-worker ThreadId(10) fenrir::services::scheduler::service: db ping failed error=invalid input: db-shell service is disabled
2025-12-02T12:30:57.055866Z  WARN tokio-runtime-worker ThreadId(10) fenrir::services::scheduler::service: db ping failed error=invalid input: db-shell service is disabled
2025-12-02T12:32:57.057197Z  WARN tokio-runtime-worker ThreadId(10) fenrir::services::scheduler::service: db ping failed error=invalid input: db-shell service is disabled
2025-12-02T12:34:57.062662Z  WARN tokio-runtime-worker ThreadId(10) fenrir::services::scheduler::service: db ping failed error=invalid input: db-shell service is disabled
2025-12-02T12:36:57.081903Z  WARN tokio-runtime-worker ThreadId(10) fenrir::services::scheduler::service: db ping failed error=invalid input: db-shell service is disabled
2025-12-02T12:38:57.085854Z  WARN tokio-runtime-worker ThreadId(10) fenrir::services::scheduler::service: db ping failed error=invalid input: db-shell service is disabled
2025-12-02T12:40:57.089237Z  WARN tokio-runtime-worker ThreadId(10) fenrir::services::scheduler::service: db ping failed error=invalid input: db-shell service is disabled
2025-12-02T12:42:57.094232Z  WARN tokio-runtime-worker ThreadId(10) fenrir::services::scheduler::service: db ping failed error=invalid input: db-shell service is disabled
2025-12-02T12:44:57.097906Z  WARN tokio-runtime-worker ThreadId(10) fenrir::services::scheduler::service: db ping failed error=invalid input: db-shell service is disabled
2025-12-02T12:46:57.101532Z  WARN tokio-runtime-worker ThreadId(10) fenrir::services::scheduler::service: db ping failed error=invalid input: db-shell service is disabled
2025-12-02T12:48:57.105844Z  WARN tokio-runtime-worker ThreadId(10) fenrir::services::scheduler::service: db ping failed error=invalid input: db-shell service is disabled
2025-12-02T12:50:57.110130Z  WARN tokio-runtime-worker ThreadId(10) fenrir::services::scheduler::service: db ping failed error=invalid input: db-shell service is disabled
2025-12-02T12:52:57.112662Z  WARN tokio-runtime-worker ThreadId(10) fenrir::services::scheduler::service: db ping failed error=invalid input: db-shell service is disabled
2025-12-02T12:54:57.116709Z  WARN tokio-runtime-worker ThreadId(10) fenrir::services::scheduler::service: db ping failed error=invalid input: db-shell service is disabled
2025-12-02T12:56:57.089742Z  WARN tokio-runtime-worker ThreadId(10) fenrir::services::scheduler::service: db ping failed error=invalid input: db-shell service is disabled
2025-12-02T12:58:57.085984Z  WARN tokio-runtime-worker ThreadId(10) fenrir::services::scheduler::service: db ping failed error=invalid input: db-shell service is disabled
2025-12-02T13:00:57.087595Z  WARN tokio-runtime-worker ThreadId(10) fenrir::services::scheduler::service: db ping failed error=invalid input: db-shell service is disabled
2025-12-02T13:02:57.091244Z  WARN tokio-runtime-worker ThreadId(10) fenrir::services::scheduler::service: db ping failed error=invalid input: db-shell service is disabled
2025-12-02T13:04:57.095390Z  WARN tokio-runtime-worker ThreadId(10) fenrir::services::scheduler::service: db ping failed error=invalid input: db-shell service is disabled
2025-12-02T13:06:57.097080Z  WARN tokio-runtime-worker ThreadId(10) fenrir::services::scheduler::service: db ping failed error=invalid input: db-shell service is disabled
2025-12-02T13:08:57.100938Z  WARN tokio-runtime-worker ThreadId(10) fenrir::services::scheduler::service: db ping failed error=invalid input: db-shell service is disabled
2025-12-02T13:10:57.105223Z  WARN tokio-runtime-worker ThreadId(10) fenrir::services::scheduler::service: db ping failed error=invalid input: db-shell service is disabled
2025-12-02T13:12:57.107456Z  WARN tokio-runtime-worker ThreadId(10) fenrir::services::scheduler::service: db ping failed error=invalid input: db-shell service is disabled
2025-12-02T13:14:57.109954Z  WARN tokio-runtime-worker ThreadId(10) fenrir::services::scheduler::service: db ping failed error=invalid input: db-shell service is disabled
2025-12-02T13:16:57.112314Z  WARN tokio-runtime-worker ThreadId(10) fenrir::services::scheduler::service: db ping failed error=invalid input: db-shell service is disabled
2025-12-02T13:18:57.114109Z  WARN tokio-runtime-worker ThreadId(10) fenrir::services::scheduler::service: db ping failed error=invalid input: db-shell service is disabled
2025-12-02T13:20:57.115786Z  WARN tokio-runtime-worker ThreadId(10) fenrir::services::scheduler::service: db ping failed error=invalid input: db-shell service is disabled
2025-12-02T13:22:57.118347Z  WARN tokio-runtime-worker ThreadId(10) fenrir::services::scheduler::service: db ping failed error=invalid input: db-shell service is disabled
2025-12-02T13:24:57.119510Z  WARN tokio-runtime-worker ThreadId(10) fenrir::services::scheduler::service: db ping failed error=invalid input: db-shell service is disabled
2025-12-02T13:26:57.121495Z  WARN tokio-runtime-worker ThreadId(10) fenrir::services::scheduler::service: db ping failed error=invalid input: db-shell service is disabled
2025-12-02T13:28:57.123085Z  WARN tokio-runtime-worker ThreadId(10) fenrir::services::scheduler::service: db ping failed error=invalid input: db-shell service is disabled
2025-12-02T13:30:57.126563Z  WARN tokio-runtime-worker ThreadId(10) fenrir::services::scheduler::service: db ping failed error=invalid input: db-shell service is disabled
2025-12-02T13:32:57.130327Z  WARN tokio-runtime-worker ThreadId(10) fenrir::services::scheduler::service: db ping failed error=invalid input: db-shell service is disabled
2025-12-02T13:34:57.116655Z  WARN tokio-runtime-worker ThreadId(10) fenrir::services::scheduler::service: db ping failed error=invalid input: db-shell service is disabled
2025-12-02T13:36:57.114608Z  WARN tokio-runtime-worker ThreadId(10) fenrir::services::scheduler::service: db ping failed error=invalid input: db-shell service is disabled
2025-12-02T13:38:57.117318Z  WARN tokio-runtime-worker ThreadId(10) fenrir::services::scheduler::service: db ping failed error=invalid input: db-shell service is disabled
2025-12-02T13:40:57.118948Z  WARN tokio-runtime-worker ThreadId(10) fenrir::services::scheduler::service: db ping failed error=invalid input: db-shell service is disabled
2025-12-02T13:42:57.121485Z  WARN tokio-runtime-worker ThreadId(10) fenrir::services::scheduler::service: db ping failed error=invalid input: db-shell service is disabled
2025-12-02T13:44:57.122449Z  WARN tokio-runtime-worker ThreadId(10) fenrir::services::scheduler::service: db ping failed error=invalid input: db-shell service is disabled
2025-12-02T13:46:57.125501Z  WARN tokio-runtime-worker ThreadId(10) fenrir::services::scheduler::service: db ping failed error=invalid input: db-shell service is disabled
2025-12-02T13:48:57.126460Z  WARN tokio-runtime-worker ThreadId(10) fenrir::services::scheduler::service: db ping failed error=invalid input: db-shell service is disabled
2025-12-02T13:50:57.128442Z  WARN tokio-runtime-worker ThreadId(10) fenrir::services::scheduler::service: db ping failed error=invalid input: db-shell service is disabled
2025-12-02T13:52:57.131385Z  WARN tokio-runtime-worker ThreadId(10) fenrir::services::scheduler::service: db ping failed error=invalid input: db-shell service is disabled
2025-12-02T13:54:57.128792Z  WARN tokio-runtime-worker ThreadId(10) fenrir::services::scheduler::service: db ping failed error=invalid input: db-shell service is disabled
2025-12-02T13:56:57.128216Z  WARN tokio-runtime-worker ThreadId(10) fenrir::services::scheduler::service: db ping failed error=invalid input: db-shell service is disabled
2025-12-02T13:58:57.130018Z  WARN tokio-runtime-worker ThreadId(10) fenrir::services::scheduler::service: db ping failed error=invalid input: db-shell service is disabled
2025-12-02T14:00:57.130478Z  WARN tokio-runtime-worker ThreadId(10) fenrir::services::scheduler::service: db ping failed error=invalid input: db-shell service is disabled
2025-12-02T14:02:57.130448Z  WARN tokio-runtime-worker ThreadId(10) fenrir::services::scheduler::service: db ping failed error=invalid input: db-shell service is disabled
2025-12-02T14:04:57.131689Z  WARN tokio-runtime-worker ThreadId(10) fenrir::services::scheduler::service: db ping failed error=invalid input: db-shell service is disabled
2025-12-02T14:06:57.133381Z  WARN tokio-runtime-worker ThreadId(10) fenrir::services::scheduler::service: db ping failed error=invalid input: db-shell service is disabled
2025-12-02T14:08:57.135849Z  WARN tokio-runtime-worker ThreadId(10) fenrir::services::scheduler::service: db ping failed error=invalid input: db-shell service is disabled
2025-12-02T14:10:57.137313Z  WARN tokio-runtime-worker ThreadId(10) fenrir::services::scheduler::service: db ping failed error=invalid input: db-shell service is disabled
2025-12-02T14:12:57.138221Z  WARN tokio-runtime-worker ThreadId(10) fenrir::services::scheduler::service: db ping failed error=invalid input: db-shell service is disabled
2025-12-02T14:14:57.139384Z  WARN tokio-runtime-worker ThreadId(10) fenrir::services::scheduler::service: db ping failed error=invalid input: db-shell service is disabled
2025-12-02T14:16:57.140976Z  WARN tokio-runtime-worker ThreadId(10) fenrir::services::scheduler::service: db ping failed error=invalid input: db-shell service is disabled
2025-12-02T14:18:57.179185Z  WARN tokio-runtime-worker ThreadId(10) fenrir::services::scheduler::service: db ping failed error=invalid input: db-shell service is disabled
2025-12-02T14:20:57.181693Z  WARN tokio-runtime-worker ThreadId(10) fenrir::services::scheduler::service: db ping failed error=invalid input: db-shell service is disabled
2025-12-02T14:22:57.183741Z  WARN tokio-runtime-worker ThreadId(10) fenrir::services::scheduler::service: db ping failed error=invalid input: db-shell service is disabled
2025-12-02T14:24:57.187370Z  WARN tokio-runtime-worker ThreadId(10) fenrir::services::scheduler::service: db ping failed error=invalid input: db-shell service is disabled
2025-12-02T14:26:57.189731Z  WARN tokio-runtime-worker ThreadId(10) fenrir::services::scheduler::service: db ping failed error=invalid input: db-shell service is disabled
2025-12-02T14:28:57.192530Z  WARN tokio-runtime-worker ThreadId(10) fenrir::services::scheduler::service: db ping failed error=invalid input: db-shell service is disabled
2025-12-02T14:30:57.194567Z  WARN tokio-runtime-worker ThreadId(10) fenrir::services::scheduler::service: db ping failed error=invalid input: db-shell service is disabled
2025-12-02T14:32:57.196300Z  WARN tokio-runtime-worker ThreadId(10) fenrir::services::scheduler::service: db ping failed error=invalid input: db-shell service is disabled
2025-12-02T14:34:57.198969Z  WARN tokio-runtime-worker ThreadId(10) fenrir::services::scheduler::service: db ping failed error=invalid input: db-shell service is disabled
2025-12-02T14:36:57.201248Z  WARN tokio-runtime-worker ThreadId(10) fenrir::services::scheduler::service: db ping failed error=invalid input: db-shell service is disabled
2025-12-02T14:38:57.203013Z  WARN tokio-runtime-worker ThreadId(10) fenrir::services::scheduler::service: db ping failed error=invalid input: db-shell service is disabled
2025-12-02T14:40:57.185690Z  WARN tokio-runtime-worker ThreadId(10) fenrir::services::scheduler::service: db ping failed error=invalid input: db-shell service is disabled
2025-12-02T14:42:57.187447Z  WARN tokio-runtime-worker ThreadId(10) fenrir::services::scheduler::service: db ping failed error=invalid input: db-shell service is disabled
2025-12-02T14:44:57.189766Z  WARN tokio-runtime-worker ThreadId(10) fenrir::services::scheduler::service: db ping failed error=invalid input: db-shell service is disabled
2025-12-02T14:46:57.191187Z  WARN tokio-runtime-worker ThreadId(10) fenrir::services::scheduler::service: db ping failed error=invalid input: db-shell service is disabled
2025-12-02T14:48:57.192859Z  WARN tokio-runtime-worker ThreadId(10) fenrir::services::scheduler::service: db ping failed error=invalid input: db-shell service is disabled
2025-12-02T14:50:57.195358Z  WARN tokio-runtime-worker ThreadId(10) fenrir::services::scheduler::service: db ping failed error=invalid input: db-shell service is disabled
2025-12-02T14:52:57.197499Z  WARN tokio-runtime-worker ThreadId(10) fenrir::services::scheduler::service: db ping failed error=invalid input: db-shell service is disabled
2025-12-02T14:54:57.199848Z  WARN tokio-runtime-worker ThreadId(10) fenrir::services::scheduler::service: db ping failed error=invalid input: db-shell service is disabled
2025-12-02T14:56:57.202248Z  WARN tokio-runtime-worker ThreadId(10) fenrir::services::scheduler::service: db ping failed error=invalid input: db-shell service is disabled
2025-12-02T15:13:18.872281Z  WARN tokio-runtime-worker ThreadId(10) fenrir::services::scheduler::service: db ping failed error=invalid input: db-shell service is disabled
2025-12-02T15:15:18.874579Z  WARN tokio-runtime-worker ThreadId(10) fenrir::services::scheduler::service: db ping failed error=invalid input: db-shell service is disabled
2025-12-02T15:17:18.876392Z  WARN tokio-runtime-worker ThreadId(10) fenrir::services::scheduler::service: db ping failed error=invalid input: db-shell service is disabled
2025-12-02T15:19:18.879119Z  WARN tokio-runtime-worker ThreadId(10) fenrir::services::scheduler::service: db ping failed error=invalid input: db-shell service is disabled
2025-12-02T15:21:18.881956Z  WARN tokio-runtime-worker ThreadId(10) fenrir::services::scheduler::service: db ping failed error=invalid input: db-shell service is disabled
2025-12-02T15:23:18.893602Z  WARN tokio-runtime-worker ThreadId(10) fenrir::services::scheduler::service: db ping failed error=invalid input: db-shell service is disabled
2025-12-02T15:25:18.898212Z  WARN tokio-runtime-worker ThreadId(10) fenrir::services::scheduler::service: db ping failed error=invalid input: db-shell service is disabled
2025-12-02T15:27:18.901883Z  WARN tokio-runtime-worker ThreadId(10) fenrir::services::scheduler::service: db ping failed error=invalid input: db-shell service is disabled
2025-12-02T15:29:18.905020Z  WARN tokio-runtime-worker ThreadId(10) fenrir::services::scheduler::service: db ping failed error=invalid input: db-shell service is disabled
2025-12-02T15:31:18.907239Z  WARN tokio-runtime-worker ThreadId(10) fenrir::services::scheduler::service: db ping failed error=invalid input: db-shell service is disabled
2025-12-02T15:33:18.909236Z  WARN tokio-runtime-worker ThreadId(10) fenrir::services::scheduler::service: db ping failed error=invalid input: db-shell service is disabled
2025-12-02T15:35:18.912684Z  WARN tokio-runtime-worker ThreadId(10) fenrir::services::scheduler::service: db ping failed error=invalid input: db-shell service is disabled
2025-12-02T15:37:18.915990Z  WARN tokio-runtime-worker ThreadId(10) fenrir::services::scheduler::service: db ping failed error=invalid input: db-shell service is disabled
2025-12-02T15:39:18.918774Z  WARN tokio-runtime-worker ThreadId(10) fenrir::services::scheduler::service: db ping failed error=invalid input: db-shell service is disabled
2025-12-02T15:41:18.922370Z  WARN tokio-runtime-worker ThreadId(10) fenrir::services::scheduler::service: db ping failed error=invalid input: db-shell service is disabled
2025-12-02T15:43:18.924632Z  WARN tokio-runtime-worker ThreadId(10) fenrir::services::scheduler::service: db ping failed error=invalid input: db-shell service is disabled
2025-12-02T15:45:18.928199Z  WARN tokio-runtime-worker ThreadId(10) fenrir::services::scheduler::service: db ping failed error=invalid input: db-shell service is disabled
2025-12-02T15:47:18.930239Z  WARN tokio-runtime-worker ThreadId(10) fenrir::services::scheduler::service: db ping failed error=invalid input: db-shell service is disabled
2025-12-02T15:49:18.933831Z  WARN tokio-runtime-worker ThreadId(10) fenrir::services::scheduler::service: db ping failed error=invalid input: db-shell service is disabled
2025-12-02T15:51:18.937464Z  WARN tokio-runtime-worker ThreadId(10) fenrir::services::scheduler::service: db ping failed error=invalid input: db-shell service is disabled
2025-12-02T15:53:18.940292Z  WARN tokio-runtime-worker ThreadId(10) fenrir::services::scheduler::service: db ping failed error=invalid input: db-shell service is disabled
2025-12-02T15:55:18.942838Z  WARN tokio-runtime-worker ThreadId(10) fenrir::services::scheduler::service: db ping failed error=invalid input: db-shell service is disabled
2025-12-02T15:57:18.945534Z  WARN tokio-runtime-worker ThreadId(10) fenrir::services::scheduler::service: db ping failed error=invalid input: db-shell service is disabled
2025-12-02T15:59:18.949937Z  WARN tokio-runtime-worker ThreadId(10) fenrir::services::scheduler::service: db ping failed error=invalid input: db-shell service is disabled
2025-12-02T16:01:18.952810Z  WARN tokio-runtime-worker ThreadId(10) fenrir::services::scheduler::service: db ping failed error=invalid input: db-shell service is disabled
2025-12-02T16:03:18.956955Z  WARN tokio-runtime-worker ThreadId(10) fenrir::services::scheduler::service: db ping failed error=invalid input: db-shell service is disabled
2025-12-02T16:05:18.960040Z  WARN tokio-runtime-worker ThreadId(10) fenrir::services::scheduler::service: db ping failed error=invalid input: db-shell service is disabled
2025-12-02T16:07:18.962826Z  WARN tokio-runtime-worker ThreadId(10) fenrir::services::scheduler::service: db ping failed error=invalid input: db-shell service is disabled
2025-12-02T16:39:20.074170Z  WARN tokio-runtime-worker ThreadId(10) fenrir::services::scheduler::service: db ping failed error=invalid input: db-shell service is disabled
2025-12-02T16:41:58.332451Z  WARN tokio-runtime-worker ThreadId(10) fenrir::services::scheduler::service: db ping failed error=invalid input: db-shell service is disabled
2025-12-02T17:59:01.567577Z  WARN tokio-runtime-worker ThreadId(10) fenrir::services::scheduler::service: db ping failed error=invalid input: db-shell service is disabled
2025-12-02T18:51:28.334283Z  WARN tokio-runtime-worker ThreadId(10) fenrir::services::scheduler::service: db ping failed error=invalid input: db-shell service is disabled
2025-12-02T18:53:28.335400Z  WARN tokio-runtime-worker ThreadId(10) fenrir::services::scheduler::service: db ping failed error=invalid input: db-shell service is disabled
2025-12-02T18:55:28.336989Z  WARN tokio-runtime-worker ThreadId(10) fenrir::services::scheduler::service: db ping failed error=invalid input: db-shell service is disabled
2025-12-02T18:57:28.338083Z  WARN tokio-runtime-worker ThreadId(10) fenrir::services::scheduler::service: db ping failed error=invalid input: db-shell service is disabled
2025-12-02T18:59:28.339471Z  WARN tokio-runtime-worker ThreadId(10) fenrir::services::scheduler::service: db ping failed error=invalid input: db-shell service is disabled
2025-12-02T19:01:28.341980Z  WARN tokio-runtime-worker ThreadId(10) fenrir::services::scheduler::service: db ping failed error=invalid input: db-shell service is disabled
2025-12-02T19:15:35.662278Z  WARN tokio-runtime-worker ThreadId(10) fenrir::services::scheduler::service: db ping failed error=invalid input: db-shell service is disabled
2025-12-02T19:17:35.664106Z  WARN tokio-runtime-worker ThreadId(10) fenrir::services::scheduler::service: db ping failed error=invalid input: db-shell service is disabled
2025-12-02T19:19:35.666653Z  WARN tokio-runtime-worker ThreadId(10) fenrir::services::scheduler::service: db ping failed error=invalid input: db-shell service is disabled
2025-12-02T19:21:35.669815Z  WARN tokio-runtime-worker ThreadId(10) fenrir::services::scheduler::service: db ping failed error=invalid input: db-shell service is disabled
2025-12-02T19:23:35.673805Z  WARN tokio-runtime-worker ThreadId(10) fenrir::services::scheduler::service: db ping failed error=invalid input: db-shell service is disabled
2025-12-02T19:25:35.677816Z  WARN tokio-runtime-worker ThreadId(10) fenrir::services::scheduler::service: db ping failed error=invalid input: db-shell service is disabled
2025-12-02T19:27:35.681749Z  WARN tokio-runtime-worker ThreadId(10) fenrir::services::scheduler::service: db ping failed error=invalid input: db-shell service is disabled
2025-12-02T19:29:35.686112Z  WARN tokio-runtime-worker ThreadId(10) fenrir::services::scheduler::service: db ping failed error=invalid input: db-shell service is disabled
2025-12-02T19:31:35.690379Z  WARN tokio-runtime-worker ThreadId(10) fenrir::services::scheduler::service: db ping failed error=invalid input: db-shell service is disabled
2025-12-02T19:33:35.701380Z  WARN tokio-runtime-worker ThreadId(10) fenrir::services::scheduler::service: db ping failed error=invalid input: db-shell service is disabled
2025-12-02T19:35:35.707721Z  WARN tokio-runtime-worker ThreadId(10) fenrir::services::scheduler::service: db ping failed error=invalid input: db-shell service is disabled
2025-12-02T19:37:35.711065Z  WARN tokio-runtime-worker ThreadId(10) fenrir::services::scheduler::service: db ping failed error=invalid input: db-shell service is disabled
2025-12-02T19:39:35.715000Z  WARN tokio-runtime-worker ThreadId(10) fenrir::services::scheduler::service: db ping failed error=invalid input: db-shell service is disabled
2025-12-02T19:41:35.718014Z  WARN tokio-runtime-worker ThreadId(10) fenrir::services::scheduler::service: db ping failed error=invalid input: db-shell service is disabled
2025-12-02T19:43:35.721034Z  WARN tokio-runtime-worker ThreadId(10) fenrir::services::scheduler::service: db ping failed error=invalid input: db-shell service is disabled
2025-12-02T19:45:35.724915Z  WARN tokio-runtime-worker ThreadId(10) fenrir::services::scheduler::service: db ping failed error=invalid input: db-shell service is disabled
2025-12-02T19:47:35.728791Z  WARN tokio-runtime-worker ThreadId(10) fenrir::services::scheduler::service: db ping failed error=invalid input: db-shell service is disabled
2025-12-02T19:49:35.732033Z  WARN tokio-runtime-worker ThreadId(10) fenrir::services::scheduler::service: db ping failed error=invalid input: db-shell service is disabled
2025-12-02T19:51:35.735591Z  WARN tokio-runtime-worker ThreadId(10) fenrir::services::scheduler::service: db ping failed error=invalid input: db-shell service is disabled
2025-12-02T19:53:35.739109Z  WARN tokio-runtime-worker ThreadId(10) fenrir::services::scheduler::service: db ping failed error=invalid input: db-shell service is disabled
2025-12-02T19:55:35.740363Z  WARN tokio-runtime-worker ThreadId(10) fenrir::services::scheduler::service: db ping failed error=invalid input: db-shell service is disabled
2025-12-02T19:57:35.743370Z  WARN tokio-runtime-worker ThreadId(10) fenrir::services::scheduler::service: db ping failed error=invalid input: db-shell service is disabled
2025-12-02T19:59:35.746619Z  WARN tokio-runtime-worker ThreadId(10) fenrir::services::scheduler::service: db ping failed error=invalid input: db-shell service is disabled
2025-12-02T20:01:35.749174Z  WARN tokio-runtime-worker ThreadId(10) fenrir::services::scheduler::service: db ping failed error=invalid input: db-shell service is disabled
2025-12-02T20:03:35.752542Z  WARN tokio-runtime-worker ThreadId(10) fenrir::services::scheduler::service: db ping failed error=invalid input: db-shell service is disabled
2025-12-02T20:05:35.756012Z  WARN tokio-runtime-worker ThreadId(10) fenrir::services::scheduler::service: db ping failed error=invalid input: db-shell service is disabled
